NTSB WPR16IA025, Attachment 1 to Cockpit Display – Recorded Flight Data - Specialist’s Factual Report,,,,,,,,,,,,
Operator: Private,,,,,,,,,,,,,
Vehicle ID/Registration: N999VX,,,,,,,,,,,,,
Source of Data: Cirrus SR22T, G1000 MFD SD Card,,,,,,,,,,,,
Date of Event: 11/7/2015,,,,,,,,,,,,,
Location: Paso Robles, California,,,,,,,,,,,,
DATA,,,,,,,,,,,,,
Time,AltGPS,AltMSL,E1 %Pwr,E1 MAP,GndSpd,IAS,Pitch,Roll,HDG,VSpd,LatAc,NormAc,E1 RPM
(PST),(ft wgs),(ft msl),(%),(Hg),(kt),(kt),(deg),(deg),(deg),(fpm),(G),(G),(rpm)
,NUMBER,NUMBER,NUMBER,NUMBER,NUMBER,NUMBER,NUMBER,NUMBER,NUMBER,NUMBER,NUMBER,NUMBER,NUMBER
11:39:03,,,0,,,0,,,,-16,,,
,,,0,,,0,,,,-16,,,
11:39:05,,,0,,,0,,,,-16,,,
11:39:06,,,0,29.86,,0,,,,-16,,,
11:39:07,,,0,29.86,,0,,,,-16,,,0
11:39:08,,,0,29.87,,0,,,,-16,,,0
11:39:09,,,0,29.87,,0,,,,-16,,,0
11:39:10,,,0,29.87,,0,,,,-16,,,0
11:39:11,,,0,29.87,,0,,,,-16,,,0
11:39:12,,,0,29.87,,0,,,,-16,,,0
11:39:14,,,0,29.87,,0,,,,-16,,,0
11:39:15,,,0,29.86,,0,,,,-16,,,0
11:39:17,,,0,29.87,,0,,,,-16,,,0
11:39:18,,,0,29.88,,0,,,,-16,,,0
11:39:19,,,0,29.97,,0,,,,-7.9,,,0
11:39:20,,,0,29.13,,0,,,,-12.4,,,195.8
11:39:21,,,0.14,25.83,,0,,,,-30.8,,,972.5
11:39:22,,,0.23,22.55,,0,,,,65.5,,,1430.2
11:39:23,,,0.28,16.51,,0,,,,235,,,1599.1
11:39:24,,,0.17,15.47,,0,,,,182.8,,,1323.8
11:39:25,,,0.14,15.41,,0,,,,26.4,,,1185.2
11:39:26,,,0.12,15.07,,0,,,,-59.9,,,1162
11:39:27,,,0.12,14.96,,0,,,,-61.2,,,1172
11:39:28,,,0.12,15,,0,,,,-34.6,,,1165.3
11:39:29,,,0.12,15.09,,0,,,,-19.5,,,1148.5
11:39:30,,,0.12,15.35,,0,,,,-21,,,1125.8
11:39:31,,,0.12,15.43,,0,,,,-20.6,,,1125
11:39:32,,,0.12,15.51,,0,,,,-22.1,,,1122.2
11:39:33,,,0.12,15.6,,0,,,,-17.8,,,1118.3
11:39:34,,,0.12,15.63,,0,,,,-21.1,,,1117.6
11:39:35,,,0.12,15.61,,0,,,,-15.9,,,1120.1
11:39:36,,,0.12,15.64,,0,,,,1,,,1116.4
11:39:37,,,0.12,15.8,,0,,,,-24.6,,,1103
11:39:38,,,0.12,15.73,,0,,,,-13.6,,,1110.3
11:39:39,,,0.12,15.7,,0,,,,-10.8,,,1113.7
11:39:40,,,0.12,15.51,,0,,,,-6.9,,,1134.1
11:39:41,,,0.12,15.65,,0,,,,-1,,,1120.9
11:39:42,,,0.12,15.6,,0,,,,4.4,,,1118.3
11:39:43,,,0.12,15.52,,0,,,,15.2,,,1121.6
11:39:44,,,0.12,15.29,,0,,,,23.1,,,1146.4
11:39:45,,,0.12,15.22,,0,,,,-5.4,,,1152.5
11:39:46,,,0.12,15.18,,0,,,,-14.1,,,1156.6
11:39:47,,,0.12,15.09,,0,3.22,-0.15,120.4,-11.8,0.01,0,1166.5
11:39:48,,,0.12,15.13,,0,3.21,-0.15,120.3,15.9,0.02,0,1166.8
11:39:49,,,0.12,15.07,,0,3.24,-0.14,120.2,8.3,0.02,0,1169.7
11:39:50,,,0.12,15.09,,0,3.22,-0.14,120.2,-13.8,0.01,0.02,1171.1
11:39:51,,,0.12,15.07,,0,3.23,-0.13,120.2,-28.5,0,-0.01,1172.4
11:39:52,,,0.12,15.1,,0,3.2,-0.13,120.2,-16.1,0,0,1172.6
11:39:53,,,0.12,15.06,,0,3.25,-0.15,120.1,-5.4,0,0,1174.7
11:39:54,,,0.12,15,,0,3.21,-0.16,120.1,5.6,0.01,0.01,1184.8
11:39:55,,,0.12,14.96,,0,3.26,-0.14,120.2,6.5,0.01,-0.01,1183.1
11:39:56,,,0.12,14.97,,0,3.24,-0.13,120.2,18.5,0,-0.01,1186.7
11:39:57,,,0.12,14.96,,0,3.23,-0.13,120.2,13.8,0,-0.01,1188.6
11:39:58,,,0.12,14.9,,0,3.24,-0.12,120.2,14.4,0.01,0,1191.8
11:39:59,,,0.12,14.9,,0,3.23,-0.12,120.1,-10.5,0,0,1191.3
11:40:00,,,0.12,14.92,,0,3.22,-0.15,120.1,-9.4,0.01,0.01,1188.4
11:40:01,,,0.12,14.96,,0,3.24,-0.15,120.1,-15.7,0.01,0,1184.1
11:40:02,,,0.12,14.98,,0,3.22,-0.12,120.1,-6.5,0.01,0,1180.1
11:40:03,,,0.12,14.99,,0,3.24,-0.12,120.1,-6.7,-0.01,-0.01,1181.7
11:40:04,,,0.12,15.02,,0,3.21,-0.11,120.1,-24.9,0.02,0,1183.7
11:40:05,,,0.12,14.93,,0,3.22,-0.11,120.2,-3.7,0,-0.02,1190.9
11:40:06,,,0.12,14.93,,0,3.2,-0.09,120.1,8.1,0.01,-0.01,1191.4
11:40:07,,,0.12,14.91,,0,3.22,-0.13,120.2,4.9,0.02,-0.01,1190.6
11:40:08,,,0.12,14.93,,0,3.21,-0.11,120.2,0.4,0,0,1190.4
11:40:09,,,0.12,14.86,,0,3.23,-0.13,120.2,-24.1,0.02,0,1197.2
11:40:10,,,0.12,14.76,,0,3.25,-0.13,120.1,4.3,0.01,0,1205.3
11:40:11,,,0.12,14.7,,0,3.23,-0.14,120.1,26.2,0.02,-0.01,1216
11:40:12,,,0.12,14.79,,0,3.23,-0.15,120.1,8.5,0.01,-0.01,1211.9
11:40:13,,,0.12,14.88,,0,3.21,-0.15,120.1,6.5,0.01,0,1209.6
11:40:14,,,0.13,14.91,,0,3.22,-0.15,120.1,3.5,0.02,0,1205.3
11:40:15,,,0.13,14.97,,0,3.2,-0.14,120.1,-7,0.01,0.01,1203.5
11:40:16,,,0.13,14.98,,0,3.21,-0.12,120.1,-10,0,0,1200.7
11:40:17,,,0.12,15.01,,0,3.21,-0.13,120.1,-12.9,0.02,0.01,1197.4
11:40:18,,,0.13,15.07,,0,3.22,-0.11,120.1,19.8,0,-0.01,1194
11:40:19,,,0.13,15.01,,0,3.2,-0.12,120.1,29,0.01,0,1202.8
11:40:22,291.1,407.5,0.13,14.98,2.4,0,3.23,-0.1,120.1,1.3,0,0.01,1206.2
,95.1,211.5,0.13,14.92,3.8,0,3.23,-0.11,120.1,-1.8,0.01,0,1211.1
11:40:23,134,250.4,0.13,14.95,3.8,0,3.22,-0.12,120.2,-6.4,0,-0.01,1207.5
11:40:24,141.2,257.6,0.13,14.93,3.7,0,3.23,-0.11,120.3,8.3,0,0,1208.2
11:40:25,131.3,247.7,0.13,14.92,3.7,0,3.19,-0.14,120.4,5.4,0,0,1208.5
11:40:26,134.8,251.2,0.13,14.9,2.9,0,3.22,-0.14,120.4,15.2,0.01,0,1211.5
11:40:27,130.6,247,0.13,14.93,0,0,3.2,-0.12,120.5,7,-0.01,-0.01,1215.4
11:40:28,125.6,242,0.13,14.89,0,0,3.21,-0.13,120.6,-2.1,0,0,1216.7
11:40:29,126.2,242.6,0.13,14.9,0,0,3.18,-0.12,120.5,0.5,0.02,0,1217.9
11:40:30,130.7,247.1,0.13,14.97,0,0,3.22,-0.11,120.6,-18.3,0,0,1215.3
11:40:31,126.5,242.9,0.13,14.94,0,0,3.2,-0.13,120.6,3.6,0.01,0,1217.7
11:40:32,9.8,126.2,0.13,14.9,0,0,3.2,-0.13,120.5,7.4,0,-0.01,1217.5
11:40:34,11.5,127.9,0.13,14.8,0,0,3.18,-0.11,120.5,-17.3,0.01,0,1228.9
11:40:35,12.7,129.1,0.13,14.81,0,0,3.2,-0.11,120.5,1.7,0.01,0,1232.2
11:40:36,13.9,130.3,0.13,14.84,0,0,3.13,-0.11,120.5,-10.2,0.01,0.01,1229.7
11:40:37,15.7,132.1,0.13,14.79,0,0,3.2,-0.1,120.5,-4.4,0,-0.01,1229.1
11:40:38,21.7,138.1,0.13,14.85,0,0,3.15,-0.09,120.5,-7.6,-0.01,0,1228
11:40:39,23.5,139.9,0.13,14.85,0,0,3.2,-0.13,120.5,-27.4,0.02,0,1233.3
11:40:40,22,138.4,0.13,14.81,0,0,3.21,-0.18,120.4,-2.2,0.01,0,1235
11:40:41,22.1,138.5,0.13,14.71,0,0,3.23,-0.21,120.5,-30.2,0,0,1243.3
11:40:42,24.2,140.6,0.13,14.71,0,0,3.24,-0.21,120.5,-47,0,0,1246.7
11:40:43,23.8,140.2,0.13,14.73,0,0,3.21,-0.2,120.6,-14.2,0,0,1246.6
11:40:44,23.5,139.9,0.13,14.68,0,0,3.24,-0.23,120.4,-3.2,0,0,1247.3
11:40:45,22.6,139,0.13,14.75,0,0,3.25,-0.27,120.5,4.2,0.01,0,1244.9
11:40:46,27.2,143.6,0.13,14.77,0,0,3.28,-0.27,120.5,1.3,0.01,0,1243.6
11:40:47,28,144.4,0.13,14.72,0,0,3.26,-0.26,120.6,-27.3,0,0,1250.3
11:40:48,28.6,145,0.13,14.76,0,0,3.26,-0.29,120.5,-4.2,0,-0.01,1244.4
11:40:49,29,145.4,0.13,14.78,0,0,3.26,-0.27,120.4,7.7,0,0,1245.3
11:40:50,19.4,135.8,0.13,14.8,0,0,3.28,-0.27,120.5,20,0,-0.01,1248.3
11:40:51,18.2,134.6,0.13,14.69,0,0,3.26,-0.27,120.5,-5.4,0.01,0.01,1252.7
11:40:52,17.3,133.7,0.13,14.69,0,0,3.3,-0.27,120.4,12.8,0.01,0,1253.4
11:40:53,18.6,135,0.13,14.71,0,0,3.27,-0.27,120.5,7.6,0.01,0,1255.4
11:40:54,18.1,134.5,0.13,14.74,0,0,3.27,-0.26,120.5,11.3,0,0.01,1253.8
11:40:55,18.1,134.5,0.13,14.74,0,0,3.31,-0.26,120.5,9.8,0,0,1251.5
11:40:56,15.9,132.3,0.13,14.77,0,0,3.3,-0.25,120.5,8.1,0.01,0,1245.8
11:40:58,14.9,131.3,0.13,14.81,0,0,3.27,-0.26,120.6,15.7,0.01,0,1245.4
11:40:59,14.7,131.1,0.13,14.81,0,0,3.27,-0.25,120.6,8,0.01,0,1246.6
11:41:00,14.1,130.5,0.13,14.81,0,0,3.26,-0.25,120.6,1.4,0,0,1247.5
11:41:01,14,130.4,0.13,14.81,0,0,3.26,-0.26,120.6,7.7,0,0,1246.1
11:41:02,13.7,130.1,0.13,14.85,0,0,3.25,-0.26,120.6,-4.6,0.01,0,1246.6
11:41:03,14.6,131,0.13,14.81,0,0,3.25,-0.25,120.5,-4.5,0.01,0,1247.3
11:41:04,13.1,129.5,0.13,14.79,0,0,3.26,-0.26,120.5,-15.3,0,-0.01,1248.1
11:41:05,12.6,129,0.13,14.8,0,0,3.23,-0.26,120.6,-5.2,0.01,0,1250.7
11:41:07,12.2,128.6,0.13,14.79,0,0,3.21,-0.24,120.5,20.2,0,-0.01,1253.6
11:41:08,11.7,128.1,0.13,14.7,0,0,3.23,-0.25,120.5,0.1,0.02,0,1258.7
11:41:10,7.7,124.1,0.13,14.72,0,0,3.25,-0.24,120.5,6,0.02,0,1259.9
11:41:11,8.2,124.6,0.13,14.72,0,0,3.24,-0.24,120.5,-10.2,0.01,-0.02,1260.1
11:41:12,8.4,124.8,0.13,14.74,0,0,3.24,-0.23,120.5,-26.5,0,0,1260.1
11:41:13,8.9,125.3,0.13,14.74,0,0,3.23,-0.23,120.5,-19.7,0,0,1261.2
11:41:14,9,125.4,0.13,14.77,0,0,3.26,-0.22,120.5,-13.1,0.01,-0.01,1258.3
11:41:15,8.6,125,0.13,14.78,0,0,3.24,-0.23,120.5,-1.2,0.01,-0.01,1259.5
11:41:16,7.8,124.2,0.13,14.76,0,0,3.25,-0.23,120.5,-11.4,0,-0.01,1263.1
11:41:17,7.9,124.3,0.13,14.81,0,0,3.23,-0.21,120.5,-7,0.01,-0.01,1258.1
11:41:18,8.1,124.5,0.13,14.83,0,0,3.23,-0.22,120.5,5.6,0.01,-0.01,1256.7
11:41:19,8.1,124.5,0.13,14.79,0,0,3.23,-0.25,120.5,-3.8,0,0,1257.4
11:41:20,8.1,124.5,0.13,14.49,0,0,3.26,-0.25,120.6,-3.5,0,0,1248.4
11:41:21,9,125.4,0.12,14.53,0,0,3.23,-0.24,120.6,-6.9,-0.01,0,1226
11:41:22,10.3,126.7,0.12,14.59,0,0,3.26,-0.26,120.5,1.2,0.02,0,1222.8
11:41:23,10.3,126.7,0.12,14.59,0,0,3.26,-0.24,120.6,0.9,0.01,0,1222.9
11:41:24,10.3,126.7,0.12,14.55,0,0,3.26,-0.24,120.6,2.4,0,0,1226.3
11:41:25,10.4,126.8,0.12,14.52,0,0,3.26,-0.24,120.6,0.3,0,-0.01,1227.8
11:41:26,10.4,126.8,0.12,14.49,0,0,3.3,-0.24,120.5,-3.5,0,-0.01,1228.9
11:41:28,8.3,124.7,0.16,19.06,0,0,3.32,-0.32,120.5,-3.6,0,0,1249
11:41:29,8.3,124.7,0.21,18.49,0,0,3.33,-0.2,120.4,50.4,0.02,0,1649.6
11:41:30,8.1,124.5,0.28,17.23,1.5,0,3.39,-0.11,123.3,171.7,0.04,-0.02,1787
11:41:31,8,124.4,0.28,17.07,2.6,0,3.34,-0.21,131.6,167.9,0.04,-0.01,1809.3
11:41:32,7.9,124.3,0.28,17.06,3.7,0,3.74,-0.31,143.9,112.9,0.04,-0.05,1811.6
11:41:33,8.7,125.1,0.28,17.04,5,0,3.93,-0.34,158.5,61.6,0.05,0.06,1815
11:41:34,10,126.4,0.27,15.97,6.1,0,3.74,-0.53,169.7,49.3,0.08,0.04,1766.1
11:41:35,10.4,126.8,0.24,16.1,7,0,3.46,-0.66,182.9,17.3,0.12,0.02,1726.2
11:41:36,10.6,127,0.24,16.11,7.8,0,3.77,-0.8,196,2.5,0.12,-0.02,1724.3
11:41:37,10.8,127.2,0.24,16.07,9.2,0,3.75,-0.75,204.9,30.2,0.07,0.01,1729.4
11:41:38,10.9,127.4,0.24,16.03,10.3,11.3,3.97,-0.9,213,30.2,0.08,0,1731.6
11:41:39,10.3,126.7,0.24,16.01,11.3,21.7,4.09,-0.94,215.3,0,0.02,0,1736.7
11:41:40,9,125.4,0.24,15.99,12.5,21.2,4.1,-0.57,215.2,-42.8,0.02,-0.03,1740.5
11:41:41,9.1,125.5,0.25,15.98,13.5,22.4,3.78,-0.54,212.8,-13.8,-0.07,-0.02,1742.4
11:41:42,9.2,125.6,0.25,15.95,14.1,23.4,3.75,-0.31,213.8,16.4,0.04,-0.02,1744.7
11:41:43,9.2,125.6,0.25,15.86,14.7,23.8,3.71,-0.11,214.2,36.3,0,0.01,1747.5
11:41:44,9.3,125.7,0.21,14.83,15.1,22.2,3.77,-0.45,216.7,-22,0.04,-0.01,1647.9
11:41:45,10.2,126.6,0.2,15.1,15.1,15.4,3.79,-0.81,218.9,-86.1,0.04,0.03,1609.4
11:41:46,12,128.4,0.2,15.09,15,-0.1,3.89,-0.63,224,-68.2,0.1,-0.04,1608
11:41:47,12,128.4,0.2,15.15,15,0,3.77,-0.74,228.3,-34.7,0.1,0.05,1607.2
11:41:48,12.3,128.8,0.2,15.12,14.7,0,3.53,-0.51,237,6,0.15,0,1606.9
11:41:49,12.6,129,0.2,15.16,14.1,0,3.92,-0.86,245.1,22.8,0.05,0.03,1603.4
11:41:50,13,129.4,0.2,15.15,13.6,0,3.36,-0.78,251.4,1.8,0.15,-0.03,1606.4
11:41:51,12.6,129,0.2,15.15,13,0,3.93,-0.97,258.5,5.7,0.06,-0.03,1608.7
11:41:52,10.8,127.2,0.2,15.11,12.4,0,4,-0.97,262.1,-36.3,0.09,0.01,1608.6
11:41:53,10.8,127.2,0.2,15.16,11.8,0,2.7,-0.11,272,-34.7,0.15,-0.02,1600.6
11:41:54,10.7,127.1,0.2,15.2,10.9,0,1.3,-0.46,291,-35.2,0.23,0,1596.3
11:41:55,10.8,127.2,0.2,15.31,9.7,0,2.88,-0.33,316.2,-25.7,0.22,-0.01,1588.1
11:41:56,10.8,127.2,0.2,15.32,9,0,3.08,-0.83,341.2,32.7,0.2,-0.01,1587.6
11:41:57,11.4,127.8,0.2,15.29,9.1,0,4.19,-0.65,5.5,106.3,0.22,0.04,1591.9
11:41:58,13.2,129.6,0.21,15.5,9.8,0,4.72,0.01,21.5,116.1,0.09,-0.02,1612.8
11:41:59,13.6,130,0.21,15.35,10.6,0,4.66,0.76,27.8,79.1,-0.01,-0.04,1630.3
11:42:00,14,130.5,0.21,15.42,11.4,0,4.43,0.69,30.3,42.1,0.03,0.05,1641.5
11:42:01,14.5,130.9,0.21,15.28,12.3,0,4.75,1.05,30.7,26.6,-0.02,-0.01,1653.5
11:42:03,15.1,131.5,0.23,15.96,13.1,20,3.54,0.92,31.7,11.3,0.03,0.01,1691.8
11:42:04,13.6,130,0.24,15.79,15.1,23.6,4.33,0.87,30.8,38.4,-0.04,0.04,1737.7
11:42:05,14.1,130.5,0.24,15.73,16.1,24,4.22,0.69,30.1,16.4,-0.03,-0.01,1742.9
11:42:06,14.3,130.7,0.24,15.73,17,24.7,4.17,0.58,31.6,15.2,-0.02,-0.02,1746.2
11:42:08,14.8,131.2,0.24,15.71,18.5,24.6,4.06,0.31,32.3,8.2,0.01,0.09,1747
11:42:09,15.9,132.4,0.24,15.65,19.2,25.4,4.24,0.58,31.4,30,0,0.04,1752.2
11:42:11,17.9,134.4,0.24,15.66,20.3,26,3.96,0.83,31.7,-3.3,-0.03,0.03,1756
11:42:12,18.5,134.9,0.24,15.62,20.7,25.9,3.9,0.75,32.5,13,0.01,0.05,1757.4
11:42:14,19.8,136.2,0.24,15.62,21.5,27.4,4.03,1.14,32.4,36.6,0.02,0.04,1760.1
11:42:15,18.8,135.2,0.24,15.65,21.7,26.6,3.91,0.98,31.7,17.3,-0.02,-0.04,1758.1
11:42:16,19.2,135.6,0.24,15.61,22,27.6,3.75,0.66,32.8,28.1,0.03,-0.02,1760.1
11:42:17,19.6,136,0.24,15.61,22.3,27.6,3.82,0.99,32.3,36.8,0.01,-0.01,1763.7
11:42:18,19.6,136,0.24,15.61,22.4,27.1,4.34,1.23,32.2,27.9,-0.02,0.01,1762.8
11:42:19,20.2,136.6,0.24,15.63,22.6,27.1,4.06,1.44,31.3,23.8,-0.03,-0.01,1761.4
11:42:21,21.4,137.8,0.24,15.67,23,26.4,3.81,0.51,32.2,25.6,0,-0.07,1761.6
11:42:22,21.9,138.3,0.24,15.63,23.3,26.4,3.71,1.13,31.8,26.2,-0.03,0.02,1762.4
11:42:23,22.6,139,0.24,15.67,23.5,25.7,3.93,0.67,31.7,1.9,0.08,-0.09,1762.7
11:42:24,23.1,139.5,0.24,15.62,23.5,27.7,3.72,0.85,31.9,20.5,0,0.05,1762.9
11:42:25,23.7,140.1,0.23,12.24,23.5,26.1,3.64,0.98,30.8,21.5,-0.04,-0.03,1623.4
11:42:26,25,141.4,0.12,13.29,23.1,22.5,4,0.57,31.4,-65.3,0.02,0.03,1333.4
11:42:27,25.4,141.8,0.12,13.77,22.8,21.5,3.88,1.16,32.7,-119.7,-0.01,-0.02,1290.4
11:42:29,25.9,142.3,0.12,13.83,22.5,21.4,4.24,0.83,32.2,-72.2,-0.02,0,1283.3
11:42:30,26.6,143,0.12,13.82,22.6,21.2,4.12,1.16,31.6,21.5,-0.04,0.07,1284.3
11:42:31,27.1,143.5,0.12,13.85,22.7,22.2,4.42,1.11,32.1,26.2,0,-0.02,1282.4
11:42:32,27.6,144,0.12,13.83,22.8,20.6,4.06,1.07,32.5,31.6,-0.03,0.02,1284.7
11:42:33,28.1,144.5,0.12,13.83,23,21.2,4.01,0.8,32.1,31.2,-0.02,-0.01,1285.1
11:42:34,27.7,144.1,0.12,13.83,23.2,22.3,4.28,0.79,32.1,45.8,-0.03,0.01,1287.3
11:42:35,28.5,144.9,0.12,13.79,23.3,21.2,4.47,1.08,31.6,47.8,0.01,-0.01,1288.4
11:42:36,28.8,145.2,0.12,13.78,23.4,22.3,4.32,1.18,32.3,21.1,-0.04,-0.11,1291.8
11:42:37,28.8,145.2,0.12,13.73,23.4,25.1,3.89,0.93,32.4,1,0,0.06,1292.3
11:42:38,29.1,145.5,0.12,13.72,23.3,23.5,3.59,1.03,32.3,0,0,-0.01,1289.6
11:42:39,28.8,145.2,0.1,12.71,23,22.8,4.16,0.56,33.1,9.3,0.01,0.02,1197.5
11:42:40,29.5,145.9,0.08,12.91,22.6,21.2,4.36,0.94,32.7,-9.8,-0.06,0.02,1101.9
11:42:41,30,146.5,0.08,13,22.2,20.4,4.54,1.04,32.1,-15.8,-0.04,-0.02,1095.8
11:42:42,30.4,146.8,0.08,12.97,22,21.8,4.38,1.07,32.3,-0.2,0,0,1090.8
11:42:43,30.8,147.2,0.08,13,21.8,20.3,4.02,1.21,33.2,0.1,-0.03,0.01,1085.9
11:42:44,31.1,147.5,0.08,13.07,21.7,-0.8,4,0.92,32.5,10.7,0,0.04,1084.6
11:42:45,32.3,148.7,0.08,13.06,21.5,0,4.43,1.21,31.5,5.3,-0.01,0,1086.6
11:42:46,32.8,149.2,0.08,13.02,21.2,0,4.14,1.64,31.2,26,-0.04,-0.05,1087.4
11:42:47,33.2,149.6,0.08,13.03,20.9,0,4.1,1.37,32,31.7,0.01,-0.04,1083.7
11:42:48,33.7,150.1,0.08,13.08,20.8,0,3.87,1.08,32.1,17.3,0,-0.03,1082.2
11:42:49,34,150.4,0.08,13.03,20.6,0,4.23,0.77,31.9,14.5,0,0.02,1084.3
11:42:50,34.3,150.7,0.08,13.04,20.5,0,4.35,0.76,31.8,15,0.01,0,1083.4
11:42:51,34.1,150.5,0.08,13.33,20.2,0,4.56,1.19,33.7,21.9,0.02,-0.07,1089.6
11:42:52,35.4,151.8,0.11,14.85,20.1,0,4.78,1.48,34,41.2,-0.06,-0.14,1263.5
11:42:53,35.8,152.2,0.13,14.13,20.2,0,4.35,1.31,32.3,97.4,-0.05,-0.03,1334.1
11:42:54,36.6,153,0.13,14,20.4,0,4.2,1.2,30.6,84.5,-0.02,-0.01,1345.7
11:42:55,37.2,153.6,0.13,13.91,20.4,0,4.36,1.11,32.1,52.4,0,0.01,1350
11:42:57,38.7,155.1,0.13,13.94,20.9,0,3.81,0.56,32.7,16.5,-0.02,0.02,1351.4
11:42:58,37.7,154,0.13,13.96,21.1,0,4.64,0.98,32,26.8,-0.05,0.01,1348.8
11:43:00,38.3,154.6,0.13,13.94,21.4,0,4.32,1.47,31.7,47.2,-0.02,0.03,1349.5
11:43:01,39,155.3,0.13,13.98,21.6,0,4.33,1.02,31.3,80.7,-0.07,-0.03,1347
11:43:02,39.4,155.7,0.13,13.94,21.3,1.3,4.12,0.98,32,74.9,0.04,-0.02,1352
11:43:03,39,155.3,0.13,13.97,20.3,23.6,4.39,1.16,33.4,22.3,-0.01,-0.03,1353.3
11:43:04,41.4,157.7,0.13,13.93,19,24.2,3.97,0.78,33.7,22.1,0,0.01,1354.9
11:43:05,41.8,158.1,0.16,20.26,17.7,21.5,4.09,0.87,31.7,6,-0.06,-0.01,1541.9
11:43:06,42.4,158.7,0.3,18.82,16.9,27.1,2.58,0.82,33.1,158.5,0.01,0.01,1964.7
11:43:07,42.8,159.1,0.36,17.42,16.1,28,2.68,0.65,32.8,270,-0.06,0,2017.6
11:43:08,43.3,159.6,0.3,15.99,15.5,27,3.15,0.64,32.2,182.9,0.02,-0.03,1910.8
11:43:09,44.3,160.6,0.26,15.82,15.1,24.5,2.88,0.52,32.4,38.2,-0.01,0.07,1828.4
11:43:10,42.8,159.2,0.25,15.01,14.5,23.7,3.08,0.83,31.4,-26.1,-0.04,0.02,1761.1
11:43:11,43,159.3,0.22,15.24,13.8,22.2,3.33,0.88,31.5,-29.9,-0.02,-0.03,1697.5
11:43:12,43.3,159.6,0.22,15.39,13.3,22.6,3.24,0.8,32.2,-6.3,-0.01,-0.03,1687.5
11:43:13,43.6,159.9,0.22,15.86,12.9,22.6,3.26,0.86,33.6,23.2,-0.01,-0.04,1635
11:43:14,43.9,160.2,0.22,15.98,12.5,21.8,3.93,0.87,32.4,-7.6,-0.06,-0.03,1627.1
11:43:15,43.3,159.7,0.22,15.6,12.4,21.5,4.25,0.8,31.8,3.8,-0.03,-0.06,1673.9
11:43:16,44.2,160.5,0.22,15.41,12.7,22.2,4,0.86,31.9,41.6,-0.01,-0.02,1690.4
11:43:17,44.6,160.9,0.22,15.69,12.8,22.7,4.04,0.89,31.8,50.7,-0.02,-0.03,1653.8
11:43:18,44.8,161.1,0.22,15.9,12.7,21.6,4.04,0.8,32.2,6.6,-0.01,0.04,1635.5
11:43:19,45,161.4,0.22,15.89,12.6,21.7,3.83,1.14,32.4,10.3,-0.03,0,1645.5
11:43:20,45.2,161.5,0.22,15.39,12.5,22.3,3.77,1.05,32.7,38.2,-0.02,-0.01,1679.9
11:43:21,46.2,162.6,0.21,15.12,12.4,22.4,4.02,0.81,32.8,49.4,0.03,0.02,1662.1
11:43:22,46.4,162.8,0.21,15.22,12.3,21.9,4.05,1.01,33,21.5,-0.03,-0.03,1656
11:43:23,46.5,162.9,0.27,17.35,12.2,22.8,3.96,0.77,33.1,30.4,0.01,0.04,1818.7
11:43:24,47,163.3,0.3,17.01,12.8,23.9,3.69,0.78,34.5,97.8,0,0.01,1887.2
11:43:25,47,163.3,0.3,16.9,13.7,24.5,4.15,1.07,32.5,70.3,-0.03,-0.05,1900.8
11:43:26,47.3,163.7,0.3,16.91,15,25.5,4.26,0.97,33.2,17.7,-0.04,0,1904.5
11:43:27,46.9,163.2,0.3,16.93,16,25.2,4.09,1.15,32.1,-25.5,-0.03,-0.05,1907.9
11:43:28,46.8,163.2,0.3,16.9,16.8,25.9,4.12,0.99,32,-3.2,-0.01,-0.03,1910.7
11:43:29,47.3,163.7,0.3,15.84,17.3,25.7,4.15,0.76,31.5,3.3,-0.02,-0.01,1876.8
11:43:30,47.6,163.9,0.25,15.78,17.7,25.4,3.81,0.9,32.3,-9.3,0,0.02,1807.1
11:43:31,47.9,164.2,0.25,15.83,18.1,26,4.12,0.77,32.2,-24.1,0,0.03,1798.3
11:43:32,48.2,164.5,0.25,15.81,19.1,26.1,3.78,0.86,32.1,-31.5,-0.01,0.04,1798
11:43:33,49.2,165.6,0.25,15.75,19.6,27.5,4.21,0.8,32.7,6.8,0,-0.01,1801.5
11:43:34,50.6,166.9,0.25,15.82,19.8,28.1,4.05,0.94,32,12,-0.03,0.05,1801.7
11:43:36,51.2,167.5,0.25,15.83,19.9,27.2,3.9,1.01,32,15.9,-0.01,0,1801.7
11:43:37,52,168.3,0.25,15.85,20,26.5,4.27,0.67,32.2,8,0.02,0,1800.4
11:43:38,52.6,168.9,0.25,15.86,20,26,3.05,1.19,32.4,30.6,-0.04,0.06,1798.9
11:43:39,52.1,168.4,0.15,12.53,19.8,26.2,3.12,0.69,31.7,9,-0.01,-0.04,1482.2
11:43:40,51.6,167.9,0.13,13.71,19,20.9,3.86,0.75,31.3,-123.7,-0.03,-0.02,1350.4
11:43:41,51.9,168.2,0.13,13.89,18.4,1.9,3.72,1.11,30.4,-134.3,-0.04,0.02,1337.2
11:43:42,52.1,168.5,0.13,13.87,17.7,0.1,3.98,1.15,32.5,-62.9,0.01,0.02,1335.8
11:43:44,52.4,168.7,0.13,13.91,16,0,3.56,0.97,32.9,-12.5,0.01,0.03,1326.7
11:43:45,53.2,169.5,0.13,13.95,14.9,0,4.06,1.47,33.8,16,-0.01,0.01,1324.9
11:43:46,54.5,170.8,0.13,13.94,13.7,0,3.86,1.02,35.2,16.5,-0.05,-0.1,1323.4
11:43:47,54.7,171.1,0.13,13.97,12.3,0,4.44,0.71,30.2,22.4,-0.06,-0.05,1319.8
11:43:48,55,171.4,0.13,13.92,11.7,0,3.66,0.68,22.5,52.5,-0.19,0.02,1319.1
11:43:49,55.4,171.8,0.13,13.98,10.7,0,3.82,0.41,10.2,23.5,-0.07,0.04,1318.8
11:43:50,55.7,172,0.13,13.99,9.8,0,4.01,0.45,3.1,42.4,-0.03,0,1316.2
11:43:51,55.2,171.5,0.13,14,8.9,0,4.66,0.09,357,16.3,-0.07,0,1314.7
11:43:52,53.5,169.8,0.13,13.96,7.8,0,4.86,0.09,346.2,-6.4,-0.04,-0.07,1313.8
11:43:53,53.9,170.2,0.13,14.01,6.9,0,4.84,0.22,344.9,26.1,0.03,0.02,1311.7
11:43:54,53.8,170.1,0.13,14.04,6.1,0,4.1,-0.1,345.1,28.8,-0.01,0.01,1308.1
11:43:55,53.8,170.1,0.13,14.05,5.1,0,3.88,-0.07,344.8,30.2,0,0.01,1307
11:43:56,53.8,170.2,0.13,14.08,3.3,0,3.32,-0.07,344.4,9.7,0,-0.01,1305
11:43:57,54.4,170.7,0.13,14.15,1.6,0,3.38,-0.15,344.3,-13.1,0,0.01,1302
11:43:58,54.7,171,0.13,15.79,1,0,4.46,-0.29,343.9,3.2,0,-0.04,1325.2
11:43:59,54.8,171,0.2,19.34,1.8,0,4.61,-0.18,343.7,63.4,0,-0.04,1727.6
11:44:00,54.9,171.1,0.35,20.78,3.6,1.3,4.48,0.05,342.8,220.1,0.01,-0.02,2080.2
11:44:01,55,171.3,0.47,21.08,6.2,25.9,4.44,0.43,341.2,352.3,0.01,-0.05,2209
11:44:02,55.3,171.6,0.5,21.04,8.8,26.1,4.81,-0.02,340.7,298,-0.02,-0.03,2262
11:44:03,55.2,171.5,0.51,20.99,11.3,27.6,4.43,0.16,340.7,214.3,-0.03,-0.03,2274.7
11:44:04,56,172.2,0.51,20.95,13.2,28.8,4.12,-0.31,332.8,168.3,-0.21,-0.13,2287.1
11:44:05,56.1,172.4,0.51,20.94,14,29.8,4.59,-0.79,315.3,136.9,-0.19,0.01,2285.6
11:44:06,56.7,173,0.51,20.97,14.5,28.9,4.27,-1.35,293,60.4,-0.28,-0.05,2290.7
11:44:07,56.6,172.8,0.51,21.76,15,31.6,3.39,-0.76,269.5,92.3,-0.32,-0.04,2310.8
11:44:08,56.3,172.6,0.57,22.2,16.4,31.7,3.26,-0.34,247,99,-0.32,-0.01,2376.9
11:44:09,56.8,173.1,0.61,24.93,18.8,32.7,3.12,-0.37,232.8,53.7,-0.22,-0.12,2485.7
11:44:10,56.6,172.8,0.85,31.55,22.4,36.7,3.16,-0.46,218.8,115,-0.25,-0.11,2521
11:44:11,56.6,172.9,1.09,35.83,26.5,39.5,2.89,-0.02,210.6,153.9,-0.09,0.04,2509.5
11:44:12,56.1,172.4,1.09,35.88,31.2,42.7,2.77,0.15,211.4,146.4,0.06,-0.01,2510.9
11:44:13,55.7,172,1.08,35.91,36,43.6,2.74,0.05,210.8,-6.6,-0.05,-0.11,2513.5
11:44:14,55,171.3,1.07,35.92,40.6,48.6,2.64,-0.07,211,-154.8,-0.01,-0.03,2513.8
11:44:15,53.7,170,1.07,35.94,45.1,50.7,2.44,-0.43,212.2,-251.2,0.04,-0.02,2512.4
11:44:16,52.5,168.8,1.06,35.97,49.4,52.5,2.5,-0.33,211.6,-308,-0.06,0.05,2513
11:44:17,51.1,167.4,1.06,35.98,53.6,55.9,1.98,-0.85,211.9,-288.4,0.04,0.01,2510.6
11:44:18,49.9,166.1,1.06,36,57.7,58.8,2.1,-0.66,212.8,-259.2,0.05,0.04,2509.5
11:44:19,48.5,164.7,1.05,36.03,61.7,60.6,2.22,-0.79,212.7,-232.4,0.01,-0.12,2511.2
11:44:20,47,163.3,1.05,36.04,65.6,64.7,1.72,-1,212.9,-204.6,0.03,0,2513.7
11:44:21,46.3,162.5,1.05,36.08,69.3,67.8,1.63,-0.89,213.5,-185.4,0,0.04,2511.7
11:44:22,45,161.3,1.05,36.05,72.9,68.9,1.55,-0.89,213.5,-176.5,0.03,0.06,2509.8
11:44:23,43.7,159.9,1.05,36.11,76.3,73.2,1.54,-0.94,214.4,-243.8,0.04,-0.01,2510.1
11:44:24,42,158.3,1.04,36.13,79.7,76,1.11,-0.97,213.6,-269.7,0.02,0.08,2510.7
11:44:25,40.5,156.7,1.04,36.14,82.9,79.1,1.69,-0.91,213.5,-268.8,0.01,-0.05,2512.4
11:44:26,40.7,157,1.04,36.09,85.7,82.6,8.29,-1.33,215.4,-319.1,0,0.26,2510.6
11:44:27,47.4,163.6,1.04,36.17,87.9,87.5,3.63,-2.44,215,-78.9,0,-0.14,2511.6
11:44:28,49.5,165.8,1.04,36.13,89.6,89.3,6.88,0.16,213.3,150.9,-0.04,0.27,2511.1
11:44:29,59.5,175.7,1.03,36.16,90.9,91.5,8.72,-0.81,212.2,319.2,-0.02,0.14,2506.1
11:44:30,74.1,190.4,1.04,36.12,91.7,91.4,3.15,2.1,211,446.7,-0.04,-0.34,2512.5
11:44:31,79.5,195.8,1.03,36.14,93.3,92.8,2.32,3.58,213.5,540.8,-0.01,-0.03,2514.6
11:44:32,83.1,199.3,1.03,36.23,95.2,96.3,4.64,1.51,215.2,484.6,0.02,0.12,2512.1
11:44:33,91.8,208,1.03,36.2,96.5,95.6,6.93,-2.07,208.2,419.3,-0.09,0.14,2509
11:44:34,106.7,223,1.03,36.1,97.3,98.5,5.23,2.44,208.9,751.5,-0.08,-0.03,2509.5
11:44:35,119.8,236,1.03,36.21,98.1,98.9,6.45,1.37,211.7,874.3,-0.01,0.2,2509.8
11:44:36,134.8,251.1,1.03,36.28,98.9,97.3,4.12,-1.05,210.5,390.8,0,-0.22,2509.2
11:44:37,144,260.3,1.03,36.26,100,100.7,3.43,2.1,210.1,342.2,-0.02,-0.14,2505.2
11:44:38,150.2,266.4,1.03,36.2,101.3,100.8,3.08,1.92,210.8,457.8,-0.02,0.01,2509.2
11:44:39,156.8,273,1.03,36.23,102.8,100.4,2.49,0.18,211.2,451.9,-0.01,-0.17,2509.5
11:44:40,159.5,275.8,1.03,36.26,104.3,101.1,2.94,-2.32,210.8,355.1,-0.02,0.01,2508.8
11:44:41,166.7,283,1.03,36.25,106,102.7,3.36,-9.78,210,314.6,-0.02,0.21,2508.8
11:44:43,186.6,302.9,1.03,36.32,107.9,107.5,4.33,-12.81,206.7,372.6,0,0.05,2511.9
11:44:44,199.4,315.7,1.03,36.3,108.3,108.1,7.1,-7.53,204.2,465.2,-0.01,0.38,2509.6
11:44:45,222.3,338.6,1.03,36.23,108.1,106.3,7.39,-3.9,203.1,631.5,0,-0.02,2511.5
11:44:46,244.4,360.6,1.03,36.27,107.8,107.4,6.91,0.43,202.5,875.1,-0.01,0.01,2511.2
11:44:47,264.4,380.7,1.03,36.26,107.4,107.4,7.84,2.24,203.2,997,0.04,0.11,2509.2
11:44:48,286.8,403,1.03,36.17,106.8,105.5,8.38,0.67,203.2,1050.2,0,-0.05,2511.1
11:44:49,309.8,425.6,1.02,36.15,106.1,103.8,8.79,-0.8,203.3,1137.9,0.01,0.14,2508.6
11:44:50,332.9,449.1,1.02,36.12,105.2,105.4,9.23,0.68,202.9,1189.9,0,0.03,2509.3
11:44:51,358.5,474.7,1.02,36.13,104.3,104.5,9.38,-0.82,203.7,1326.7,0,0,2507.8
11:44:52,381.9,498.1,1.02,36.1,103.4,102.8,9.69,-0.02,203.9,1409.4,0.01,-0.06,2508
11:44:53,405.1,521.4,1.02,36.02,102.8,102.4,10.94,-0.59,203.6,1479.5,-0.01,-0.04,2506.9
11:44:54,427.6,543.8,1.02,36.01,102.4,102.6,9.72,-0.94,203.9,1525.6,0,-0.25,2510.1
11:44:55,444.3,560.5,1.02,35.99,102.7,102.5,10.51,0.09,204.1,1513.4,-0.01,0.09,2512.2
11:44:56,462.7,578.9,1.02,36,103,104.6,8.69,-2.13,203.9,1453,0.01,-0.04,2512.2
11:44:57,481.4,597.7,1.02,36.06,103.4,105,9.06,-3.5,202.8,1329.8,0.01,0.08,2505.4
11:44:58,502.8,619.3,1.02,35.99,104.2,102.7,8.87,-0.18,201.8,1232.3,0.01,-0.06,2510.5
11:44:59,520.9,637.4,1.02,36,104.8,103.4,9.76,8.39,200.8,1148.8,-0.07,0.05,2505.2
11:45:00,540.2,656.8,1.02,35.95,105.4,103.9,9.09,10.39,202.9,1134.8,-0.03,0.06,2508.4
11:45:01,561.8,678.4,1.02,36.01,105.9,105.7,9.24,13.82,205.3,1067.4,-0.02,0.05,2509.4
11:45:02,583.5,700.1,1.02,36.06,106.3,106.3,9.65,15.49,208.6,1019.3,-0.01,0.1,2507.5
11:45:03,604.8,721.3,1.02,36.03,106.3,107,11.36,13.95,211.4,1105.6,-0.01,0.17,2507.9
11:45:04,628.1,744.7,1.02,36.01,105.9,105.3,12.36,17.74,214.1,1271.9,-0.03,0.18,2507
11:45:05,657.2,773.8,1.02,36.04,105.1,107.5,12.71,21.1,217.4,1365.6,-0.04,0.08,2508.6
11:45:06,687.3,803.8,1.02,36.04,104.3,106.7,11.47,19.19,221.8,1398.9,-0.01,-0.05,2509.1
11:45:07,716.2,832.7,1.02,36.04,103.9,106.4,11.18,14.91,225.8,1533.3,0,-0.01,2507.9
11:45:08,742.3,858.8,1.02,36,103.6,105.6,11.13,8.47,228.3,1705.1,0.02,-0.1,2508.7
11:45:09,767.2,883.3,1.02,35.98,103.4,104.3,11.74,4.16,229.3,1749.1,0.01,0,2508.5
11:45:10,794.5,911,1.02,35.97,103,104.7,11.39,2.85,228.7,1698.4,-0.02,-0.1,2508
11:45:11,816.7,933.3,1.02,35.95,103,102.1,9.68,2.32,228.4,1541.7,-0.01,-0.2,2509.9
11:45:12,833,949.6,1.02,35.87,103.3,102.6,11.15,4.75,227.9,1392.7,-0.04,0.07,2508.5
11:45:13,851.8,968.4,1.02,35.93,103.5,102.8,9.03,6.8,228.8,1240,-0.02,-0.12,2511.4
11:45:14,866.9,983.5,1.02,36,104.1,103.2,8.01,3.34,230.5,1072.5,0,-0.07,2511
11:45:15,879.7,996.3,1.02,35.98,105,104,8.13,-0.82,230.8,1039.1,-0.01,-0.03,2509.9
11:45:16,890.4,1007,1.02,35.98,105.9,103.8,6.78,-3.3,230.8,955,0.01,-0.14,2509.3
11:45:17,897.9,1014.3,1.02,36,107.2,103.6,5.7,-1.56,230.2,751.5,-0.02,-0.09,2509.9
11:45:19,903.1,1019.7,1.02,35.99,109,106.1,4.94,1.01,230.3,582.1,-0.02,-0.06,2509.9
11:45:20,907,1023.6,1.02,36.02,112.1,107.6,4.7,9.07,231.7,302,-0.03,0.04,2510.7
11:45:21,908.5,1025,1.03,36.08,113.9,109.3,3.59,9.55,233.8,166.5,0.01,-0.06,2512.3
11:45:22,910,1026.5,1.03,36.09,115.7,111.2,3.21,7.08,235.5,109.6,0.03,0.04,2513.2
11:45:23,910.1,1026.6,1.03,36.11,117.5,112.9,3,7.53,237,84.8,0.01,-0.05,2512.9
11:45:24,910.2,1026.7,1.03,36.14,119.3,115.1,3.87,9.04,238.2,36,0,0.11,2513.1
11:45:25,913.5,1030,1.03,36.2,120.9,115.6,3.65,9.51,239.6,37.6,0.01,0.04,2511.8
11:45:26,917.5,1034.1,1.03,36.21,122.4,117.5,3.87,10.51,241.5,-22.6,0.01,0.06,2513
11:45:27,923.6,1040.2,1.03,36.21,123.7,118.5,4.42,11.51,243.1,57.5,0.01,0.11,2512.9
11:45:28,931.2,1047.7,1.03,36.22,124.9,119.5,4.53,11.63,245.5,137.2,0.01,0.06,2513
11:45:30,951.7,1068.2,1.03,36.23,126.6,121.3,5.44,14.48,249.6,335.9,0.01,0.12,2511.7
11:45:31,965.9,1082.4,1.03,36.24,127.1,121.5,6.13,17.52,252.2,454.5,0,0.14,2512.8
11:45:32,982.5,1099.1,1.03,36.23,127.4,121.5,7.12,19.86,255.5,618,-0.01,0.11,2511.6
11:45:33,1000.9,1117.4,1.03,36.2,127.4,121.8,7.71,18.71,259.2,765.7,-0.01,0.14,2511.4
11:45:34,1022.4,1138.9,1.03,36.2,127.2,121.1,7.89,16.02,262.4,918.5,0.01,0.09,2513.3
11:45:35,1044.3,1160.8,1.03,36.18,127,120.1,7.71,13.55,264.6,1067.6,0.01,-0.02,2509.9
11:45:36,1065,1181.5,1.03,36.18,126.9,120.2,7.31,12.55,266.4,1143.1,0.02,0,2513
11:45:37,1084.4,1200.9,1.03,36.17,126.8,121,7.14,12.13,268.1,1183.9,-0.01,-0.04,2512.9
11:45:38,1102.8,1219.4,1.03,36.16,126.8,121.1,7.15,12.89,270.2,1131.3,-0.01,-0.01,2512.9
11:45:39,1121.8,1238.4,1.03,36.11,126.8,120.6,7.2,12.33,272.3,1098.7,0.01,0.03,2512.3
11:45:40,1138.5,1255.1,1.03,36.12,126.7,120.5,7.17,13.33,274.1,1094.3,0.01,0.01,2513.5
11:45:41,1156.8,1273.3,1.03,36.07,126.7,120.5,7.1,13.75,276.7,1074.3,0.01,0.06,2512.7
11:45:42,1174.4,1291,1.03,36.06,126.7,120,6.87,15.14,278.7,1064.6,0.01,0,2514.4
11:45:43,1191.7,1307.9,1.03,36.05,126.8,120.4,6.41,15.67,280.8,1047.2,0,-0.03,2513.7
11:45:44,1207.7,1324.3,1.03,36.1,126.9,121.3,6.54,16.08,283.3,1020.9,-0.01,0.02,2511.6
11:45:45,1222.9,1339.4,1.03,36.06,127,121.3,6.93,16.82,286,983.4,0.01,0.08,2512.7
11:45:46,1240.8,1357.3,1.03,36.06,126.9,122.1,7.26,16.9,288.5,958.2,0.01,0.08,2513.3
11:45:47,1259.2,1375.8,1.03,36.04,126.7,121.8,7.51,19.17,291.2,967.3,-0.02,0.02,2512.3
11:45:48,1278.4,1395,1.02,36.03,126.5,121.2,7.67,17.41,294.9,1011.4,0.01,0.13,2513.9
11:45:49,1298.7,1415.2,1.03,36.03,126.1,121.4,7.8,15.01,297.3,1080.6,0,0.06,2512.5
11:45:50,1320.6,1437.1,1.02,36,125.8,121,7.88,12.41,299.6,1133.3,0,0.01,2511.6
11:45:51,1342.4,1458.9,1.02,36.01,125.5,120.2,7.81,11.12,301.4,1152.5,0.01,-0.02,2514.3
11:45:52,1361.5,1478.1,1.03,36.01,125.3,121.1,7.81,9.12,302.7,1196.2,0.02,-0.03,2514.7
11:45:53,1380.3,1496.9,1.02,35.99,125.1,120.8,7.86,6.13,303.9,1207.9,0,0.02,2512.7
11:45:54,1399.1,1515.7,1.03,35.99,124.9,120.5,7.71,4.52,304.9,1163.3,0,-0.02,2513
11:45:55,1417.5,1533.9,1.03,36.02,124.8,119.8,7.72,1.55,305.3,1137.4,0,-0.05,2514
11:45:56,1436.6,1553.2,1.03,35.97,124.7,119.3,7.53,0.16,304.9,1141.4,0,-0.02,2513.2
11:45:57,1453.8,1570.4,1.02,35.96,124.8,119.6,7.17,-0.94,305,1111.4,0,-0.06,2512.2
11:45:58,1471.5,1588.4,1.02,35.92,125,118.5,6.94,-1.79,304.4,1098,0.01,-0.05,2511
11:45:59,1486.9,1603.9,1.03,35.95,125.3,119.9,6.77,-1.38,303.9,1041.7,0.02,0,2517.1
11:46:00,1502,1618.9,1.02,35.96,125.5,120.3,7.06,-2.26,303.4,970.5,0,0.06,2511
11:46:01,1518.3,1635.2,1.02,35.93,125.7,120.2,7.32,-1.52,303.2,916.9,-0.01,0.03,2511.5
11:46:02,1533.7,1650.6,1.02,35.92,125.8,120.2,7.37,-1.79,302.9,908.1,0,0.01,2510.5
11:46:03,1551.9,1668.8,1.02,35.95,125.9,120.2,7.38,-1.04,302.6,917.1,-0.01,0.03,2511.1
11:46:04,1569.2,1686.1,1.02,35.94,125.9,120.5,7.4,-1.65,302.1,979,0,0,2512.1
11:46:05,1587.2,1704.1,1.03,35.97,126,120.8,7.45,-1.31,301.9,995.7,0,-0.01,2511.2
11:46:06,1605.3,1722.2,1.03,35.96,126,121,7.44,-0.58,302,1033.7,0,0.03,2511.5
11:46:07,1623.7,1740.6,1.02,35.96,126.1,121.4,7.65,-0.57,301.9,1053.6,-0.01,0.02,2513
11:46:08,1643.2,1760.2,1.02,35.96,125.9,122.1,7.93,-0.9,301.7,1048,0,0.04,2511.8
11:46:09,1664.9,1781.8,1.03,35.89,125.8,121.9,8.13,-0.67,301.8,1098.1,-0.01,0.01,2510.8
11:46:10,1688.1,1805,1.02,35.92,125.5,121.9,8.33,-0.7,302,1170.8,0,-0.01,2510.5
11:46:12,1713.8,1830.7,1.02,35.91,125.1,121.6,8.65,-0.01,302,1220.2,0,0.01,2511.1
11:46:13,1756.1,1873,1.02,35.93,124.4,121.2,8.59,0.04,301.7,1280,0,-0.04,2511.6
11:46:14,1778.2,1895.1,1.02,35.9,124.1,120.4,8.53,0.2,301.5,1325.7,-0.01,-0.01,2514.1
11:46:15,1800.7,1917.6,1.02,35.89,123.8,120.7,8.22,-0.02,301.5,1321.4,0,-0.02,2512.7
11:46:16,1821.8,1938.7,1.02,35.89,123.6,120.7,8.11,0.18,301.4,1305,-0.01,0.02,2510.4
11:46:17,1843.1,1960,1.02,35.84,123.4,121.1,8.06,-0.04,301.4,1293.3,0,-0.01,2512.9
11:46:18,1864.7,1981.6,1.02,35.87,123.2,121.4,8.15,0.08,301.4,1271.7,0,0.01,2512.7
11:46:19,1886.4,2003.3,1.02,35.89,123,121.7,8.36,0.27,301.3,1239.9,0.01,0.03,2512.4
11:46:20,1908.9,2025.8,1.02,35.88,122.6,121.6,8.61,0.35,301.4,1240.7,0.01,0.02,2513.1
11:46:21,1931.6,2048.6,1.02,35.87,122.2,121.7,8.87,0.33,301.3,1265.3,0,0,2511.5
11:46:22,1954.1,2071,1.02,35.9,121.7,121.8,9.11,0.41,301.2,1303.1,0,0.01,2511.4
11:46:23,1977.5,2094.5,1.02,35.88,121.2,121.1,9.07,0.66,301.3,1328.4,0,-0.02,2512
11:46:24,2000.1,2117,1.02,35.83,120.7,121,8.93,0.58,301.5,1355.3,0,-0.04,2511.9
11:46:25,2022.4,2139.3,1.02,35.85,120.3,120.6,8.77,0.8,301.7,1362.6,-0.01,-0.04,2508.8
11:46:26,2043.7,2160.7,1.02,35.85,119.8,120.4,8.67,0.35,301.9,1338.6,0,0,2513
11:46:28,2069.1,2186,1.02,35.85,119.5,119.9,8.51,-0.07,301.9,1324.9,0.01,0.01,2513.2
11:46:29,2107.9,2224.8,1.02,35.83,119.1,119.3,8.29,0.69,302.2,1276.8,0,0,2513.1
11:46:30,2127.6,2244.5,1.02,35.82,118.9,119.1,8.12,0.45,302.3,1237.6,0.01,-0.02,2511.2
11:46:31,2147,2263.9,1.02,35.85,118.9,118.6,7.93,0.51,302.4,1212.4,-0.01,-0.03,2510.4
11:46:32,2165.3,2282.2,1.02,35.82,118.9,118.4,7.8,0.9,302.5,1192.8,0,0,2511.7
11:46:33,2182.8,2299.8,1.02,35.84,118.9,118.7,7.54,0.83,302.7,1140.3,0,-0.01,2511.7
11:46:34,2199.8,2316.7,1.02,35.86,119,118.7,7.43,0.86,302.5,1080.2,0.01,0,2511.2
11:46:35,2216.4,2333.3,1.02,35.83,119.2,118.3,7.24,0.51,302.8,1058.1,0,-0.04,2513.1
11:46:36,2232.8,2349.7,1.02,35.83,119.4,118.6,7.33,0.73,302.9,1029,-0.01,-0.01,2511.5
11:46:37,2250.2,2366.9,1.02,35.85,119.6,118.7,7.27,0.92,302.9,994.1,0,-0.01,2510.1
11:46:38,2266.4,2383.3,1.02,35.86,119.8,118.8,7.27,1.04,303.1,965.5,0,-0.01,2510.2
11:46:39,2283.7,2400.6,1.02,35.86,119.9,119,7.28,0.73,303.3,974.4,0,-0.02,2509.1
11:46:40,2300.9,2417.8,1.02,35.86,120.1,119.2,7.4,0.11,303.4,962.5,0,0.02,2507.7
11:46:41,2317.6,2434.5,1.02,35.84,120.2,119.2,7.37,0.34,303.1,967,-0.01,-0.02,2510.5
11:46:42,2334.7,2451.7,1.02,35.88,120.3,119.3,7.38,0.75,303.2,975.4,-0.01,-0.01,2510
11:46:43,2353.1,2470,1.02,35.87,120.4,119.6,7.4,0.53,303.3,990.4,0,0,2513.4
11:46:44,2370.4,2487.3,1.02,35.84,120.5,119.5,7.48,0.52,303.6,1030.2,0,0.02,2509.7
11:46:45,2389,2505.9,1.02,35.85,120.6,118.9,7.47,0.6,303.8,1040.5,-0.01,-0.02,2511.6
11:46:46,2406.7,2523.6,1.02,35.87,120.7,119.4,7.36,0.68,304,1036.1,0.01,0,2510.9
11:46:47,2425.2,2542.1,1.02,35.87,120.8,119.5,7.38,0.79,304.1,1045.1,-0.01,0,2511.5
11:46:48,2443.3,2560.2,1.02,35.86,120.9,119.5,7.32,0.73,304.3,1027.5,0,-0.01,2512.2
11:46:49,2462.2,2579.2,1.02,35.86,121,119.9,7.35,0.48,304.1,1037.5,0.01,0.02,2512.1
11:46:50,2480.2,2597.1,1.02,35.85,121.1,120.5,7.48,0.36,304.5,1069.8,0,-0.03,2512.3
11:46:51,2499,2616,1.02,35.83,121.1,120.4,7.68,0.64,304.8,1061.3,0,0.02,2511
11:46:52,2518,2635,1.02,35.82,121,119.7,7.8,0.3,304.7,1067,-0.01,-0.01,2509.9
11:46:54,2540.3,2657.2,1.02,35.85,121,120.7,7.67,0.56,304.9,1102.2,0,0.04,2513.2
11:46:55,2580.7,2697.6,1.02,35.83,120.7,121.1,8.05,0.79,305.2,1142.8,-0.01,-0.04,2509.2
11:46:56,2603.1,2720,1.02,35.8,120.5,121,8.22,-0.03,305.4,1212.2,0,-0.06,2508.4
11:46:57,2624.9,2741.8,1.02,35.81,120.3,120.5,8.35,-0.07,305.4,1249.1,0.01,-0.04,2510.6
11:46:58,2646.1,2763,1.02,35.82,120,120.9,8.24,0.6,305.3,1268.7,0,-0.04,2510.8
11:46:59,2666.6,2783.5,1.02,35.77,119.8,120.2,8.05,0.58,305.4,1266,0.01,0,2511.7
11:47:00,2686.7,2803.7,1.02,35.82,119.7,119.8,7.97,0.4,305.2,1256.7,0,-0.01,2512.1
11:47:01,2708,2824.9,1.02,35.81,119.6,119.1,7.86,-0.1,305,1220.3,0,-0.01,2509.5
11:47:02,2729.2,2845.8,1.02,35.76,119.6,119.5,7.57,0.14,305.2,1207.3,0.01,-0.03,2511.9
11:47:03,2748,2864.9,1.02,35.78,119.6,119.1,7.54,0.54,305.1,1188.1,-0.01,-0.02,2510.6
11:47:04,2766.2,2883.2,1.02,35.8,119.7,119.2,7.42,0.18,305.1,1169.1,-0.01,-0.01,2507.5
11:47:05,2784.6,2901.6,1.02,35.79,119.8,119,7.29,-0.01,305.3,1147,-0.02,-0.04,2509.3
11:47:06,2800.5,2917.5,1.02,35.78,120,118.9,7.06,0.04,305.9,1129.8,0,-0.03,2512.6
11:47:07,2816.9,2933.9,1.02,35.8,120.2,120.4,7.23,1.07,306.2,1065.5,0,0.05,2510
11:47:08,2833.4,2950.3,1.02,35.83,120.3,120.1,7.4,0.21,305.9,1002.9,0,0.07,2512
11:47:09,2852.4,2969.4,1.02,35.81,120.3,120.3,7.45,0.35,306,964.4,0.01,-0.03,2510.9
11:47:10,2871.8,2988.8,1.02,35.84,120.3,120.2,7.88,-0.08,306.3,989.5,0.01,0.06,2511.1
11:47:11,2893.1,3010,1.02,35.85,120.2,120.5,7.84,-0.02,306.3,1036.9,0,0,2509.9
11:47:12,2913.8,3030.7,1.02,35.84,120.1,120.4,7.93,-0.07,306,1113.1,0,0.02,2509
11:47:13,2935.6,3052.6,1.02,35.82,120,120.5,7.73,-0.44,306.2,1173.6,0.02,-0.05,2512.2
11:47:14,2956.4,3073.3,1.02,35.83,119.9,120.7,8.01,0.16,306.3,1202.3,0,0.08,2510.3
11:47:15,2977.8,3094.7,1.02,35.84,119.7,120.5,8.02,0.63,306.3,1210,0.01,-0.01,2508.6
11:47:16,3000.6,3117.6,1.02,35.85,119.6,120.2,8.12,0.22,306.2,1224.7,-0.01,0,2509.2
11:47:17,3023.3,3140.3,1.02,35.81,119.3,120.1,8.09,0.1,306,1246.7,0.01,0,2510
11:47:18,3046.3,3163.2,1.02,35.78,119.2,119.6,7.84,0.4,305.8,1284.3,-0.01,-0.03,2509.1
11:47:19,3068.2,3185.2,1.02,35.83,119.1,119.8,7.71,-0.14,305.6,1315.6,0.01,-0.01,2510.4
11:47:20,3090.7,3207.7,1.02,35.82,119,119.4,7.55,-0.2,305.5,1325.8,0,-0.03,2513.6
11:47:21,3113.4,3230.4,1.02,35.8,119.1,119,7.39,0.15,305.7,1342.3,-0.02,-0.07,2510
11:47:22,3132.7,3249.7,1.02,35.77,119.2,118.4,7.23,0.24,305.7,1317.8,0,-0.04,2508.8
11:47:23,3152,3269,1.02,35.77,119.4,118.7,6.97,-0.04,305.5,1264.5,0,0,2511.5
11:47:25,3172.4,3289.3,1.02,35.8,119.7,119.8,6.99,0.48,305.7,1194.3,0,0.06,2509.8
11:47:26,3208.4,3325.4,1.02,35.77,120.1,119.5,7.21,-0.04,305.4,1099.5,-0.01,0.02,2509.5
11:47:27,3227.5,3344.4,1.02,35.77,120.2,119.3,7.31,-0.32,305.2,1108.1,0,0.05,2510.2
11:47:28,3248.8,3365.8,1.02,35.78,120.3,121,7.11,0.93,305.4,1121,0,-0.03,2508.4
11:47:29,3269.4,3386.3,1.02,35.77,120.3,121.1,7.68,0.25,306.1,1145.2,0,0.08,2512.7
11:47:30,3290.3,3407.3,1.02,35.78,120.3,120.6,7.83,0.37,306.1,1166.3,0,-0.08,2513
11:47:31,3312.1,3429.1,1.02,35.78,120.1,120.5,8.06,-0.12,305.9,1197.2,0,-0.04,2511
11:47:32,3333.1,3450,1.02,35.78,119.9,120.5,7.98,-0.4,305.5,1229.4,0,0,2510.1
11:47:33,3355.1,3472.1,1.01,35.73,119.7,119.2,7.57,0.73,305.5,1240.2,-0.02,-0.02,2509.9
11:47:34,3376.5,3493.4,1.02,35.7,119.7,119.3,7.25,0.03,306,1272.8,0,-0.04,2508.4
11:47:35,3396.7,3513.6,1.02,35.78,119.8,119.2,7.42,-0.11,306.3,1259.8,0,0,2509.9
11:47:36,3418.2,3535.2,1.02,35.77,119.9,118.9,7.25,0.36,306.1,1208,0,-0.02,2509.2
11:47:37,3438.8,3555.8,1.02,35.77,120,119.1,7.13,0.49,306.4,1217.3,0.01,-0.05,2507.7
11:47:38,3457.6,3574.6,1.02,35.78,120.2,118.9,7.08,0.4,306.4,1207,0.01,-0.07,2509.3
11:47:39,3474.6,3591.5,1.02,35.78,120.3,118.6,7,-0.09,306.5,1182.4,0.01,0.01,2510
11:47:40,3491.7,3608.6,1.02,35.77,120.6,120.1,6.98,0.27,306.4,1111.3,0.01,0.01,2510.3
11:47:41,3509.5,3626.5,1.02,35.77,120.7,120.4,7.12,0.12,306.4,1062.2,0,0.09,2510
11:47:42,3528.5,3645.5,1.02,35.82,120.7,120.2,7.54,1.07,306.6,1052,-0.01,-0.04,2509.3
11:47:43,3547.6,3664.6,1.02,35.85,120.6,121.4,7.83,-0.05,306.7,1026.4,0.01,-0.06,2508.6
11:47:44,3565.1,3682.1,1.02,35.84,120.5,120.7,8.1,-1.88,306.3,1067.6,0.01,-0.02,2509.6
11:47:45,3582.4,3699.4,1.02,35.78,120.3,119.9,7.6,0.96,306.2,1084.6,-0.01,-0.09,2507.8
11:47:46,3596.4,3713.3,1.02,35.77,120.3,119.5,7.38,-0.45,306.7,1066.6,-0.01,0.02,2508.1
11:47:47,3612.8,3729.7,1.02,35.79,120.4,119,7.17,-0.31,306,1019,-0.03,0.05,2506.2
11:47:48,3630.2,3747.1,1.02,35.77,120.5,119.4,7.03,0.09,306.4,968.5,0.01,0.02,2509.4
11:47:49,3647.1,3764.1,1.02,35.79,120.7,119.4,7.24,-0.47,306.9,982.6,0.02,0.02,2508.4
11:47:50,3663.4,3780.4,1.02,35.84,120.8,119.8,7.23,1.11,306.9,964.2,-0.01,-0.06,2511.6
11:47:51,3679.3,3796.2,1.02,35.88,120.9,119.9,7.4,0.11,307.1,956.5,0.02,-0.02,2505.2
11:47:52,3696.1,3813,1.02,35.81,120.9,119.5,7.24,1.57,306.9,939,-0.02,-0.05,2508.3
11:47:53,3711.8,3828.8,1.02,35.78,121,118.9,7.32,-0.77,306.8,942.9,0.01,0.04,2508.6
11:47:54,3728.9,3845.9,1.02,35.83,121.1,119.5,6.87,-0.47,306.5,949.4,-0.01,-0.06,2509.6
11:47:56,3747.1,3864.1,1.02,35.88,121.4,120,6.71,-0.16,306.3,941.4,-0.01,-0.04,2510.7
11:47:57,3778,3894.9,1.02,35.83,121.6,120.8,7.34,0.2,306.7,936.8,-0.01,0.02,2510.8
11:47:58,3794.6,3911.6,1.02,35.85,121.6,121,7.84,0.52,306.9,953.5,0.01,0.09,2508.9
11:47:59,3814.1,3931.1,1.02,35.81,121.5,121,7.71,-1.18,306.7,966.8,0,0.08,2511.5
11:48:00,3834.8,3951.8,1.02,35.8,121.3,122,7.87,-0.1,306.8,1020.2,0.02,0,2505.2
11:48:01,3857.1,3974.1,1.02,35.79,121,120.5,7.95,0.48,306.6,1103.8,0.01,0.1,2508.1
11:48:02,3882.2,3999.1,1.02,35.79,120.8,120.6,7.9,0.77,307,1183,0.01,-0.13,2508.2
11:48:03,3905.1,4022,1.02,35.77,120.6,119.2,8.02,-0.1,307,1275,-0.02,-0.07,2507.7
11:48:04,3928.8,4045.7,1.01,35.77,120.5,119.7,7.55,-0.22,307.3,1390.4,0.01,-0.17,2511.5
11:48:05,3947.8,4064.7,1.02,35.79,120.6,120.2,7.43,-0.52,307.3,1378.1,-0.01,-0.05,2506.2
11:48:07,3985.8,4102.7,1.02,35.79,120.6,120.8,7.47,0.23,307.7,1156.2,-0.01,0.03,2509.4
11:48:08,4004.6,4121.6,1.02,35.77,120.6,119.4,7.61,0.73,307.8,1136,-0.01,-0.05,2509.8
11:48:09,4023.9,4140.8,1.02,35.78,120.6,120,7.47,-1.23,307.4,1148.1,0,-0.1,2509
11:48:10,4039.6,4156.6,1.02,35.73,120.7,118.5,7.66,-0.47,307.3,1126.8,0.01,0.04,2507.6
11:48:11,4055.9,4172.9,1.02,35.78,120.8,119.3,7.16,0.16,307.2,1069.2,0,-0.03,2507.8
11:48:12,4072.4,4189.4,1.02,35.77,120.9,119,6.89,0.53,307.5,1022.5,-0.01,-0.07,2508.8
11:48:13,4087.1,4204.1,1.02,35.78,121.1,119.5,7,-0.13,307.5,972.5,0.02,0.01,2508.4
11:48:14,4101.9,4218.8,1.02,35.79,121.3,120.8,7.29,0.22,306.8,898.1,0.01,0.06,2510.6
11:48:15,4117.2,4234.1,1.02,35.77,121.3,120.7,7.6,-0.82,306.7,863.1,0.01,0.03,2507.6
11:48:16,4132.9,4249.8,1.01,35.76,121.3,120,7.49,0.32,306.3,876.6,-0.02,-0.08,2508.3
11:48:17,4148.4,4265.4,1.02,35.77,121.3,119.3,7.69,0.08,306.5,926.2,0.01,-0.03,2507.4
11:48:18,4163,4279.9,1.01,35.72,121.3,118.2,7.38,0.27,305.8,913,-0.01,-0.03,2509.1
11:48:19,4176.9,4293.9,1.02,35.69,121.5,118,6.78,0.13,305.8,909.6,0,-0.05,2508.3
11:48:20,4188.8,4305.7,1.01,35.71,121.8,117.6,6.54,0.11,305.1,886.6,0.01,-0.01,2509.1
11:48:21,4201.5,4318.5,1.01,35.73,122.2,120.2,6.42,0.69,304.5,781.1,0,-0.03,2512.9
11:48:22,4212.7,4329.6,1.02,35.78,122.4,120.3,6.79,0.35,304.3,725.6,0,-0.07,2509.9
11:48:23,4225.1,4342,1.02,35.8,122.5,121.6,7.28,-1.44,303.8,694.9,0,0.1,2507.5
11:48:25,4241.7,4358.6,1.02,35.76,122.6,120.5,7.53,-0.36,303.4,726.1,0,-0.02,2506.9
11:48:26,4269,4385.9,1.01,35.72,122.6,118.2,7.47,-1.48,302.7,831.5,0,-0.03,2508
11:48:27,4282.9,4399.9,1.02,35.69,122.7,118.8,6.9,1.15,302.9,884.3,0,0.03,2511.3
11:48:28,4297.5,4414.5,1.02,35.76,122.9,120.6,6.82,0.74,303.8,889.4,-0.01,0.05,2510
11:48:29,4310.6,4427.6,1.02,35.81,123.1,120.2,7.38,-0.25,303.8,831.9,-0.01,0.14,2505.7
11:48:30,4326.9,4443.9,1.02,35.76,123.3,120.5,6.92,1.22,304.5,818.8,-0.03,0.04,2506.3
11:48:32,4347.2,4464.2,1.02,35.75,123.5,120.4,7.37,1.78,305.1,831.3,0,0.03,2510
11:48:33,4381.6,4498.5,1.02,35.77,123.5,119.9,7.56,1.21,305.5,952.4,0.03,-0.06,2507.6
11:48:34,4395.1,4512,1.02,35.71,123.5,119.3,7.54,-0.79,306.1,985.1,0.01,-0.06,2505.5
11:48:35,4409.3,4526.3,1.02,35.7,123.6,119.2,7.28,-0.51,306,949.8,0.04,0.07,2508.3
11:48:36,4424.3,4541.3,1.02,35.74,123.8,118.6,6.7,-0.52,305.7,919.5,0,0.09,2505.1
11:48:37,4440.7,4557.6,1.01,35.73,124.1,119.2,6.39,-0.49,305.6,910.2,0.02,-0.02,2511.1
11:48:38,4456.8,4573.8,1.02,35.71,124.4,119.1,6.64,0.15,305.5,884.1,0,-0.01,2508.4
11:48:39,4472.1,4589,1.02,35.67,124.8,117.6,6.77,0.18,305.6,927.3,0,0.04,2509.3
11:48:40,4490.2,4607.2,1.01,35.71,125.2,117.7,6.14,-0.32,305.4,957.1,-0.01,-0.02,2511.4
11:48:41,4506.3,4623.2,1.02,35.72,125.7,117.3,6.11,-0.1,305,970,0.01,-0.14,2511.8
11:48:42,4518.4,4635.3,1.02,35.74,126.3,120.6,6.2,1.01,305.5,931.8,-0.02,-0.09,2506.5
11:48:43,4530.6,4647.6,1.02,35.78,126.7,121.3,6.36,1.25,306.5,864.6,-0.02,0.02,2506.9
11:48:44,4544.2,4661.2,1.02,35.8,127.1,120,6.6,-1.12,307,807.6,-0.02,0.06,2509.7
11:48:45,4560.4,4677.4,1.02,35.81,127.3,121.7,6.9,-1.13,306.7,744,0.02,0.15,2510.9
11:48:46,4578.2,4695.1,1.02,35.73,127.4,120.7,6.89,-0.42,306.2,818,0,0.03,2507
11:48:47,4599.8,4716.7,1.02,35.72,127.5,119,7.65,1.27,306.6,969.7,0.02,-0.04,2508.2
11:48:48,4620.2,4737.1,1.01,35.71,127.5,119,7.55,-0.6,306,1078.1,-0.02,0,2510
11:48:49,4639.1,4756,1.02,35.79,127.6,119.8,7,1.64,307.1,1170.9,0,-0.19,2505.4
11:48:50,4652.4,4769.4,1.02,35.69,127.8,119.3,6.98,-2.36,307.2,1143.3,0.02,0.11,2507.9
11:48:51,4667.4,4784.4,1.02,35.76,128,120.9,6.32,0.33,307,1006.1,-0.02,0.07,2511.8
11:48:52,4686,4803,1.02,35.78,128.2,123,6.33,0.68,307.7,934.8,0.01,0,2510.8
11:48:53,4705.1,4822.1,1.02,35.78,128.3,121.1,7.36,0.7,307.5,908.6,0.01,0.05,2511.5
11:48:54,4726.3,4843.2,1.02,35.75,128.3,121.2,7.53,0.88,306.9,986,-0.01,0.02,2506
11:48:55,4748.1,4865.1,1.02,35.72,128.1,121,7.81,0.52,306.9,1051.2,0,-0.01,2506.4
11:48:56,4769.8,4886.7,1.02,35.68,127.9,120.2,7.75,-0.41,306.8,1136,0.01,-0.06,2508.6
11:48:57,4788.9,4905.9,1.02,35.66,127.8,118.9,7.51,-0.26,306.5,1234,0,-0.06,2510
11:48:58,4805.8,4922.8,1.02,35.66,127.9,118.9,7.03,-0.29,306.2,1255.6,0.01,-0.05,2508.6
11:48:59,4823.5,4940.4,1.02,35.67,128,119.1,6.67,-0.25,306,1196.8,0,-0.02,2508.4
11:49:00,4840.2,4957.1,1.02,35.7,128.4,118.2,6.45,-0.62,305.6,1124.4,0,0.01,2507.1
11:49:01,4856.6,4973.5,1.02,35.67,128.7,117.9,6.11,0.15,305.4,1068.3,0,-0.03,2510.5
11:49:03,4875.2,4992.1,1.02,35.7,129.3,118.7,6.02,0.09,305.4,1017.5,0,-0.02,2510.1
11:49:04,4907.9,5024.9,1.02,35.66,130.2,119.3,6.08,0,305.1,954,-0.01,-0.01,2507.8
11:49:05,4924.7,5041.7,1.01,35.67,130.6,119.8,6.41,-0.2,305.1,932.4,0,-0.01,2508.6
11:49:06,4942,5058.9,1.02,35.7,130.9,119.8,6.53,-0.18,305,957,0,0,2507.9
11:49:07,4959.2,5076.2,1.01,35.67,131.2,120.2,6.48,-0.38,305.1,985.6,0,-0.02,2508.4
11:49:08,4975.6,5092.6,1.02,35.71,131.4,120.4,6.76,-0.13,305,973,0.01,0.01,2511.9
11:49:09,4993.3,5110.3,1.02,35.76,131.6,121.9,6.98,0.11,304.9,940.2,0,0.02,2511.8
11:49:10,5009.7,5126.7,1.02,35.82,131.6,122.5,7.43,-0.38,305.2,938.6,0,0.04,2511.4
11:49:11,5029.3,5146.2,1.02,35.79,131.4,121.9,7.83,0.08,305.2,1008.3,-0.01,0.03,2509.5
11:49:12,5050.1,5167.1,1.02,35.73,131.2,121.1,8,-0.01,305.3,1049.5,0,0.01,2509.2
11:49:13,5070.8,5187.7,1.01,35.65,130.9,120.5,7.79,0.19,305.2,1131.2,0,-0.02,2509.1
11:49:14,5092,5209,1.01,35.63,130.7,120.4,7.58,-0.09,305.2,1200.5,-0.01,-0.05,2508
11:49:15,5112.7,5229.6,1.01,35.64,130.7,119.8,7.36,-0.02,305.2,1227.3,0,-0.03,2510
11:49:16,5133.4,5250.3,1.02,35.66,130.7,119.6,7.17,-0.18,305.2,1209.3,0,-0.03,2508.3
11:49:17,5151.4,5268.3,1.01,35.67,130.8,119.9,7.02,-0.54,305,1192.3,0,-0.03,2506.9
11:49:18,5168.8,5285.8,1.01,35.63,130.9,119.4,6.89,-0.24,305,1155.3,0,-0.01,2507.3
11:49:19,5186.1,5303,1.01,35.66,131.1,119.6,6.75,-0.01,304.8,1087.6,0,-0.02,2508.3
11:49:20,5203.1,5320,1.02,35.76,131.3,119.7,6.66,-0.08,305,1045.3,0,-0.02,2510.2
11:49:21,5219.2,5336.2,1.01,35.73,131.5,119.8,6.7,-0.18,305,1003.4,0,0,2510.5
11:49:22,5234,5351,1.02,35.75,131.7,120,6.73,-0.14,305,1003.3,0,-0.03,2511.2
11:49:23,5249.9,5366.9,1.01,35.7,131.9,119.7,6.91,0.23,304.9,984.7,0,0.03,2509.1
11:49:24,5266.8,5383.8,1.02,35.68,132,120.3,6.8,0.12,304.9,956.9,-0.01,0.02,2508
11:49:25,5285.7,5402.6,1.01,35.71,132.1,120.1,7.01,0.21,304.8,965.4,0,-0.01,2507.9
11:49:26,5304.3,5421.3,1.02,35.71,132.2,120.2,7.29,0.21,305,992.2,0,0,2508.6
11:49:27,5323.8,5440.7,1.01,35.71,132.2,119.7,7.28,0.14,305,1030,0,-0.02,2503.5
11:49:29,5346.2,5463.2,1.01,35.66,132.3,119.8,7.06,0.07,305,1068,0,-0.04,2508.5
11:49:30,5379.4,5496.4,1.01,35.68,132.4,120.2,6.93,-0.05,305,1082.8,0,-0.05,2506.8
11:49:31,5398,5514.9,1.01,35.67,132.5,120.2,7.04,0.27,305,1065.9,0,-0.02,2508
11:49:32,5416.2,5533.1,1.01,35.64,132.6,120.2,7.08,0.24,305,1044.4,0,0,2507.6
11:49:33,5434,5551,1.01,35.65,132.6,120.7,7.13,0.12,305.1,1027.6,-0.01,0.01,2507.9
11:49:34,5449.9,5566.8,1.01,35.74,132.6,120.9,7.27,0.19,305.2,1031.6,0.01,0.02,2505.2
11:49:35,5468.9,5585.8,1.01,35.66,132.5,121.2,7.39,0.23,305.4,1051.2,0.01,0,2508.5
11:49:36,5488.6,5605.6,1.01,35.71,132.4,121.1,7.58,0.01,305.5,1065.1,0,0.01,2507.6
11:49:37,5509.2,5626.2,1.01,35.71,132.2,120.8,7.68,0.11,305.5,1106.2,0,0,2509
11:49:38,5529.1,5646.1,1.01,35.7,132.1,120.7,7.66,0.01,305.5,1149.8,0,-0.03,2511.4
11:49:39,5548.9,5665.8,1.01,35.66,131.9,120.7,7.68,0.13,305.6,1176.9,0,-0.02,2508.9
11:49:40,5569.9,5686.9,1.01,35.65,131.7,120.3,7.64,0.05,305.6,1185.8,0.01,-0.02,2510.4
11:49:41,5588.7,5705.6,1.01,35.72,131.6,120,7.51,0.04,305.5,1146.4,0,-0.03,2509.7
11:49:42,5606.6,5723.5,1.01,35.69,131.5,120.1,7.4,0.01,305.3,1106.7,0,-0.03,2508.6
11:49:43,5624,5740.9,1.01,35.61,131.5,120.1,7.34,-0.05,305.2,1072.2,0,-0.01,2511.4
11:49:44,5640.8,5757.8,1.01,35.63,131.4,120.3,7.34,0,305.1,1044.9,0,0,2508.2
11:49:45,5659.2,5776.1,1.01,35.71,131.3,120.5,7.42,-0.05,305,1020.1,0,0,2508.8
11:49:46,5674.3,5791.2,1.01,35.7,131.2,120.6,7.48,0.1,305,1010.1,0,0.02,2508.4
11:49:47,5692.7,5809.7,1.02,35.7,131.1,120.6,7.48,0.14,305.1,1008.5,0,0.01,2508.4
11:49:48,5712.3,5829.2,1.01,35.69,131,120.6,7.57,0.16,305.2,1048.5,-0.01,0.02,2507
11:49:49,5731.6,5848.5,1.02,35.71,130.9,120.4,7.7,0.11,305.2,1074.4,0,0.01,2509
11:49:50,5751.4,5868.4,1.01,35.66,130.7,120.5,7.72,0.12,305.4,1106,0,-0.01,2508.4
11:49:51,5771.8,5888.8,1.01,35.66,130.5,120.5,7.75,0.27,305.5,1155.5,-0.01,-0.01,2504.8
11:49:52,5794.3,5911.3,1.01,35.61,130.3,120.1,7.69,0.14,305.8,1171.1,0,-0.02,2508.4
11:49:53,5814.6,5931.5,1.01,35.63,130.2,119.9,7.7,0.18,305.8,1170.2,0,-0.01,2509.7
11:49:55,5837.3,5954.2,1.01,35.62,130.1,119.8,7.6,0.11,306,1161.5,0,-0.01,2508.1
11:49:56,5874.5,5991.4,1.01,35.63,129.8,119.8,7.33,0.26,306.2,1155.8,0,-0.02,2509
11:49:57,5894.4,6011.4,1.01,35.62,129.8,119.3,7.27,0.22,306.2,1144.2,0,-0.01,2507.8
11:49:58,5912.2,6029.1,1.01,35.61,129.8,119.3,7.31,0.23,306.3,1138.8,0,-0.01,2508.1
11:49:59,5931.2,6048.1,1.01,35.67,129.8,119.4,7.17,0.09,306.3,1156.6,0,-0.02,2509.5
11:50:00,5949.9,6066.8,1.01,35.65,129.9,119.2,7.1,0.2,306.2,1127.2,0,-0.01,2511.2
11:50:01,5968.5,6085.4,1.01,35.65,129.9,119.5,7.09,0.24,306.2,1126.4,0,-0.01,2508.9
11:50:02,5986.8,6103.7,1.01,35.64,130,119.4,7.13,0.26,306.2,1108.9,0,0,2510.5
11:50:03,6004.6,6121.5,1.01,35.65,130,119.4,7.08,0.13,306.2,1089.5,0,-0.02,2509.6
11:50:04,6025.2,6142.1,1.01,35.64,130.1,119.2,7.05,0.14,306.1,1067.8,0,-0.01,2507.5
11:50:05,6043.7,6160.7,1.01,35.61,130.2,119.2,6.83,-0.04,306,1061.7,0,-0.02,2509.7
11:50:06,6062,6178.9,1.01,35.62,130.3,119.3,6.83,0.03,305.9,1066.8,0,-0.01,2508.3
11:50:07,6080.3,6197.2,1.01,35.64,130.5,119.2,6.86,0.12,305.9,1078.3,0,-0.02,2508
11:50:08,6098.6,6215.6,1.01,35.66,130.7,118.9,6.83,0.29,305.8,1076.9,0,-0.02,2506.5
11:50:09,6117.3,6234.2,1.01,35.65,130.8,118.5,6.77,0.27,305.8,1054.9,0,-0.03,2506.8
11:50:10,6132.4,6249.3,1.01,35.63,131.1,118.5,6.67,0.03,305.6,1047.1,0,-0.03,2510.5
11:50:11,6148.8,6265.7,1.01,35.69,131.3,118.7,6.46,0.02,305.5,1049.7,0,-0.03,2509.2
11:50:12,6164.4,6281.4,1.01,35.75,131.6,118.8,6.39,0.01,305.4,1025.1,0,-0.03,2505.1
11:50:13,6179.3,6296.2,1.01,35.72,132,118.9,6.32,0.05,305.5,967.1,0,-0.03,2511.1
11:50:14,6193.6,6310.5,1.01,35.67,132.3,119.3,6.33,0.04,305.5,918.9,0,-0.01,2504
11:50:15,6207,6323.9,1.01,35.7,132.6,119.5,6.42,0.29,305.5,870.5,0,0.01,2508.3
11:50:16,6222.7,6339.7,1.01,35.73,132.9,119.7,6.41,0,305.6,834.8,-0.01,-0.01,2510.5
11:50:17,6238.3,6355.3,1.01,35.69,133.2,119.7,6.48,0.03,305.6,832.1,0,0.01,2509
11:50:18,6253.5,6370.4,1.01,35.61,133.4,119.9,6.53,0.15,305.7,855.4,0,0.01,2509.2
11:50:19,6269.5,6386.5,1.01,35.67,133.6,119.8,6.66,0.15,305.7,876.7,0,0.01,2505.5
11:50:21,6288.4,6405.3,1.01,35.66,133.8,119.7,6.69,0.08,305.6,907.4,0,0,2510.9
11:50:22,6320.7,6437.6,1.01,35.64,134.1,120,6.78,0.15,305.6,951,0,0,2510.2
11:50:23,6338,6454.9,1.01,35.66,134.2,120.1,6.82,0.08,305.6,981.7,0,0,2507.2
11:50:24,6355.9,6472.8,1.01,35.69,134.3,120.2,6.89,0.05,305.5,993.7,0,0,2510
11:50:26,6376.4,6493.3,1.01,35.68,134.4,120.3,6.88,0.02,305.6,1010.9,0.01,0,2509.7
11:50:27,6410.1,6527,1.01,35.69,134.5,120.6,7.01,-0.03,305.5,1029,0.01,0,2508.3
11:50:28,6430.4,6547.4,1.01,35.69,134.4,120.4,7.05,-0.01,305.4,1064.1,-0.01,-0.01,2505.3
11:50:29,6450,6567,1.01,35.64,134.5,120.6,7.05,0.08,305.5,1072.8,0.01,0,2507.8
11:50:30,6469.1,6586.1,1.01,35.65,134.4,120.9,7.16,-0.02,305.4,1094.3,0,0,2507.7
11:50:31,6487.9,6604.8,1.01,35.64,134.3,120.8,7.29,-0.08,305.4,1109.1,0,-0.02,2509
11:50:32,6507.3,6624.2,1.01,35.64,134.2,120.5,7.35,-0.12,305.3,1108.5,0,0,2506.6
11:50:33,6527.2,6644.1,1.01,35.65,134.1,120.3,7.29,-0.04,305.2,1104.1,0,0,2505.4
11:50:34,6545.5,6662.4,1.01,35.68,134.1,120.3,7.13,-0.01,305.1,1121.3,0,-0.02,2510.6
11:50:35,6563.6,6680.3,1.01,35.66,134.1,120.2,7.06,-0.03,305.1,1136.2,0,-0.01,2510.2
11:50:36,6582.6,6699.5,1.01,35.64,134.1,120.3,7.05,0.07,305.3,1106.9,0,-0.01,2509.2
11:50:37,6601.5,6718.5,1.01,35.62,134.1,120.3,7.1,0.09,305.3,1086.4,0,-0.02,2510.1
11:50:38,6620.1,6737,1.01,35.63,134,120.5,7.17,0.08,305.4,1098.7,-0.01,-0.01,2507.5
11:50:39,6637.9,6754.9,1.01,35.6,134,120,7.28,0.09,305.3,1097.9,-0.01,-0.01,2509.3
11:50:40,6656.2,6773.1,1.01,35.64,134,119.7,7.14,0.08,305.4,1088.5,0,-0.02,2508.3
11:50:41,6673.9,6790.8,1.01,35.68,134,119.7,7.03,-0.23,305.3,1080.5,0,-0.05,2508.2
11:50:42,6691.1,6808,1.01,35.64,134.1,119.2,6.94,0.31,305.1,1042.8,0,-0.03,2509.1
11:50:43,6707.1,6824,1.01,35.65,134.2,119.1,6.75,0.1,305.1,1044.8,0,-0.02,2510.8
11:50:44,6722.5,6839.4,1.01,35.6,134.3,119.3,6.56,0.11,305.2,1020.2,-0.01,-0.03,2508.4
11:50:45,6738.3,6855.2,1.01,35.61,134.5,119.3,6.54,0,305.2,954.6,0,0,2508.5
11:50:46,6753.1,6870.1,1.01,35.64,134.8,119.5,6.57,0.07,305,896.5,0,0.01,2507
11:50:47,6768.1,6885.1,1.01,35.58,135,119.3,6.61,0.54,305,874.8,0,-0.01,2509.4
11:50:49,6797.8,6914.5,1,35.57,135.4,118.5,6.51,-0.04,304.4,870.4,0.01,0.01,2506.9
11:50:50,6812.2,6928.9,1,35.62,135.7,118.6,6.28,0.44,304.2,871.2,-0.01,-0.02,2507.7
11:50:51,6826.2,6942.8,1.01,35.58,136,119,6.1,0.37,304.3,862,0,-0.03,2507.9
11:50:52,6840,6956.7,1.01,35.55,136.4,118.5,6.13,-0.01,304.1,835.7,0.01,-0.01,2509
11:50:53,6853.9,6970.6,1,35.6,136.8,118.3,6,-0.01,303.9,838.3,0,-0.01,2510.2
11:50:54,6867.8,6984.4,1.01,35.6,137.3,118.7,5.84,0.05,303.9,838.6,0,-0.01,2507.7
11:50:55,6881,6997.7,1,35.57,137.7,119,5.75,-0.08,303.9,819.4,0.01,-0.02,2510.7
11:50:56,6893.3,7010,1,35.6,138.2,119.1,5.72,-0.15,303.9,790.7,0,0,2509
11:50:57,6908,7024.7,1.01,35.68,138.6,119.5,5.99,-0.13,303.9,778.3,0,0.02,2511.2
11:50:58,6921.7,7038.6,1.01,35.69,139,119.8,6.08,0.03,303.8,759.8,0,0.01,2506.6
11:50:59,6936.7,7053.4,1.01,35.66,139.3,119.9,6.35,0.13,303.9,777.4,0,0.01,2508.6
11:51:01,6954.9,7071.8,1,35.62,139.6,120.4,6.45,0.09,303.9,822.1,0,0,2507.5
11:51:02,6986.2,7102.7,1.01,35.7,139.9,119.9,6.58,0.16,303.8,886.3,0,0.01,2508.2
11:51:03,7002.7,7119.4,1.01,35.65,140.1,120,6.56,0.07,303.8,932.6,0.01,-0.02,2511.1
11:51:04,7020.1,7136.6,1.01,35.66,140.3,119.7,6.53,-0.05,303.6,962.1,0,-0.02,2509.7
11:51:05,7036.9,7153.5,1.01,35.67,140.5,119.8,6.39,0.05,303.6,969,0.01,-0.02,2508.9
11:51:06,7052.6,7169.5,1,35.64,140.7,119.9,6.34,0,303.6,981.9,0,-0.01,2510.4
11:51:07,7068.9,7185.8,1.01,35.61,141,120,6.33,-0.14,303.8,947.1,0,0,2509.8
11:51:08,7084.4,7201.3,1,35.63,141.2,120.2,6.37,-0.04,303.8,936.3,0,0,2510.3
11:51:09,7101.5,7218.1,1,35.63,141.4,120.4,6.45,0,303.8,926.6,0,0,2510.5
11:51:10,7117.3,7234.2,1,35.65,141.6,120.5,6.48,-0.08,303.8,916.5,0,0,2507.1
11:51:11,7134.2,7250.8,1.01,35.6,141.7,120.6,6.55,0.04,303.9,936.4,0,0,2507.1
11:51:12,7151.6,7268.5,1.01,35.66,141.8,120.7,6.53,0.01,303.9,948.9,0,0,2510.2
11:51:13,7168.8,7285.7,1,35.63,142,120.8,6.73,0,304,971.8,-0.01,0.01,2511
11:51:14,7187.2,7304.2,1,35.64,142,120.6,6.9,0.04,304,985.1,0,0,2509.3
11:51:16,7207.7,7324.6,1,35.59,142.1,120.3,6.95,0.01,304,1043.9,0,-0.01,2508.5
11:51:17,7243.4,7360,1,35.67,142.1,120,6.75,0.05,304,1056,0,-0.02,2510.5
11:51:18,7261.6,7378.2,1,35.71,142.2,120,6.65,-0.01,304.1,1055.1,0,-0.02,2510.3
11:51:19,7278.4,7395,1,35.65,142.4,120.2,6.57,0.05,304.1,1062.7,0,-0.01,2509.4
11:51:20,7297.9,7414.8,1,35.64,142.5,120.3,6.6,0.11,304.1,1035.1,0,0,2511
11:51:22,7332.2,7448.8,1,35.63,142.7,120.5,6.76,0.1,304.3,1023.6,0,-0.01,2508.1
11:51:23,7351.2,7468.1,1,35.58,142.8,120.4,6.82,0.05,304.3,1026,0,0,2508
11:51:25,7385.4,7502,1,35.61,142.9,120.3,6.84,-0.05,304.2,1025.2,0,-0.01,2510.8
11:51:26,7404.1,7520.6,1,35.59,142.9,120.2,6.81,0.09,304.2,1047.5,0,0,2509.4
11:51:27,7421.5,7538.1,1,35.64,142.9,120.4,6.82,0.05,304.1,1044.1,0,-0.01,2508.7
11:51:28,7439,7555.9,1,35.67,143,120.4,6.83,0.03,304,1042,0,-0.01,2508.2
11:51:29,7456.4,7573,1,35.63,143,120.3,6.79,-0.08,304,1046.1,0,-0.02,2510.2
11:51:30,7473.5,7590.1,1,35.58,143.1,120.3,6.8,0.08,304,1045.3,0,-0.02,2506.3
11:51:31,7492.3,7609.2,1,35.57,143.1,119.7,6.88,0.12,303.5,1037.7,0,-0.01,2509.8
11:51:33,7525.8,7642.4,1,35.66,143.2,119.9,6.65,0.03,303.2,1022.4,-0.01,0,2507.8
11:51:34,7544.4,7661,1,35.65,143.4,119.7,6.64,0.12,303.2,1007.8,-0.01,-0.01,2507.5
11:51:35,7560.4,7677.3,1,35.62,143.5,119.9,6.59,0,303.1,1004.8,0,-0.02,2508.6
11:51:36,7577.4,7694,1,35.63,143.7,119.6,6.67,-0.53,302.7,974.6,0,-0.01,2508.6
11:51:37,7594.1,7710.7,1,35.6,143.8,119.5,6.62,0.48,302.7,934.6,0,0,2510.8
11:51:38,7610.4,7727,1,35.61,143.9,119.5,6.5,-0.18,302.7,945.2,0,-0.03,2507.8
11:51:39,7625.6,7742.2,1,35.6,144.1,119.5,6.41,-0.21,302.7,944.9,0,-0.02,2506.1
11:51:40,7639.3,7755.9,1,35.6,144.3,119.5,6.37,0.03,302.6,940.5,0,-0.01,2509.7
11:51:41,7654.8,7771.4,1,35.61,144.5,119.6,6.32,0.1,302.7,914.3,0,-0.01,2509.2
11:51:42,7670,7786.6,1,35.63,144.8,119.8,6.3,0.05,302.7,883.9,0,-0.01,2509.6
11:51:43,7685.1,7801.7,1,35.66,145,120.1,6.35,0.01,302.7,880.1,-0.01,0,2508.7
11:51:44,7700.6,7817.2,1,35.65,145.2,120.2,6.43,0.08,302.6,880,0,0.01,2507.7
11:51:45,7716.8,7833.7,1,35.62,145.3,120.4,6.57,0.1,302.7,901.1,0,0.02,2509.3
11:51:46,7736.9,7853.8,1,35.64,145.5,120.4,6.7,0.08,302.7,934.5,0,0.01,2508.3
11:51:48,7769.5,7886,1,35.63,145.6,120.3,6.83,0.12,302.6,955.5,0,0.01,2509.5
11:51:49,7788.5,7905,1,35.65,145.6,120.1,6.83,0.07,302.7,978.7,0,0,2508.9
11:51:50,7806.5,7923.1,1,35.68,145.7,120.2,6.8,0.11,302.7,1000.8,0,-0.01,2509.9
11:51:51,7824,7940.6,1,35.67,145.7,119.9,6.79,0.09,302.6,1008.9,0,-0.02,2507.9
11:51:52,7840.6,7957.6,1,35.67,145.8,119.7,6.75,0.03,302.4,1023.9,0,-0.01,2507.2
11:51:53,7858.4,7975,1,35.6,145.9,119.7,6.56,0.07,302.3,1036.5,-0.01,-0.02,2507.1
11:51:54,7875.5,7992.1,1,35.61,146.1,119.8,6.49,0.21,302.3,1046.4,0,-0.02,2507.5
11:51:55,7892,8008.6,1,35.67,146.2,119.8,6.45,0.05,302.3,1023,0,-0.02,2506.6
11:51:56,7908.8,8025.4,1,35.63,146.4,119.8,6.45,0.09,302.3,986.4,0,-0.01,2511.7
11:51:57,7925.9,8042.5,1,35.66,146.6,120.1,6.46,-0.02,302.2,963,0,0,2508.9
11:51:58,7943.1,8059.9,1,35.65,146.8,120.3,6.55,0.11,302.2,961.6,0.01,0,2511.5
11:51:59,7959.3,8075.8,1,35.7,146.9,120.4,6.6,0.08,302.2,960.1,0,0,2511.6
11:52:00,7976.6,8093.1,1,35.71,147,120.8,6.7,0.13,302.3,960,0,0,2511.2
11:52:01,7994.2,8110.7,1,35.65,147,120.8,6.79,0.08,302.3,969.7,0,0,2509.7
11:52:02,8012.1,8128.6,1,35.66,147,120.9,6.88,0.16,302.4,1000.2,0,0,2510.1
11:52:03,8031.2,8148,1,35.69,147,121,7.02,0.08,302.4,1008.4,0,0.01,2511.4
11:52:05,8068.3,8185.2,1.01,35.71,146.7,121.3,7.32,0.1,302.5,1062.5,0,0.01,2509
11:52:06,8090.6,8207.5,1,35.67,146.6,121.1,7.47,0.15,302.5,1079.9,0,0.01,2507.4
11:52:08,8130.8,8247.7,1,35.59,146,121.2,7.57,0.14,302.5,1152.6,0.01,0,2508.7
11:52:09,8153.3,8269.8,1,35.63,145.8,121.2,7.64,0.07,302.4,1185.9,0,-0.01,2506
11:52:10,8174.3,8290.8,1,35.66,145.5,121,7.64,0.11,302.3,1203.1,0,-0.01,2509.2
11:52:11,8194.5,8311,1,35.62,145.2,121,7.59,-0.05,302.2,1248.2,0,-0.01,2507.6
11:52:12,8216.7,8333.1,1,35.59,145,120.8,7.55,0.02,302.2,1263.4,0,-0.02,2509.5
11:52:13,8237.7,8354.6,1,35.63,144.7,120.8,7.54,0.01,302.1,1268.3,0,-0.01,2507.4
11:52:14,8258.3,8375.2,1,35.63,144.5,120.5,7.5,-0.01,302.1,1225.4,0,-0.01,2510.2
11:52:15,8278.2,8394.7,1,35.66,144.3,120.6,7.46,-0.07,302,1227.4,-0.01,-0.03,2510.6
11:52:16,8300.1,8416.9,1,35.64,144.1,120.5,7.44,0.09,302,1204.9,0,-0.01,2507.5
11:52:18,8338.3,8454.8,1,35.63,143.7,120.3,7.42,0.08,301.9,1178.8,0.01,-0.01,2507
11:52:19,8359.2,8475.7,1,35.66,143.5,120.3,7.38,0.25,302,1167.9,0,0,2507.9
11:52:20,8380.7,8497.6,1,35.64,143.4,120.1,7.31,0.27,301.9,1151.4,0,-0.02,2507.7
11:52:22,8416.8,8533.7,1,35.65,143.1,119.9,7.13,0.03,301.6,1149.1,0,-0.02,2510.5
11:52:24,8438.1,8554.9,1,35.65,143.1,120,7.03,0.09,301.6,1124.7,-0.01,-0.03,2509.1
11:52:25,8471.5,8588.4,1,35.64,143,119.9,7.08,0.09,301.5,1099.5,0,-0.01,2505.2
11:52:26,8489.4,8606.3,1,35.64,143,119.9,7.19,0.18,301.5,1082,0,-0.01,2506.3
11:52:27,8508.2,8625.1,1,35.63,142.9,119.7,7.25,0.15,301.5,1064.5,0,0,2507.3
11:52:28,8527,8643.8,1,35.66,142.8,119.5,7.25,0.2,301.3,1035.4,0,-0.02,2509.8
11:52:29,8547,8663.7,1,35.65,142.8,119.6,7.14,0.11,301.3,1059.5,-0.01,-0.03,2507.5
11:52:31,8579.6,8696.4,1,35.61,142.7,119.4,6.94,0.18,301.2,1046.1,0,-0.01,2507.9
11:52:32,8596.8,8713.4,1,35.59,142.7,119.3,6.9,0.1,301.1,1026.6,0,-0.02,2510.2
11:52:33,8613.7,8730.3,1,35.66,142.8,119.2,6.81,0.16,301.1,1000.5,0,-0.02,2509
11:52:34,8630,8746.6,1,35.65,142.8,119.3,6.76,0.13,301.1,989.8,-0.01,-0.03,2510.4
11:52:35,8646.2,8762.7,1,35.62,142.9,119.3,6.73,0.14,301.1,955,-0.01,-0.02,2506.6
11:52:36,8662.1,8779,1,35.62,143,119.4,6.7,0.27,301.1,969.1,0,-0.01,2504.7
11:52:37,8677.9,8794.5,1,35.66,143.1,119.4,6.62,0.26,301.1,949.8,0,-0.01,2508.2
11:52:38,8693,8809.9,1,35.68,143.2,119.4,6.6,0.16,301.2,944.3,0,-0.01,2505
11:52:39,8709.2,8825.8,1,35.65,143.4,119.4,6.58,0.14,301.2,905.4,0,-0.01,2508.7
11:52:40,8724.1,8840.9,1,35.71,143.5,119.5,6.6,0.2,301.2,898.6,0,0,2509.5
11:52:41,8739.9,8856.8,1,35.64,143.7,119.6,6.64,0.2,301.2,916.1,0,0,2509.9
11:52:42,8755.9,8872.4,1,35.64,143.8,119.6,6.66,0.22,301.3,913.4,0,0,2508.4
11:52:43,8773,8889.8,1,35.64,143.8,119.5,6.7,0.24,301.3,904.7,0,0,2508.9
11:52:45,8803.3,8920.1,1,35.64,144,119.6,6.78,0.21,301.2,926.9,-0.01,-0.01,2508.9
11:52:46,8822,8938.9,1,35.63,144.1,119.7,6.78,0.24,301.3,927.3,0,0,2508.9
11:52:48,8852.7,8969.5,1,35.58,144.2,119.6,6.71,0.05,301.3,926.9,0,-0.01,2509.1
11:52:49,8869.3,8985.8,1,35.65,144.3,119.6,6.65,0.09,301.4,938.5,0,-0.01,2507.2
11:52:50,8885,9001.5,1,35.61,144.4,119.5,6.64,0.23,301.5,946.6,0,0,2507.4
11:52:51,8900.9,9017.7,1,35.61,144.5,119.5,6.57,0.05,301.6,944.1,0,-0.01,2509.6
11:52:52,8916.7,9033.2,1,35.64,144.6,119.5,6.55,0.16,301.6,926.2,0,-0.01,2507.8
11:52:53,8934,9050.8,1,35.61,144.7,119.5,6.54,0.19,301.8,910.3,0,-0.01,2506.7
11:52:55,8963.2,9079.8,1,35.66,145,119.6,6.51,0.12,301.9,928.8,-0.01,-0.02,2504.8
11:52:56,8979,9095.8,1,35.65,145.1,119.5,6.48,0.15,302,912.4,0,-0.02,2506.1
11:52:57,8994.1,9110.7,1,35.61,145.2,119.4,6.48,0.15,302.1,890,0,-0.01,2506.6
11:52:58,9010,9126.8,1,35.61,145.4,119.3,6.43,0,302.2,880.5,0.01,-0.02,2502.2
11:52:59,9024.4,9140.9,1,35.64,145.6,119.5,6.37,0.11,302.2,879.4,0,-0.01,2508.8
11:53:01,9041.6,9158.4,1,35.66,145.8,119.6,6.32,-0.2,302.4,880.3,0.01,0,2508.6
11:53:02,9069,9185.8,1,35.68,146.1,119.6,6.36,0.2,302.6,844.8,0,-0.01,2507.4
11:53:04,9097.8,9214.6,1,35.63,146.5,119.7,6.42,0.05,302.8,839.9,0,0.01,2509.2
11:53:06,9125.2,9241.8,1,35.68,146.8,120.2,6.48,0.13,302.9,855.1,0,0.01,2510
11:53:07,9140.4,9256.9,1,35.69,146.9,119.9,6.49,0.29,302.9,842.9,0,0,2508.8
11:53:08,9156.8,9273.6,1,35.65,147,119.9,6.54,0.21,302.9,841.4,-0.01,-0.01,2509.5
11:53:09,9172.3,9289.1,1,35.67,147.2,120.2,6.57,0.03,303.1,858.6,0,-0.01,2509.2
11:53:11,9203.5,9319.9,1,35.68,147.3,119.8,6.64,-0.09,303.1,895.6,0,0,2507
11:53:12,9220.3,9337.1,1,35.66,147.3,120.2,6.61,0.09,302.9,897.7,0,-0.01,2506.2
11:53:14,9250.7,9367.2,1,35.63,147.4,120.2,6.6,0.1,302.9,921.1,0,-0.03,2510.6
11:53:15,9267.3,9384.1,1,35.65,147.5,120.2,6.58,0.01,303,923.8,0,-0.04,2509.9
11:53:16,9283,9399.5,1,35.63,147.5,120.4,6.61,0.1,303,915.7,0,0,2508.8
11:53:17,9302.4,9419.2,1,35.6,147.6,120.4,6.54,0.01,303.2,929.1,-0.01,0,2509.2
11:53:19,9332.3,9448.8,1,35.63,147.7,120.4,6.8,-0.31,303.2,944.9,0,0.02,2508.9
11:53:20,9349.6,9466.4,1,35.66,147.7,120.4,6.77,-0.02,303.2,944,0,0,2512.4
11:53:21,9366.4,9483.2,1,35.66,147.6,120.7,6.78,0.3,303.4,956,0.01,0.02,2507.3
11:53:22,9386.3,9503,1,35.62,147.6,120.4,6.93,-0.05,303.4,964.1,0,0,2506.9
11:53:24,9421.3,9538.1,1,35.62,147.4,120.5,7.08,0.19,303.5,1008,0,-0.01,2509.7
11:53:25,9440,9556.8,1,35.58,147.3,120.2,7.1,0.24,303.4,1039,-0.01,-0.02,2509.5
11:53:26,9457.7,9574.5,1,35.69,147.1,120.6,6.98,-0.13,303.7,1053.5,0,-0.01,2508.3
11:53:27,9476.9,9593.7,1,35.68,147,120.5,7.13,-0.05,303.6,1052,0,0.02,2506.5
11:53:28,9496.3,9613.1,1,35.64,146.9,120.5,7.02,-0.01,303.7,1064.4,0.01,-0.02,2508.1
11:53:29,9514.8,9631.6,1,35.65,146.8,120.7,7.05,0.23,303.7,1104.4,0,0.01,2507.4
11:53:30,9535,9651.8,1,35.7,146.6,120.8,7.11,0.05,303.9,1073.9,0,0,2510
11:53:31,9553.7,9670.5,1,35.68,146.5,120.4,7.14,0,303.8,1081.8,0,0,2507.6
11:53:32,9572.1,9688.9,1,35.66,146.4,120.3,7.12,0.09,303.9,1112.6,0,-0.01,2508.8
11:53:33,9593.5,9710.3,1,35.65,146.2,120.4,7.08,-0.02,303.9,1130.3,0,0.01,2506.7
11:53:35,9629.2,9745.7,1,35.66,146,120,7.02,0.13,303.9,1126.6,0,-0.01,2508.7
11:53:36,9649.6,9766.4,1,35.61,145.9,119.9,6.91,0.11,304.1,1131.4,0,-0.02,2504.6
11:53:38,9685.4,9801.8,1,35.67,145.9,119.7,6.87,0.11,304.2,1104.7,0,-0.01,2508
11:53:39,9704.7,9821.5,1,35.7,145.9,119.5,6.8,0.14,304.1,1094.8,0,-0.02,2505.6
11:53:40,9722.9,9839.4,1,35.62,145.9,119.5,6.7,0.16,304.1,1083.6,0,-0.02,2509.9
11:53:41,9740.4,9856.8,1,35.63,145.9,119.8,6.68,0.15,304.1,1069.6,0,0,2511.5
11:53:42,9759.4,9876.2,1,35.65,146,119.8,6.66,0.01,304,1053.4,0,0,2508.1
11:53:43,9777,9893.8,1,35.68,146,120,6.78,0.1,304.1,1044.3,0,0,2508.2
11:53:44,9795.2,9912,1,35.65,146,120,6.83,0.04,304.1,1039.2,0,-0.01,2509.2
11:53:45,9814,9930.8,1,35.65,146,120,6.87,0.14,304.1,1040,0,0,2508.9
11:53:46,9832.7,9949.5,1,35.65,146,120,6.89,0.23,304.2,1047.9,0,-0.01,2508.9
11:53:47,9851.2,9967.8,1,35.61,145.9,119.9,6.89,0.15,304.3,1065.9,0,-0.01,2508.6
11:53:48,9871.3,9988.1,1,35.59,145.8,120.1,6.92,0.11,304.3,1063,0.01,0.01,2508
11:53:50,9907.4,10024.3,1,35.64,145.7,120.2,6.98,0.14,304.3,1094.1,0,0,2508.5
11:53:51,9927.3,10044.1,1,35.61,145.6,119.9,6.98,-0.1,304.5,1088.2,0.01,-0.02,2507.6
11:53:52,9945,10061.8,1,35.59,145.5,119.8,6.99,0.12,304.5,1079.6,-0.01,-0.02,2508.4
11:53:53,9963.2,10080,1,35.67,145.4,120,6.94,-0.07,304.6,1088.6,0,-0.01,2507
11:53:55,9985.8,10102.6,1,35.64,145.3,120,6.92,-0.07,304.5,1089,0,-0.02,2507.5
11:53:56,10020,10136.9,1,35.64,145.2,119.9,6.88,-0.1,304.4,1085.7,0.01,-0.01,2507.8
11:53:57,10038.9,10155.3,1,35.62,145.2,119.6,6.81,0.08,304.4,1077.7,0,-0.03,2505.8
11:53:58,10058.9,10175.6,1,35.65,145.2,119.6,6.78,0.02,304.4,1090.2,0,-0.02,2509.4
11:54:00,10093.1,10209.5,1,35.69,145.2,119.5,6.7,0.08,304.5,1043.2,0,-0.01,2506.8
11:54:01,10110.7,10227.4,1,35.66,145.2,119.5,6.61,0,304.4,1037.3,0,-0.01,2508.3
11:54:02,10127.8,10244.5,1,35.66,145.3,119.6,6.62,0.15,304.4,1026,0,-0.01,2506.9
11:54:03,10145.1,10261.8,1,35.64,145.3,119.6,6.59,-0.04,304.5,1008.6,0,0,2505.7
11:54:04,10160.8,10277.5,1,35.65,145.4,120,6.59,0.08,304.6,995.8,0,-0.01,2507.4
11:54:05,10178.6,10295.3,1,35.68,145.4,120,6.71,0.08,304.6,1004.5,0,0,2506.3
11:54:07,10213.5,10330.2,1,35.73,145.4,119.9,6.81,0.19,304.8,985.7,0,-0.02,2508.8
11:54:09,10247.9,10364.6,1,35.73,145.4,119.6,6.76,0.15,304.7,1025.9,-0.01,-0.02,2507.4
11:54:11,10279.6,10396,1,35.65,145.5,119.5,6.61,0.02,304.9,1031.8,0,-0.01,2505.8
11:54:12,10296.3,10413,1,35.67,145.6,119.6,6.56,-0.11,304.8,1005.9,0,-0.01,2508.3
11:54:13,10311.4,10428.1,1,35.66,145.7,119.6,6.47,0.15,304.8,980.5,0,-0.01,2509.2
11:54:14,10328.6,10445.3,1,35.71,145.8,119.8,6.46,0.22,304.9,960.5,0,-0.02,2510.1
11:54:16,10362,10478.5,1,35.67,146,119.3,6.51,0.19,304.8,911.2,0,-0.01,2511.9
11:54:17,10377.9,10494.6,1,35.66,146.1,119.1,6.38,0.03,304.7,907.3,0,-0.01,2509.5
11:54:18,10393.3,10509.8,1,35.62,146.3,119.3,6.3,0.05,304.6,901.3,0,-0.02,2506.8
11:54:19,10408,10524.5,1,35.62,146.5,119.4,6.25,0.08,304.6,903.2,0,-0.01,2508.2
11:54:20,10422.5,10539,1,35.66,146.6,119.5,6.23,0.03,304.6,891.8,0,-0.01,2509.4
11:54:21,10436.6,10553.1,1,35.67,146.8,119.6,6.17,0.09,304.5,875.9,-0.01,-0.02,2507.3
11:54:22,10450,10566.5,1,35.64,147,119.8,6.09,0.07,304.5,854.2,0,-0.02,2508
11:54:23,10463.6,10580,1,35.63,147.3,119.8,6.17,0.19,304.5,838,0,0,2509.8
11:54:24,10477.5,10594,1,35.64,147.4,119.8,6.27,0.08,304.5,806.9,0,0.01,2507.9
11:54:25,10491.5,10608,1,35.63,147.6,119.9,6.37,0.02,304.5,812.4,0,0.01,2505.7
11:54:26,10506.8,10623.5,1,35.62,147.7,119.7,6.42,0.02,304.5,822.8,0,0,2507.4
11:54:27,10522.2,10639,1,35.67,147.8,119.8,6.45,0.15,304.4,826,0,0,2507
11:54:28,10536.8,10653.2,1,35.69,148,119.4,6.44,-0.07,304.4,831.7,0,0,2508.3
11:54:29,10552.3,10668.8,1,35.66,148.1,119.4,6.39,0.38,304.4,846.7,-0.01,-0.02,2508.5
11:54:30,10566.5,10683,1,35.6,148.2,119.3,6.31,0.07,304.4,864.7,0,-0.02,2507.3
11:54:31,10582,10698.7,1,35.62,148.4,119.3,6.19,0.04,304.4,905.2,0,-0.02,2506.9
11:54:32,10596.3,10712.7,1,35.64,148.6,119.2,6.08,0.11,304.3,891.4,0,-0.02,2506.4
11:54:33,10610,10726.4,1,35.66,148.9,119.4,6.04,0.08,304.4,855,0,-0.01,2510.3
11:54:34,10625.2,10741.9,1,35.56,149.1,119.5,5.99,0,304.4,833.7,0,0,2505.9
11:54:35,10638.3,10755,1,35.52,149.4,119.6,6.08,0.11,304.4,800.7,-0.01,0,2506.6
11:54:36,10653.6,10769.3,1,35.55,149.6,119.8,6.06,0.13,304.3,809.3,0,0,2508.8
11:54:37,10667.2,10784,1,35.58,149.8,120,5.6,0.16,304.4,825.7,0,-0.06,2509
11:54:38,10680.1,10796.6,1,35.58,150.1,120,5.11,0.31,304.4,825.3,0,-0.06,2510.1
11:54:39,10691.5,10808,1,35.64,150.6,120.3,4.54,0.25,304.3,782.6,0,-0.07,2509
11:54:40,10699.6,10816.3,1,35.59,151.3,120.7,3.91,0.24,304.2,725.2,0,-0.09,2509.2
11:54:41,10706.2,10823,1,35.6,152.1,121.4,2.98,0.14,304.3,665.8,0,-0.1,2510.9
11:54:42,10709.6,10826.3,1,35.63,153.1,122.1,2.54,-0.07,304.2,547,0,-0.06,2510.9
11:54:43,10711.5,10828.2,1,35.68,154.3,123.3,1.85,-0.01,304.3,376.5,0.01,-0.05,2510.9
11:54:45,10709.4,10826.1,1,35.66,156.9,125.5,1.63,-0.02,304.6,113.4,0,0.01,2507.9
11:54:46,10708.4,10825.1,1,35.7,158.2,126.3,1.64,-0.02,304.6,-10,0.01,0.02,2510.4
11:54:47,10706.9,10823.6,1,35.75,159.5,127.4,1.74,0.1,304.7,-73.5,0.01,0.03,2508.8
11:54:48,10706.5,10823.2,1.01,35.79,160.7,128.5,1.96,-0.14,304.8,-96.9,0.01,0.04,2507.7
11:54:49,10707.1,10823.8,1.01,35.73,161.8,129.3,2.1,-0.16,304.8,-97.9,0.01,0.02,2509.3
11:54:50,10708.4,10825.1,1,35.76,162.9,130.1,1.89,-0.12,304.8,-72.9,0.01,-0.01,2507.1
11:54:51,10709.8,10826.5,1,35.73,163.9,131.2,1.69,-0.22,304.8,0.9,0.01,-0.03,2509.3
11:54:52,10709.4,10826.2,1.01,35.76,164.9,131.8,1.47,-0.33,304.8,22,0.01,-0.02,2510.1
11:54:53,10709.3,10826,1,35.71,166,132.8,1.38,-0.44,304.8,16.4,0,-0.01,2508.7
11:54:54,10708.5,10825.2,1,35.75,167,133.7,1.4,-0.46,304.7,19.5,0.01,0,2509.6
11:54:55,10707.4,10824.1,1,35.74,168,134.7,1.11,-0.45,304.7,5.1,0.01,-0.03,2511
11:54:56,10705.4,10822.1,1,35.75,169,135.6,1.14,-0.43,304.7,-45.7,0.01,0.01,2508.1
11:54:57,10703,10819.8,1,35.76,170.1,136.5,1.26,-0.38,304.6,-98.4,0.01,0.03,2507.4
11:54:58,10702.1,10818.8,1.01,35.77,171,137.3,1.32,-0.51,304.5,-96.8,0.01,0.02,2507.4
11:54:59,10700.8,10817.4,1.01,35.75,171.9,138.1,1.26,-0.58,304.4,-101.5,0.01,0.01,2511.8
11:55:00,10699.9,10816.5,1.01,35.77,172.7,138.8,1.32,-0.57,304.4,-90.5,0.01,0.02,2507.9
11:55:01,10699.4,10816,1.01,35.78,173.6,139.5,1.3,-0.64,304.3,-65.5,0,0,2509
11:55:02,10699.1,10815.7,1.01,35.81,174.3,140.2,1.27,-0.56,304.2,-29.1,0,0.01,2508.3
11:55:03,10699.3,10815.9,1.01,35.76,175.1,140.8,1.07,-0.62,304.2,-19.6,0,-0.02,2506.7
11:55:05,10698.2,10814.8,1.01,35.8,176.6,142,1.16,-0.58,303.9,-37.6,0,0.01,2504.8
11:55:06,10698,10814.6,1.01,35.79,177.3,142.7,1.13,-0.58,303.9,-34,0.01,0.01,2506.3
11:55:07,10698,10814.7,1.01,35.78,178,143.6,1.04,-0.69,303.8,22.4,0.01,0,2506
11:55:08,10698,10814.7,1.01,35.73,178.7,144.3,0.78,-0.31,303.8,37,0,-0.03,2509.8
11:55:09,10696.5,10813.1,1.01,35.8,179.4,145.2,0.71,-0.22,303.9,48.3,0,-0.01,2509.1
11:55:11,10693.8,10810.4,1.01,35.76,180.8,145.7,0.67,-0.44,303.7,-43.4,0,0.01,2505.9
11:55:12,10692.4,10809.1,1.01,35.77,181.5,146.5,0.6,-0.47,303.7,-69,0,-0.01,2509.3
11:55:13,10690.9,10807.5,1.01,35.81,182.2,147,0.46,-0.46,303.7,-78.4,0,-0.02,2505.7
11:55:14,10688.8,10805.4,1.01,35.75,182.9,147.6,0.43,-0.53,303.6,-70.4,0,0,2506.3
11:55:15,10687.5,10804.1,1.01,35.73,183.6,148.3,0.51,-0.41,303.7,-83.7,0.01,0.01,2508.8
11:55:16,10685.2,10801.8,1.01,35.76,184.2,148.9,0.59,-0.27,303.7,-96.7,0,0.02,2509.3
11:55:17,10684.4,10801,1.01,35.81,184.8,149.8,0.7,-0.26,303.6,-98.1,0.01,0.02,2508.1
11:55:18,10683.9,10800.5,1.01,35.83,185.3,150.3,0.8,-0.31,303.6,-91.3,0,0.02,2509.6
11:55:19,10683.7,10800.3,1.01,35.8,185.8,151,0.83,-0.48,303.7,-69,0,0.01,2506.6
11:55:20,10683.8,10800.4,1.01,35.77,186.2,151.4,0.78,-0.46,303.6,-44.5,0,-0.01,2505.3
11:55:21,10683.2,10799.8,1.01,35.75,186.6,151.9,0.57,-0.34,303.6,6.9,0.01,-0.02,2506.6
11:55:22,10682.7,10799.3,1.01,35.76,187,152.4,0.43,-0.38,303.6,-2,0,-0.02,2505.5
11:55:23,10680.6,10797.3,1.01,35.76,187.4,152.7,0.35,-0.54,303.6,-35.4,0,-0.01,2509.9
11:55:24,10678.2,10794.9,1.01,35.82,187.9,153.1,0.34,-0.4,303.6,-47.3,0,0.01,2510.2
11:55:25,10676,10792.7,1.01,35.49,188.3,153.6,0.3,-0.4,303.5,-72.2,0,0,2509.8
11:55:26,10673.8,10790.4,0.97,33.94,188.8,154,0.27,-0.31,303.6,-98.3,0.01,0.01,2506.4
11:55:27,10672.1,10788.8,0.95,33.48,189.1,154.3,0.23,-0.27,303.6,-131.7,0,0.01,2509.1
11:55:28,10669.3,10785.9,0.95,33.27,189.5,154.6,0.3,-0.23,303.6,-167.9,0,0.02,2509.9
11:55:29,10667.6,10784.3,0.94,32.63,189.7,154.8,0.42,-0.29,303.6,-147.9,0,0.03,2508.1
11:55:31,10665.3,10782,0.91,31.92,190.2,155,0.48,-0.37,303.7,-115.7,0.01,0.01,2511.1
11:55:32,10664.6,10781.2,0.91,31.91,190.3,155.3,0.49,-0.41,303.7,-98.1,0,0,2509.4
11:55:33,10663.6,10780.2,0.91,31.54,190.5,155.2,0.49,-0.27,303.7,-84.1,0.01,0,2511.6
11:55:34,10663.3,10780,0.89,31.07,190.6,155.3,0.52,-0.36,303.7,-58,0.01,0.01,2510
11:55:36,10662.3,10779,0.86,30.26,190.7,155.3,0.59,-0.42,303.7,-30.8,0,0,2510.9
11:55:37,10662.1,10778.7,0.86,30.05,190.7,155.1,0.57,-0.41,303.6,-21.3,0.02,-0.01,2512.2
11:55:38,10661.4,10778,0.86,29.97,190.7,155.1,0.57,-0.44,303.6,-28.9,0,0.01,2509.8
11:55:39,10661.6,10778.2,0.86,29.97,190.7,155.1,0.59,-0.52,303.5,-14.7,0.01,0.01,2511.7
11:55:40,10660.6,10777.2,0.87,30.05,190.7,155.2,0.6,-0.57,303.3,-5.6,0,0.01,2512
11:55:41,10660.5,10777.2,0.88,30.12,190.8,155.2,0.6,-0.46,303.2,-13.3,0,0,2508.8
11:55:42,10660.2,10776.9,0.88,30.08,190.8,155.3,0.63,-0.38,303.3,-7,0.01,0.01,2511.1
11:55:43,10660.1,10776.7,0.88,29.9,190.8,155.2,0.6,-0.3,303.2,12.3,0,0,2510.5
11:55:44,10659.7,10776.4,0.88,29.82,190.7,155.2,0.59,-0.32,303.2,-19.7,0.01,0,2508.6
11:55:45,10658.9,10775.5,0.86,29.78,190.6,155.2,0.63,-0.26,303.2,-30.9,0.01,0,2508.4
11:55:46,10658.7,10775.3,0.83,29.79,190.5,154.9,0.63,-0.15,303.3,-32.4,0.01,0,2507.1
11:55:47,10657.7,10774.3,0.81,29.8,190.3,154.8,0.62,-0.13,303.3,-26.7,0,0,2509.6
11:55:48,10657.3,10773.9,0.81,29.87,190.2,154.6,0.62,-0.24,303.2,-30.1,0,-0.01,2512.8
11:55:49,10656.8,10773.4,0.81,30.07,190,154.5,0.66,-0.22,303.3,-29.6,0,0,2507.3
11:55:50,10656.2,10772.9,0.81,30.18,189.8,154.5,0.73,-0.27,303.3,-27.3,0,0,2510.8
11:55:51,10656.5,10773.1,0.81,30.32,189.7,154.4,0.79,-0.31,303.2,-15.6,0,0,2508
11:55:52,10656.1,10772.7,0.81,30.33,189.5,154.3,0.87,-0.35,303.2,-15,0,0.02,2509.7
11:55:53,10656.8,10773.4,0.81,30.33,189.3,154.3,0.92,-0.27,303.2,-1.4,0.01,0.01,2509.5
11:55:54,10657.3,10774,0.82,30.34,189.1,154,0.97,-0.27,303.1,6.6,0,0.01,2508.9
11:55:55,10657.8,10774.4,0.81,30.36,188.9,154.2,0.99,-0.29,303.1,30.6,0,-0.01,2509.9
11:55:56,10658.4,10775,0.81,30.33,188.7,153.7,1.01,-0.29,303,9.4,-0.01,-0.01,2508.4
11:55:57,10658.5,10775.1,0.82,30.3,188.4,153.6,1.01,-0.23,303.1,15.9,0,0,2507.2
11:55:58,10658.9,10775.3,0.81,30.28,188.2,153.4,1.07,-0.25,303,31.1,0,-0.01,2510.6
11:55:59,10658.8,10775.3,0.82,30.29,188,153.3,1.07,-0.25,303,46,0,0,2510.6
11:56:00,10659.2,10775.6,0.81,30.28,187.8,152.9,1.07,-0.19,302.9,21.1,0,0,2507.7
11:56:01,10659.5,10776,0.81,30.25,187.6,152.8,1.08,-0.14,302.9,11.6,0,0,2510.2
11:56:02,10660,10776.4,0.81,30.26,187.4,152.6,1.1,-0.21,302.9,31.6,0,0.01,2505.8
11:56:03,10661.3,10777.7,0.82,30.29,187.2,152.7,1.08,-0.13,302.9,46.6,0.01,0,2508.8
11:56:04,10662.4,10778.9,0.81,30.27,187,152.5,1.03,-0.07,302.9,37.8,0,0,2506.7
11:56:05,10663.4,10779.9,0.81,30.23,186.8,152.5,1.03,-0.11,302.8,47.8,0,0.01,2507.2
11:56:07,10664.7,10781.2,0.81,30.24,186.5,152.2,0.94,-0.08,302.9,35.9,0,-0.01,2507.8
11:56:08,10665.2,10781.7,0.81,30.3,186.4,152.1,0.91,-0.02,302.8,31.7,0,0,2509.6
11:56:09,10665.5,10782,0.81,30.26,186.3,152.1,0.92,-0.04,302.8,44.9,0,0,2508.1
11:56:10,10664.7,10781.1,0.81,30.22,186.1,151.9,0.9,-0.09,302.8,26.8,0,0,2510.2
11:56:11,10664.5,10781,0.81,30.23,186,151.8,0.88,-0.05,302.9,5.3,0,0,2510
11:56:12,10664.7,10781.1,0.81,30.23,186,151.7,0.9,0.07,302.9,5.8,0,0.01,2506.1
11:56:13,10664.7,10781.1,0.81,30.23,185.9,151.5,0.89,0.11,302.9,29.4,0,0,2509.4
11:56:14,10664.7,10781.2,0.81,30.26,185.8,151.5,0.89,0.11,302.9,35.7,0,0,2508.6
11:56:15,10664.8,10781.3,0.81,30.27,185.7,151.3,0.9,0.19,302.8,31.8,0,0,2509.4
11:56:16,10666.4,10782.9,0.81,30.25,185.6,151.3,0.87,0.15,302.9,25.6,0,0,2511.1
11:56:17,10666.9,10783.4,0.81,30.25,185.6,151.3,0.87,0.14,302.9,-3.7,0,0,2508.2
11:56:18,10667,10783.5,0.81,30.28,185.5,151.3,0.87,0.1,302.8,-2.9,0,0.01,2509.6
11:56:19,10667.3,10783.7,0.81,30.25,185.4,151.2,0.86,0.1,302.8,-2.6,0,-0.01,2508.3
11:56:20,10667.4,10783.8,0.81,30.21,185.4,150.9,0.88,0.07,302.9,-31.2,0,0.01,2509
11:56:21,10668,10784.5,0.81,30.22,185.3,151,0.97,0.05,302.9,-26.2,0,0.01,2507
11:56:22,10666.2,10782.7,0.81,30.23,185.3,151,1.01,0.12,302.9,-26.8,0,0.01,2508.6
11:56:23,10666.4,10782.8,0.81,30.21,185.2,151,1.02,0.16,302.9,-14.5,0,0.01,2512.1
11:56:24,10667.1,10783.6,0.81,30.28,185.1,150.8,0.98,0.05,303,22.5,0,-0.01,2507.7
11:56:25,10667.6,10784.1,0.81,30.21,185,150.4,1.08,0.05,303,16.4,0,0.01,2509.6
11:56:26,10668.5,10785,0.81,30.28,184.9,150.3,1.03,0.12,302.9,17.1,-0.01,0,2507.5
11:56:28,10672,10788.5,0.81,30.26,184.7,150.2,1,0.21,302.9,53.4,0,0,2508.3
11:56:29,10673,10789.5,0.81,30.25,184.7,150,0.94,0.11,302.9,75.9,-0.01,-0.02,2508.3
11:56:30,10673.3,10789.7,0.81,30.22,184.6,149.8,0.87,0.09,302.9,47,0,-0.02,2507.8
11:56:31,10673.1,10789.6,0.81,30.25,184.6,149.9,0.88,0.08,302.9,31.2,0,-0.01,2506.2
11:56:32,10672.8,10789.3,0.82,30.21,184.6,149.7,0.89,0.02,302.9,0.6,0,0.01,2508.5
11:56:33,10672.9,10789.4,0.81,30.25,184.6,149.7,0.93,0.04,302.9,-6.8,0,0,2509.1
11:56:34,10670,10786.4,0.81,30.22,184.6,150,0.96,0.13,302.9,-5.6,0,0.01,2508
11:56:35,10669.2,10785.7,0.81,30.21,184.5,150.1,1.09,0.07,302.9,0.4,0.01,0.02,2508.4
11:56:36,10669.6,10786.1,0.81,30.27,184.4,150,1.29,-0.1,302.9,3.7,0,0.04,2509.1
11:56:37,10671,10787.4,0.81,30.27,184.3,149.9,1.47,0.16,302.9,16.7,0,0.03,2509
11:56:38,10673,10789.5,0.81,30.28,184.1,149.9,1.35,0.04,302.9,70.9,0,-0.02,2506
11:56:39,10674.8,10791.3,0.81,30.24,184,149.6,1.11,0.15,302.9,109.8,0,-0.03,2508.6
11:56:40,10678.1,10794.5,0.81,30.22,183.9,149.7,0.98,0.13,303,111.9,0,-0.02,2508.5
11:56:41,10678.5,10794.9,0.81,30.25,183.8,149.7,0.94,0.1,302.9,89.5,0,-0.01,2507.4
11:56:42,10677.9,10794.4,0.81,30.26,183.8,149.7,0.9,0.05,302.9,57.7,0,-0.01,2508.2
11:56:43,10677.3,10793.8,0.81,30.25,183.8,149.7,0.88,0.08,302.9,20.4,0,0,2510.7
11:56:44,10676.7,10793.2,0.81,30.24,183.8,149.8,0.89,0.03,303,-13.3,0,0.01,2508
11:56:45,10676.2,10792.7,0.81,30.28,183.7,149.9,0.91,0.05,303,-42.6,0,0,2508.5
11:56:46,10672.7,10789.2,0.81,30.26,183.7,149.9,0.96,0.08,302.9,-53.5,0,0.01,2510.5
11:56:47,10671.6,10788.1,0.81,30.25,183.7,149.9,1.01,0.09,303,-64.8,0,0.01,2508.7
11:56:48,10671.1,10787.6,0.81,30.27,183.6,150.2,1.04,0.04,303,-32.2,0,-0.01,2508.8
11:56:50,10670.2,10786.7,0.81,30.23,183.5,150.1,1.09,0.03,303,-14.1,0,0,2508.4
11:56:51,10669.4,10785.9,0.81,30.23,183.4,150,1.05,-0.03,303,-0.8,0,-0.01,2509.3
11:56:52,10671.4,10787.9,0.81,30.25,183.4,150.2,1.07,0.04,303.1,-8,0,0,2508.3
11:56:53,10671.8,10788.3,0.81,30.28,183.3,150.2,1.08,-0.03,303,-5,0,0,2507.1
11:56:54,10672,10788.5,0.82,30.27,183.3,150.2,1.08,0.11,303.1,-16,0,0,2512.4
11:56:55,10672,10788.5,0.81,30.24,183.1,150.1,1.11,0.16,303.1,-47.4,0,0.01,2508
11:56:56,10672.3,10788.8,0.82,30.25,183,149.9,1.19,0.09,303,-38.1,-0.01,0.01,2508.8
11:56:57,10673.7,10790.2,0.82,30.25,182.9,149.9,1.21,0.13,303.1,-18.6,0,0,2508.6
11:56:58,10672.2,10788.5,0.81,30.31,182.8,149.8,1.18,0.37,303.2,36.8,0,0,2510.3
11:56:59,10671.8,10788.1,0.82,30.26,182.7,149.9,1.09,0.12,303.2,56.1,0.01,-0.01,2509.1
11:57:00,10671.5,10787.8,0.81,30.24,182.6,149.5,1.02,-0.01,303,29.9,0,-0.01,2511
11:57:01,10670.8,10787.1,0.81,30.26,182.6,149.5,1.04,0.09,303,2.1,0,0,2509.8
11:57:02,10670.2,10786.5,0.82,30.29,182.5,149.6,1.12,-0.01,303.1,-4.3,0,0.01,2508.9
11:57:03,10669.4,10785.7,0.81,30.23,182.5,149.5,1.12,0.02,303.1,-24,0,0,2509.2
11:57:04,10671.3,10787.7,0.81,30.27,182.4,149.5,1.16,-0.04,303.1,1.7,0,0.01,2510.4
11:57:05,10671.7,10788,0.81,30.25,182.3,149.7,1.14,0.07,303.2,3.4,0,0,2511.6
11:57:06,10671.7,10788,0.81,30.28,182.2,149.6,1.13,-0.03,303.3,-19.4,0.01,0,2512
11:57:07,10671.6,10787.9,0.81,30.27,182.1,149.8,1.25,0,303.3,-30.1,0,0.02,2508
11:57:08,10671.8,10788.1,0.82,30.24,182,149.8,1.3,0.08,303.3,-28.5,0,0,2511.3
11:57:09,10673.1,10789.4,0.81,30.28,181.9,149.6,1.31,0.12,303.2,-19.8,0,0.01,2506.4
11:57:10,10671.4,10787.8,0.81,30.26,181.8,149.5,1.3,0.14,303.3,-1.3,0,0,2507.8
11:57:11,10671.2,10787.5,0.81,30.22,181.6,149.3,1.26,0.13,303.3,12.3,0,0,2506.9
11:57:12,10671.3,10787.6,0.81,30.21,181.5,149.3,1.26,0.08,303.2,28.2,0,0,2509.4
11:57:13,10671.6,10787.9,0.81,30.22,181.4,149,1.24,0.03,303.2,11.7,0,0,2508.7
11:57:14,10671.6,10788,0.81,30.23,181.3,148.7,1.19,-0.07,303.1,0.6,0,-0.01,2509.9
11:57:15,10671.4,10787.7,0.81,30.25,181.3,149.4,1.23,0.04,303.2,28.1,-0.01,0.01,2510.6
11:57:16,10674.4,10790.7,0.82,30.26,181.2,149.3,1.14,0.14,303.2,64.7,0,-0.02,2510.2
11:57:17,10674.8,10791.1,0.82,30.31,181.1,148.9,0.97,0.14,303.2,55.4,0,-0.02,2509.7
11:57:19,10674.1,10790.4,0.81,30.27,181.1,148.9,0.93,0,303.1,0.6,0,0,2509.4
11:57:20,10673.9,10790.2,0.81,30.24,181.2,149.1,0.97,0.01,303.1,-15.2,0,0,2510.5
11:57:21,10674.6,10790.9,0.81,30.24,181.2,149.2,0.98,-0.13,303,-9.1,0.01,0,2510.5
11:57:22,10672,10788.3,0.81,30.28,181.2,148.9,0.93,0.09,302.9,29.1,0,-0.01,2509.1
11:57:23,10671,10787.3,0.81,30.24,181.2,148.8,0.92,0.02,302.8,-26.9,-0.01,0,2509.5
11:57:24,10670.4,10786.8,0.81,30.26,181.2,148.9,0.92,0.07,302.8,-24.6,0,0.01,2508.2
11:57:25,10670.2,10786.6,0.81,30.19,181.2,148.7,0.92,0,302.8,-46.2,0,-0.04,2508.8
11:57:26,10669.8,10786.1,0.81,30.19,181.2,148.8,0.96,0.02,302.8,-10.5,0,-0.01,2509.6
11:57:27,10669.2,10785.5,0.81,30.24,181.3,148.6,0.93,0.04,302.8,-3.4,0,-0.01,2506.4
11:57:28,10671.3,10787.6,0.81,30.23,181.3,148.4,0.93,-0.12,302.7,-16.7,0,0.03,2509.7
11:57:30,10672.2,10788.6,0.81,30.22,181.3,149,1.03,0.21,302.7,-35.7,0,0,2510.9
11:57:31,10673,10789.3,0.81,30.25,181.3,149,1.07,0.02,302.8,13.6,0,-0.01,2512.1
11:57:32,10673.9,10790.2,0.81,30.25,181.3,149.1,1.02,0.05,302.8,35.4,0,0,2511.1
11:57:33,10675,10791.4,0.81,30.26,181.2,149,0.92,0.03,302.8,51,0.01,0,2509.2
11:57:34,10673.2,10789.5,0.81,30.25,181.2,148.7,0.86,0.02,302.7,20.1,0.01,-0.04,2507.2
11:57:35,10672,10788.3,0.81,30.24,181.3,149,0.7,-0.19,302.7,11.8,0.01,-0.02,2510.1
11:57:36,10670.7,10787,0.81,30.26,181.3,148.8,0.44,-0.01,302.8,3.7,0,-0.05,2511
11:57:37,10668.2,10784.5,0.81,30.23,181.4,149.2,0.37,0.23,302.8,-21.8,-0.01,-0.02,2507.6
11:57:38,10665.6,10781.9,0.81,30.25,181.6,149.3,0.53,-0.01,302.9,-55.8,0.01,0.03,2508.3
11:57:39,10663.1,10779.5,0.81,30.28,181.8,149.6,0.66,0.01,302.8,-99.9,-0.01,0.01,2510.1
11:57:40,10663.3,10779.6,0.81,30.26,181.9,149.8,0.76,-0.07,303,-122.5,-0.01,0.01,2510.4
11:57:41,10662.8,10779.1,0.81,30.27,181.9,149.8,0.93,-0.05,302.9,-102.9,0,0.03,2508
11:57:42,10662.9,10779.2,0.82,30.33,181.9,149.7,1.1,-0.01,302.9,-83.6,0,0.02,2507.7
11:57:43,10663.7,10780.1,0.82,30.27,181.9,149.6,1.41,-0.01,302.9,-51.4,0,0.05,2510.1
11:57:44,10666.2,10782.5,0.82,30.3,181.8,149.3,1.7,-0.09,302.9,-21.2,0,0.04,2508.5
11:57:45,10670.8,10787.1,0.82,30.21,181.5,149,1.63,0.07,302.9,52.9,0.01,-0.02,2510
11:57:46,10671.9,10788.3,0.81,30.29,181.4,148.8,1.37,0,302.9,118.6,0,-0.04,2509.3
11:57:47,10673.5,10789.8,0.81,30.27,181.2,148.6,1.29,-0.14,302.8,147.1,0,-0.03,2507.8
11:57:48,10674.4,10790.7,0.81,30.24,181.1,148.5,1.16,-0.18,302.9,152.3,0,-0.03,2510.2
11:57:49,10674.7,10791,0.81,30.26,181.1,148.3,1.09,-0.1,302.9,117.9,-0.01,-0.03,2511.8
11:57:50,10674.7,10791,0.81,30.27,181,148.3,1.02,-0.1,302.9,102,0,-0.02,2509.5
11:57:51,10673.9,10790.3,0.81,30.29,181.1,148,0.91,-0.01,302.7,69.8,-0.01,-0.02,2508.9
11:57:52,10674.4,10790.7,0.81,30.3,181.1,148,0.9,-0.08,302.8,34.4,0,0,2508.9
11:57:53,10673.4,10789.7,0.81,30.31,181.2,147.8,0.9,-0.09,302.7,-4.5,0,0,2506.3
11:57:54,10672.8,10789.1,0.81,30.26,181.3,148.1,0.93,0.02,302.8,-17,0,0,2510.5
11:57:55,10671.9,10788.2,0.81,30.28,181.3,148.2,0.92,0.07,302.7,-45,0,0.01,2509.2
11:57:56,10671,10787.3,0.81,30.27,181.4,148.3,0.99,0.03,302.8,-41.3,0,0.01,2509.5
11:57:57,10670.9,10787.3,0.82,30.27,181.4,148.3,1.03,0.01,302.7,-42.3,0,0,2508.6
11:57:58,10669.2,10785.4,0.81,30.28,181.4,148.3,1.07,-0.08,302.8,-36.1,0,-0.01,2507.9
11:57:59,10668.2,10784.3,0.82,30.33,181.4,148.2,1.13,0.13,302.8,-52.5,0,0,2508.3
11:58:00,10667.6,10783.8,0.81,30.31,181.4,148.4,1.18,0.15,302.9,-47.5,0,0.01,2508.9
11:58:01,10667.3,10783.5,0.81,30.31,181.4,148.3,1.26,0.09,302.9,-52.1,0,0.01,2510
11:58:02,10667.3,10783.5,0.81,30.32,181.4,148.7,1.33,-0.11,302.9,-49.8,0,0.01,2510.6
11:58:03,10667.2,10783.3,0.81,30.31,181.3,148.6,1.4,-0.07,303,-38.7,0,0.01,2509.7
11:58:04,10668.6,10784.8,0.81,30.27,181.2,148.7,1.41,-0.08,302.9,-2.7,0,0,2510
11:58:05,10669.3,10785.4,0.81,30.31,181.1,148.5,1.38,0.01,302.9,10.8,0.01,0,2510.8
11:58:06,10669.7,10785.9,0.82,30.33,181,148.7,1.35,-0.01,302.8,14.1,0,0,2509
11:58:07,10670.1,10786.2,0.81,30.32,180.9,148.6,1.33,0.01,302.9,35.8,0,0,2508.8
11:58:08,10670.2,10786.3,0.82,30.29,180.8,148.5,1.33,0.01,302.8,15.9,0,0,2509.1
11:58:09,10670.6,10786.7,0.81,30.33,180.7,148.5,1.4,-0.02,302.8,-4.7,0,0.01,2509.6
11:58:10,10669.9,10786,0.81,30.35,180.6,148.4,1.43,-0.05,302.8,-2.1,-0.01,0,2509.8
11:58:11,10670.4,10786.6,0.82,30.3,180.5,148.5,1.38,0.02,302.8,27.2,0,0,2509
11:58:12,10670.8,10786.9,0.81,30.29,180.5,148.3,1.2,0.02,302.8,41.1,0,-0.02,2506.6
11:58:13,10670.6,10786.7,0.82,30.31,180.4,148.4,1.15,0.03,302.8,38.3,0,0,2510.5
11:58:14,10670.2,10786.3,0.81,30.28,180.4,148.4,1.1,0.07,302.8,24.6,0,0,2507.5
11:58:15,10670.1,10786.3,0.81,30.29,180.4,148.3,1.07,0.11,302.8,14.8,0,0,2509.5
11:58:16,10670.7,10786.8,0.82,30.29,180.4,148.3,1.07,0.04,302.8,-10.7,0,0,2509.8
11:58:17,10670.2,10786.3,0.82,30.29,180.4,148.2,1.08,0.11,302.8,-25.5,0,0,2511.7
11:58:18,10669.6,10785.7,0.81,30.32,180.4,148.2,1.14,-0.01,302.8,-53.7,0,0.02,2512.6
11:58:19,10669.6,10785.7,0.82,30.31,180.4,148.1,1.19,-0.04,302.8,-25.2,0,0.01,2513.5
11:58:21,10669.4,10785.6,0.81,30.28,180.4,147.9,1.13,0.07,302.8,-16.6,0,0,2508.1
11:58:22,10668.4,10784.5,0.81,30.26,180.4,148.1,1.18,0.09,302.9,-13.3,0,0,2510.1
11:58:23,10668.5,10784.6,0.81,30.25,180.4,148,1.18,0.09,302.9,0.7,0,0,2509.3
11:58:24,10668.6,10784.7,0.81,30.33,180.4,147.9,1.18,-0.04,302.8,14.4,0,0,2511
11:58:25,10668.6,10784.7,0.81,30.33,180.4,147.9,1.15,-0.01,302.9,15.4,0,0,2509.6
11:58:26,10668.8,10784.9,0.81,30.32,180.4,148,1.13,-0.02,302.9,29.4,0,0,2509.8
11:58:27,10669.5,10785.6,0.82,30.28,180.4,148,1.04,0.02,302.9,34.4,0,-0.01,2512.6
11:58:28,10670.6,10786.7,0.81,30.27,180.4,148,1.03,-0.02,302.9,10.2,0,0,2511.1
11:58:29,10670.3,10786.4,0.82,30.3,180.4,148.2,1.04,0.05,302.8,1.6,0,0,2511.4
11:58:30,10670.2,10786.3,0.81,30.32,180.5,148.3,1.08,0.09,302.9,14.8,0,0,2510.1
11:58:31,10670.1,10786.2,0.81,30.27,180.5,148.1,1.04,0.08,302.9,-23.1,0,-0.01,2508.3
11:58:32,10669.8,10786,0.82,30.3,180.5,148.2,1.1,0.07,302.9,-39.8,0,0.01,2511.6
11:58:33,10669.6,10785.7,0.81,30.32,180.5,148.4,1.11,0.2,302.9,-13.9,0,0,2509.5
11:58:34,10668.4,10784.6,0.82,30.29,180.5,148.4,1.11,0.1,302.9,-14.2,0,-0.01,2508.5
11:58:35,10668.6,10784.8,0.81,30.3,180.5,148.5,1.11,-0.13,302.9,0.1,0,0,2508.4
11:58:36,10668.8,10785,0.81,30.32,180.4,148.7,1.07,-0.04,302.9,14.6,-0.01,-0.01,2511
11:58:37,10669,10785.1,0.82,30.31,180.4,148.9,1.03,0.07,303,19.4,0,-0.01,2511
11:58:38,10669,10785.1,0.82,30.31,180.4,148.9,1,-0.13,303,10.6,0,0,2508.8
11:58:39,10669.5,10785.7,0.82,30.29,180.4,148.7,1,0.04,303,1.8,0,0,2510.6
11:58:40,10670.3,10786.5,0.82,30.32,180.4,149,1,0.08,303.1,11.7,0,-0.01,2511.3
11:58:41,10670.4,10786.5,0.82,30.34,180.4,149,0.99,-0.07,303.1,-0.6,0.01,0,2509.5
11:58:42,10670.5,10786.6,0.82,30.31,180.4,149,1,-0.09,303.1,2.5,0.01,0,2511.5
11:58:43,10670.5,10786.7,0.81,30.32,180.4,148.7,1.05,-0.11,303,-26.5,0,0.01,2509.5
11:58:44,10670.8,10786.9,0.81,30.31,180.4,149,1.08,-0.02,303.1,12.7,0,0.01,2509.8
11:58:45,10670.9,10787,0.82,30.33,180.3,148.9,1.02,0.14,303.2,30,0,0,2512.2
11:58:47,10670.9,10787,0.81,30.32,180.3,148.9,0.94,0.05,303.1,0.9,0,0,2509.8
11:58:48,10670.8,10787,0.81,30.33,180.3,148.9,0.97,0.05,303.2,2,0,0,2510.1
11:58:49,10670.8,10786.9,0.81,30.27,180.3,148.9,0.99,0.02,303.2,14.1,-0.01,-0.01,2511.6
11:58:50,10670.5,10786.6,0.81,30.27,180.3,148.7,0.94,-0.11,303.1,1,0,-0.02,2510.2
11:58:51,10670.7,10786.9,0.81,30.31,180.4,148.7,0.97,-0.1,303.1,-6.4,-0.01,0,2508.5
11:58:52,10670.2,10786.3,0.81,30.3,180.4,148.7,1,-0.05,303,-10.2,-0.01,0.01,2511.5
11:58:53,10669.8,10786,0.81,30.29,180.4,148.8,1.01,-0.09,303.1,-9.5,0,0.01,2510.5
11:58:54,10670.3,10786.4,0.81,30.3,180.4,149.1,0.99,0.01,303.1,-19.7,0,0,2510.2
11:58:55,10670.4,10786.5,0.81,30.33,180.4,149.1,0.99,0,303,-15.6,0,0,2510.5
11:58:56,10670.4,10786.5,0.81,30.31,180.4,149,0.98,0.04,303,-13.4,0,-0.01,2510.4
11:58:57,10669.8,10785.9,0.82,30.31,180.4,149.2,0.83,0.09,303.1,4.9,0,-0.03,2512.3
11:58:58,10669.2,10785.1,0.82,30.29,180.4,149.2,0.66,0.07,303.1,11.6,0,-0.03,2509.1
11:58:59,10667.6,10783.5,0.82,30.33,180.5,149.2,0.53,-0.04,303.1,-11.7,0,-0.03,2512.9
11:59:00,10665,10780.9,0.82,30.3,180.5,149.5,0.6,0.1,303.1,-47.4,0,0,2509.7
11:59:01,10662.8,10778.7,0.82,30.28,180.7,149.5,0.77,-0.03,303.1,-96.3,0.01,0.03,2511.3
11:59:02,10661.2,10777.2,0.82,30.34,180.7,149.6,1,0,303.1,-126.3,0,0.03,2508.9
11:59:03,10661.4,10777.3,0.82,30.33,180.7,149.6,1.12,-0.14,303.1,-100.4,0,0.02,2510.1
11:59:04,10661.3,10777.3,0.81,30.3,180.7,149.4,1.4,-0.25,303.1,-82,0.01,0.04,2507.9
11:59:05,10662.2,10778.1,0.82,30.3,180.6,149.1,1.74,-0.22,303.1,-51.2,0,0.06,2511.7
11:59:06,10665.2,10781.1,0.82,30.29,180.4,149.2,1.88,-0.08,303.1,2.5,-0.01,0.03,2510.3
11:59:07,10669.4,10785.3,0.81,30.3,180.1,149,1.57,0.11,303.1,79.5,0,-0.04,2510.7
11:59:08,10672.1,10788.1,0.81,30.31,179.9,148.6,1.32,0.1,303.1,161,0,-0.04,2513.8
11:59:09,10673.1,10789.1,0.81,30.24,179.8,148.6,1.18,0.05,303.2,191.1,0,-0.02,2512.8
11:59:10,10674.3,10790.2,0.81,30.32,179.8,148.5,1.03,-0.04,303.1,175.5,0,-0.03,2509.5
11:59:11,10674.5,10790.4,0.81,30.32,179.8,148.4,0.92,0,303,114.1,0,-0.01,2508.6
11:59:13,10673,10788.9,0.81,30.24,179.8,148.4,0.94,0.04,303,0.9,-0.01,0,2509.7
11:59:14,10672.5,10788.4,0.82,30.26,179.9,148.4,0.97,-0.03,302.9,-18.5,0,-0.01,2507.4
11:59:15,10672.4,10788.4,0.81,30.31,180,148.4,1.01,0.03,303,-1.3,0,0,2512.2
11:59:16,10671,10787,0.81,30.29,180,148.4,0.96,-0.04,303,-31.9,0,-0.01,2508.8
11:59:17,10669.5,10785.4,0.82,30.27,180,148.7,1.05,-0.15,302.9,-35.1,0,0.01,2510
11:59:19,10668.1,10784.1,0.81,30.31,180.1,148.8,1.11,-0.12,302.8,-53.2,-0.01,0.01,2510
11:59:20,10667.6,10783.5,0.82,30.29,180.1,148.8,1.18,0.07,302.8,-45.1,0,0.01,2510.1
11:59:21,10667,10782.9,0.81,30.31,180,148.6,1.2,0.15,302.8,-58.6,0,0.01,2510.4
11:59:22,10667.5,10783.4,0.81,30.33,180,148.8,1.2,0.2,302.8,-27,0,0.02,2509.7
11:59:23,10668.3,10784.2,0.81,30.29,180,148.8,1.18,0.14,302.8,-12,0,-0.01,2510.1
11:59:24,10668.3,10784.3,0.82,30.26,180,148.5,1.19,0.1,302.8,-19.5,0,0,2508.3
11:59:25,10668.3,10784.2,0.82,30.31,179.9,148.4,1.15,0.03,302.8,-16.9,-0.01,0,2509.7
11:59:26,10668.5,10784.5,0.81,30.3,179.9,148.5,1.18,0.11,302.8,10.2,0,0.01,2511.2
11:59:27,10669.7,10785.6,0.81,30.29,179.9,148.5,1.16,-0.05,302.9,16.1,0,0,2508.2
11:59:28,10669,10785,0.81,30.25,179.9,148.3,1.12,0.11,302.9,25.1,0,0,2511.2
11:59:29,10668.6,10784.6,0.81,30.3,179.9,148.5,1.09,0.11,302.9,27.3,0,-0.01,2511.2
11:59:30,10668.4,10784.3,0.81,30.33,179.9,148.2,1.1,-0.02,302.9,15.8,0,0,2510.3
11:59:31,10668.2,10784.1,0.82,30.32,179.9,148.5,1.1,0.04,303,0.8,0,0,2510.7
11:59:32,10667.8,10783.7,0.82,30.31,179.9,148.4,1.13,0.01,302.9,-6.4,0,0.01,2508.1
11:59:34,10667.3,10783.3,0.81,30.37,179.9,148.5,1.14,0.03,302.9,-5.3,0,-0.01,2509.1
,10668.7,10784.7,0.82,30.35,179.9,148.5,1.13,0,302.9,13.1,0,-0.01,2510.1
11:59:35,10668.8,10784.7,0.82,30.29,179.9,148.4,1.04,-0.02,303.1,40.3,0,-0.01,2508.4
11:59:36,10668.4,10784.4,0.81,30.35,180,148.4,0.96,0.16,303,6.8,0,-0.01,2511.8
11:59:37,10667.6,10783.5,0.81,30.33,180,148.6,0.77,0.18,303,3.1,0,-0.03,2510.5
11:59:38,10665.9,10781.9,0.81,30.3,180.1,148.6,0.57,0.13,303.1,-20.5,0,-0.03,2510
11:59:39,10664,10779.9,0.81,30.29,180.2,148.6,0.52,0.13,303.1,-41.2,-0.01,-0.01,2510.8
11:59:40,10660.4,10776.3,0.81,30.35,180.4,148.6,0.69,0.03,303.2,-84.6,0,0.03,2509.9
11:59:41,10658.9,10774.8,0.81,30.29,180.5,148.6,0.91,0.18,303.1,-144.6,0,0.03,2509.7
11:59:42,10658.5,10774.4,0.81,30.32,180.6,148.7,1.08,0.21,303.3,-134.3,0,0.02,2513.2
11:59:43,10658.9,10774.8,0.81,30.33,180.6,148.7,1.08,0.2,303.3,-93,0,0,2509.4
11:59:44,10659.5,10775.4,0.81,30.33,180.6,148.9,1.31,0.21,303.3,-49.5,0,0.03,2510.7
11:59:45,10660.8,10776.7,0.81,30.33,180.6,148.8,1.65,0.12,303.2,-32.7,0,0.05,2512.8
11:59:46,10664.9,10780.8,0.82,30.37,180.4,148.5,1.77,0.08,303.3,17.3,0,0.01,2506.7
11:59:47,10668.1,10784,0.82,30.32,180.2,148.5,1.6,0.03,303.4,100.1,-0.01,-0.03,2509.5
11:59:48,10670.9,10786.8,0.82,30.34,180,148.2,1.36,0.07,303.4,130.4,0,-0.03,2508.1
11:59:49,10672.7,10788.6,0.82,30.3,179.9,148.2,1.26,0.2,303.4,164.5,0,-0.02,2509.6
11:59:50,10673.8,10789.7,0.81,30.28,179.8,148.1,1.13,0.09,303.5,143.6,0,-0.02,2509.5
11:59:51,10675,10790.9,0.81,30.3,179.8,147.9,1.03,0.08,303.4,117.4,0,-0.01,2509.4
11:59:52,10674.3,10790.2,0.81,30.31,179.8,148.1,0.93,0.09,303.4,105.3,0,-0.01,2508.6
11:59:53,10674.5,10790.4,0.81,30.3,179.9,148.2,0.82,0.11,303.4,57.4,0,-0.02,2513.3
11:59:54,10673.5,10789.4,0.81,30.28,180,148.2,0.8,-0.02,303.5,30.4,0,-0.02,2511.3
11:59:55,10672.4,10788.3,0.81,30.28,180,148.3,0.86,-0.08,303.4,-12,0,0.01,2510.6
11:59:56,10671.5,10787.4,0.81,30.33,180.1,148.2,0.85,-0.03,303.4,-39.4,-0.01,0,2508.7
11:59:57,10670.3,10786.2,0.81,30.34,180.2,148.1,0.82,0.03,303.4,-45.6,0,-0.01,2509.2
11:59:58,10670.3,10786,0.81,30.33,180.3,148.2,0.92,0.04,303.4,-44.6,0,0,2510.4
11:59:59,10669.5,10785.1,0.81,30.29,180.4,148.1,0.92,0.09,303.5,-37,0.01,0,2507.9
12:00:00,10669.1,10784.8,0.81,30.29,180.5,148.1,0.87,0.01,303.5,-43.4,0,0.01,2507.9
12:00:01,10668.9,10784.6,0.81,30.31,180.5,148.2,0.89,0.1,303.5,-25.4,0.01,0.01,2512.6
12:00:02,10668.8,10784.4,0.81,30.28,180.6,148.5,0.91,0.09,303.5,-12.4,0,0.01,2510.2
12:00:03,10669.4,10785,0.81,30.29,180.7,148.2,0.85,0.07,303.5,-1.1,0,0,2512.8
12:00:04,10668.3,10783.9,0.81,30.35,180.8,148.3,0.87,-0.03,303.5,-34.2,0,0.01,2509.4
12:00:05,10668.6,10784.3,0.81,30.36,180.9,148.4,0.93,0.02,303.5,-35.7,0,0,2512.3
12:00:06,10669,10784.6,0.81,30.33,180.9,148.5,0.97,0,303.5,-39.4,0,-0.01,2509.5
12:00:07,10669.5,10785.2,0.81,30.35,181,148.7,1.03,-0.01,303.4,-7.7,0,0,2509.2
12:00:08,10670.2,10785.8,0.81,30.26,181,148.8,0.99,0.03,303.3,13.6,0,-0.01,2511.6
12:00:09,10670.2,10785.8,0.81,30.28,181,148.6,0.94,-0.02,303.2,7.6,0,-0.01,2511.1
12:00:10,10671.3,10786.9,0.81,30.32,181,148.8,0.87,0.09,303.2,44.3,0,-0.01,2508.5
12:00:11,10670.4,10786,0.81,30.29,181.1,148.8,0.6,0.1,303.1,45,0.01,-0.02,2511.6
12:00:12,10668.9,10784.6,0.81,30.33,181.2,148.8,0.35,-0.05,303.1,20.2,0,-0.05,2509.2
12:00:13,10666.1,10781.7,0.81,30.3,181.4,148.8,0.26,0.07,303.2,-12.9,0,0,2511.5
12:00:14,10662.9,10778.6,0.81,30.31,181.6,149,0.44,-0.07,303.2,-65.6,0.01,0.03,2510.9
12:00:15,10661.3,10777,0.82,30.33,181.9,149,0.67,-0.03,303.2,-128.7,-0.02,0.06,2511.7
12:00:16,10659.2,10774.8,0.82,30.36,182,149,0.87,0.16,303.2,-161.2,0.01,0.04,2513.4
12:00:17,10659.3,10775,0.82,30.37,182.1,149.2,1.11,0.03,303.2,-148.7,0.01,0.03,2509.8
12:00:18,10660.3,10776,0.82,30.31,182.1,149.3,1.44,0.09,303.1,-100.7,0,0.05,2509.4
12:00:19,10663.1,10778.8,0.82,30.32,182,149.3,1.72,0.07,303.1,-8.4,0,0.04,2511.4
12:00:20,10667.2,10782.9,0.82,30.32,181.8,149.2,1.49,0.03,303.1,71,0,-0.04,2509.7
12:00:21,10669.8,10785.4,0.82,30.29,181.6,148.9,1.29,0.12,303.1,143.5,0,-0.03,2510.3
12:00:22,10672.2,10787.9,0.81,30.33,181.5,148.6,1.19,-0.02,303.1,165.6,0,-0.02,2511.4
12:00:23,10672.6,10788.3,0.81,30.34,181.5,148.8,1.1,0.11,303.2,174.9,0.01,-0.02,2510.1
12:00:24,10672.9,10788.5,0.81,30.33,181.5,148.7,0.88,0.12,303.1,112.5,0,-0.05,2508
12:00:25,10671.9,10787.6,0.82,30.33,181.5,148.9,0.64,0.14,303.3,90.5,0,-0.04,2506.9
12:00:26,10669.2,10784.8,0.82,30.36,181.6,148.8,0.42,0.03,303.2,4.1,0,-0.03,2508.9
12:00:27,10666.2,10781.8,0.81,30.31,181.8,148.9,0.58,0.04,303.5,-43.2,0.01,0.02,2510.4
12:00:28,10662.5,10778.1,0.82,30.32,182,148.8,0.78,0.18,303.6,-106.4,0,0.04,2510.8
12:00:29,10660.9,10776.6,0.81,30.3,182.1,148.9,0.99,0.09,303.6,-158.9,0,0.03,2511
12:00:31,10659.9,10775.5,0.81,30.31,182.2,148.7,1.4,0.32,303.6,-137.3,0,0.04,2511
12:00:32,10660.9,10776.5,0.81,30.32,182.2,148.8,1.72,0.1,303.8,-99.1,0.02,0.07,2508.9
12:00:33,10663.1,10778.7,0.81,30.31,182,148.3,2.02,-0.01,303.8,-22.3,0.01,0.06,2510.1
12:00:34,10667.4,10783,0.81,30.35,181.8,148,1.89,-0.09,303.7,33,0,-0.04,2506.6
12:00:35,10670.4,10786.1,0.82,30.31,181.6,147.8,1.68,-0.03,303.6,112.6,0,-0.04,2506.2
12:00:36,10672.3,10787.9,0.81,30.3,181.4,147.9,1.54,0.07,303.6,170.2,0,-0.02,2508.7
12:00:37,10673.6,10789.2,0.81,30.3,181.3,147.8,1.42,0.14,303.6,173.6,0,0,2510.5
12:00:38,10674,10789.7,0.81,30.33,181.2,147.8,1.21,-0.25,303.5,131.8,0,-0.04,2508.7
12:00:39,10674,10789.6,0.81,30.27,181.2,147.9,0.87,0.15,303.6,98.8,0.01,-0.03,2511
12:00:40,10671.5,10787.1,0.81,30.31,181.3,147.6,0.57,0.12,303.7,29.2,0,-0.06,2508.8
12:00:41,10668.1,10783.8,0.81,30.33,181.5,147.9,0.75,-0.14,303.7,-31.1,0.01,0.03,2508.7
12:00:42,10665.2,10780.9,0.81,30.33,181.6,147.9,1,0.07,303.7,-89.1,0,0.04,2510.2
12:00:43,10663.6,10779.2,0.81,30.34,181.8,148.1,1.16,0.35,303.5,-164.5,0,0.05,2512.1
12:00:44,10662.7,10778.4,0.82,30.35,181.8,148.1,1.27,0.25,303.8,-148,0,-0.01,2509.7
12:00:45,10662.5,10778.1,0.82,30.33,181.8,148.2,1.38,-0.09,303.6,-122.2,0.01,0.04,2508.1
12:00:46,10664,10779.6,0.81,30.33,181.8,148.2,1.72,-0.4,303.4,-76.8,0,0.05,2510.1
12:00:47,10666.7,10782.3,0.81,30.37,181.6,148,1.92,0.23,303.4,0.8,-0.01,0.02,2509.1
12:00:48,10670.3,10785.9,0.81,30.32,181.4,147.9,1.68,0.01,303.5,68.9,0,-0.02,2507.5
12:00:49,10673.1,10788.8,0.81,30.35,181.3,147.8,1.48,-0.03,303.4,127,-0.01,-0.03,2509.9
12:00:50,10674.8,10790.5,0.82,30.36,181.2,147.8,1.32,0.08,303.4,154.5,0,-0.02,2509.8
12:00:51,10676.4,10792.1,0.81,30.32,181.1,147.7,1.19,0.04,303.4,157.4,-0.01,-0.03,2509.8
12:00:52,10676.1,10791.8,0.81,30.33,181.2,147.9,0.86,0.11,303.4,130.5,-0.02,-0.05,2509.9
12:00:53,10675,10790.7,0.81,30.31,181.2,147.7,0.53,-0.02,303.5,86.7,0,-0.05,2512
12:00:54,10672.2,10787.9,0.81,30.33,181.4,147.7,0.3,0.04,303.4,21.2,0,-0.04,2512.8
12:00:55,10668,10783.7,0.82,30.35,181.7,148.1,0.46,0.02,303.5,-51.2,0,0.02,2511.9
12:00:57,10662.6,10778.2,0.82,30.35,182.1,148.3,0.86,0.2,303.7,-181.7,0,0.04,2509.7
12:00:58,10661.9,10777.1,0.81,30.32,182.3,148.2,1.07,-0.16,303.6,-186.9,0,0.03,2509.4
12:00:59,10662,10777.2,0.81,30.32,182.3,148.5,1.27,-0.03,303.5,-153.1,0,0.04,2511.6
12:01:00,10663.4,10778.6,0.81,30.27,182.3,148.6,1.57,-0.09,303.7,-59,0,0.06,2510.8
12:01:01,10665.8,10781.1,0.82,30.3,182.2,148.4,1.86,-0.1,303.5,-18.7,0.02,0.06,2509.7
12:01:02,10669.8,10785,0.82,30.33,182,148.8,1.64,-0.07,303.3,47,0,-0.03,2512
12:01:03,10673.7,10788.9,0.81,30.37,181.9,148.6,1.35,0.08,303.4,140.2,0,-0.07,2510.7
12:01:04,10675,10790.2,0.81,30.32,181.8,148.7,1.13,-0.08,303.3,174.2,-0.01,-0.06,2510.3
12:01:05,10675.7,10790.9,0.81,30.36,181.7,148.8,1.04,0.02,303.2,170.4,-0.01,-0.03,2508.9
12:01:06,10675.7,10791,0.82,30.33,181.7,148.8,0.79,0.19,303.3,126.6,0,-0.05,2510.1
12:01:07,10674.6,10789.8,0.81,30.29,181.8,148,0.38,0.16,303.4,76.8,0.01,-0.06,2508.7
12:01:08,10671.7,10787,0.82,30.28,182,148.5,0.21,0.37,303.3,0.9,-0.01,-0.02,2511.1
12:01:09,10667.6,10782.9,0.81,30.29,182.3,148.4,0.48,0.05,303.3,-77.5,0.01,0.08,2510.7
12:01:10,10665.2,10780.4,0.81,30.31,182.5,148.9,0.68,-0.14,303.4,-151.4,-0.01,0.04,2510.1
12:01:11,10663.2,10778.4,0.82,30.34,182.7,148.7,0.9,0.1,303.3,-177.9,0,0.03,2508.5
12:01:12,10662.4,10777.6,0.81,30.34,182.8,148.6,1.08,0.12,303.4,-161,0.01,0.02,2510
12:01:13,10662.4,10777.6,0.81,30.35,182.8,148.7,1.3,-0.01,303.4,-108,0,0.03,2509.7
12:01:14,10663.6,10778.8,0.82,30.33,182.8,148.6,1.59,0.12,303.6,-37.1,0,0.02,2511.3
12:01:15,10667.1,10782.3,0.82,30.3,182.6,148.7,1.82,-0.02,303.4,-25.4,0.01,0.03,2512.6
12:01:16,10670.7,10785.9,0.82,30.36,182.4,148.8,1.65,-0.03,303.5,55.7,0,-0.03,2513.6
12:01:17,10674,10789.3,0.82,30.3,182.2,148.4,1.38,-0.03,303.4,126.4,0,-0.04,2508.8
12:01:18,10675.8,10791,0.81,30.3,182.1,148.5,1.23,-0.04,303.5,146.8,0,-0.03,2510.6
12:01:19,10677,10792.3,0.81,30.32,182,148.7,1.16,0.07,303.4,146.3,0,-0.01,2510.4
12:01:20,10677.9,10793.1,0.81,30.34,182,148.7,0.9,-0.03,303.4,133.8,0.01,-0.04,2510.8
12:01:21,10676.9,10792.1,0.81,30.33,182.1,148.7,0.48,-0.09,303.4,80.6,0,-0.05,2509.8
12:01:23,10670,10785.3,0.82,30.31,182.4,149.2,0.27,0.14,303.4,-10.8,0,0.02,2511.5
12:01:24,10666.8,10782,0.82,30.37,182.6,149.4,0.52,-0.03,303.3,-106.2,0.01,0.05,2509.8
12:01:25,10664.4,10779.6,0.82,30.39,182.8,149.4,0.65,-0.02,303.3,-157,0.01,0.02,2509.7
12:01:26,10662.9,10778.1,0.81,30.35,183,149.4,0.86,0.04,303.4,-162.4,0.01,0.04,2507.5
12:01:27,10663,10778.2,0.81,30.33,183.1,149,1.11,-0.22,303.4,-143.5,0,0.04,2509
12:01:28,10664,10779.3,0.82,30.32,183.1,149.1,1.52,-0.02,303.4,-98.3,0,0.05,2510
12:01:29,10666.9,10782.1,0.82,30.4,182.9,149.1,1.83,-0.08,303.3,-45.3,0,0.04,2509.5
12:01:30,10670.6,10785.8,0.82,30.37,182.7,148.9,1.57,-0.08,303.4,47.6,0,-0.04,2509.9
12:01:31,10673.2,10788.4,0.82,30.34,182.6,148.6,1.4,0.05,303.3,106.3,-0.01,-0.04,2510.9
12:01:32,10674.7,10789.9,0.81,30.33,182.4,148.7,1.3,-0.02,303.3,146.1,0,-0.02,2510.4
12:01:33,10675.1,10790.3,0.81,30.32,182.4,148.7,1.14,0.09,303.4,171.4,0,-0.03,2510.1
12:01:34,10675.3,10790.5,0.81,30.33,182.3,148.5,1.01,-0.05,303.4,110.4,0,-0.02,2511.4
12:01:35,10674.4,10789.7,0.82,30.43,182.3,148.5,1.02,-0.01,303.3,65.9,0,-0.01,2510
12:01:36,10673.8,10789,0.82,30.36,182.4,148.5,0.85,-0.1,303.4,14.1,0,-0.02,2511.6
12:01:37,10672.4,10787.6,0.82,30.38,182.4,148.6,0.64,-0.1,303.5,4.2,-0.01,-0.04,2510.4
12:01:38,10670,10785.2,0.82,30.27,182.6,148.5,0.53,0.11,303.5,-17.9,0,-0.02,2510.7
12:01:39,10667.7,10782.9,0.81,30.33,182.7,148.5,0.56,-0.03,303.6,-74.3,0,0.01,2511
12:01:40,10664.9,10780.2,0.82,30.34,182.9,148.4,0.66,0.04,303.6,-123.3,0,0.02,2509.7
12:01:41,10663,10778.2,0.82,30.33,183,148.3,0.91,-0.02,303.7,-183.4,0,0.04,2511.1
12:01:42,10662.3,10777.6,0.81,30.32,183.2,148.4,1.12,-0.14,303.8,-156.5,0,0.03,2508.6
12:01:43,10662.8,10778,0.82,30.36,183.2,148.1,1.38,-0.11,304,-96,0,0.03,2510.4
12:01:44,10664.4,10779.6,0.81,30.34,183.1,148.1,1.75,0.01,304.1,-32.2,0,0.05,2511.4
12:01:45,10667.3,10782.5,0.81,30.31,183,147.7,1.78,0.09,304.3,10.4,0,0,2511.4
12:01:46,10670.7,10785.9,0.81,30.29,182.8,147.6,1.65,0.1,304.3,54.3,0,-0.02,2510.5
12:01:47,10673.4,10788.7,0.81,30.32,182.6,147.4,1.51,0.11,304.2,103.1,0,-0.02,2510.2
12:01:48,10675.2,10790.4,0.82,30.3,182.5,147.2,1.41,0.05,304.2,126.6,0,-0.01,2510.8
12:01:49,10676.7,10791.9,0.82,30.29,182.5,147.2,1.27,0.02,304.1,135.1,0,-0.02,2507.4
12:01:50,10677.4,10792.7,0.82,30.29,182.5,147.4,1.12,0.13,304.2,155.3,0,-0.02,2508.7
12:01:51,10677.3,10792.6,0.82,30.29,182.5,147.6,1.01,0.09,304.1,95.4,0,0.02,2510.5
12:01:52,10676.3,10791.5,0.82,30.32,182.5,147.5,0.97,0.03,304.2,46.3,0.01,0.01,2511.9
12:01:53,10675.1,10790.3,0.82,30.3,182.6,147.6,0.68,-0.02,304,36.7,0,-0.03,2510.8
12:01:54,10673.1,10788.3,0.82,30.32,182.7,147.7,0.41,0.14,304.2,9,-0.01,-0.04,2513.6
12:01:55,10669.8,10785.1,0.82,30.35,182.9,147.9,0.34,0.13,304.3,-51.6,0,-0.01,2513.9
12:01:56,10666.4,10781.6,0.82,30.33,183.2,147.9,0.65,-0.09,304.4,-134,-0.01,0.04,2511.7
12:01:57,10664.9,10780.2,0.82,30.34,183.4,148.1,0.91,-0.15,304.2,-183.8,0,0.04,2509.7
12:01:58,10665,10779.8,0.81,30.31,183.5,148.1,0.97,-0.04,304.3,-129.5,0.01,0.02,2511.8
12:01:59,10665.3,10780.1,0.81,30.35,183.6,147.7,1.08,0.15,304.1,-103.6,0,0.02,2510.9
12:02:00,10665.9,10780.7,0.81,30.36,183.7,148,1.35,0.03,304.3,-65.7,0,0.05,2510.6
12:02:01,10668.1,10782.9,0.82,30.32,183.6,148.1,1.65,0.03,304.2,-34.5,0,0.04,2509.5
12:02:02,10671.3,10786.1,0.82,30.33,183.5,147.7,1.49,-0.14,303.9,33.8,0,-0.03,2510.4
12:02:03,10673.5,10788.2,0.81,30.31,183.4,147.7,1.24,-0.25,303.9,115,0,-0.04,2509.3
12:02:04,10674.2,10789,0.81,30.31,183.4,147.4,1.05,-0.11,303.9,135.7,0.01,-0.02,2509.2
12:02:05,10674.2,10789,0.82,30.33,183.4,147.4,0.96,0.07,303.7,130.6,0.01,-0.02,2511
12:02:06,10674.1,10788.9,0.82,30.33,183.5,147.7,0.96,-0.16,303.5,80.6,0,-0.01,2509.5
12:02:07,10674.1,10788.9,0.82,30.34,183.6,147.4,0.85,-0.05,303.4,56.9,0,-0.01,2510.9
12:02:08,10673.7,10788.5,0.82,30.31,183.7,147.7,0.89,-0.05,303.3,30.8,0,0.02,2510.8
12:02:09,10674,10788.8,0.82,30.34,183.8,147.5,0.87,-0.04,303.3,0.1,0,0,2512.3
12:02:10,10674,10788.8,0.82,30.34,184,147.5,0.92,-0.09,303.2,-26.1,-0.01,0,2512.3
12:02:11,10673.7,10788.5,0.82,30.33,184,147.7,0.91,-0.05,303.2,-9.9,0,-0.01,2509.2
12:02:12,10673.5,10788.2,0.82,30.29,184.2,147.7,0.92,0.04,303.2,-14.5,0,-0.02,2512.4
12:02:13,10673,10787.8,0.82,30.3,184.3,147.9,0.98,-0.04,303.3,-23.5,0,0,2512.7
12:02:14,10672.6,10787.4,0.81,30.3,184.3,148,1.01,-0.01,303.2,-11.5,0.01,0.01,2510.6
12:02:15,10672.5,10787.3,0.81,30.33,184.4,148.2,1.01,-0.02,303.3,-7.5,0.01,0.01,2512.2
12:02:16,10671.4,10786.2,0.81,30.33,184.4,148.1,0.96,-0.15,303.1,-5.3,0,-0.01,2510.6
12:02:17,10670.6,10785.4,0.81,30.36,184.5,148.3,1.03,0.14,303.3,-21.9,0,0,2509.6
12:02:18,10670.1,10784.9,0.82,30.35,184.5,148.1,1.12,0.04,303.1,-44.9,-0.01,0.03,2509.9
12:02:20,10670.2,10785,0.82,30.3,184.5,149.4,1.12,0.01,303,-78.9,0.02,0.04,2510.1
12:02:21,10670.4,10785.2,0.82,30.33,184.5,149.3,1.11,-0.01,302.9,-40.1,0,-0.06,2512.6
12:02:22,10671.2,10786,0.82,30.37,184.4,148.9,1.13,-0.04,302.7,12.6,-0.01,0,2511
12:02:23,10672,10786.8,0.82,30.32,184.4,148.6,0.88,-0.24,303.1,39.4,0.02,-0.08,2508.4
12:02:24,10671.7,10786.5,0.82,30.3,184.4,148.4,0.91,-0.69,303,32.8,-0.01,0.01,2511.1
12:02:25,10671.3,10786.1,0.82,30.35,184.4,148.7,1.05,-0.27,302.9,2.2,-0.01,0.03,2509.7
12:02:26,10671.5,10786.3,0.81,30.33,184.5,148.5,1,-0.41,303.2,25.7,0.01,0.03,2509.7
12:02:27,10672.3,10787.1,0.81,30.32,184.5,148.5,0.82,-0.31,303.1,4.8,0.01,-0.02,2511.7
12:02:28,10672,10786.8,0.82,30.31,184.6,148.1,0.77,-0.35,303.3,15.6,0.02,-0.03,2510.2
12:02:29,10671.4,10786.2,0.81,30.36,184.7,148.5,0.85,-0.36,303.3,28,-0.02,0.03,2510.7
12:02:30,10670.6,10785.3,0.81,30.35,184.7,148.6,1,0.3,303.5,8.3,0.02,0.03,2511.9
12:02:31,10669.3,10784.1,0.81,30.32,184.8,148.6,1.11,0.54,303.5,-54,-0.01,0,2510.3
12:02:32,10669.1,10783.8,0.82,30.34,184.8,147.6,1.16,-0.19,303.5,-59.1,0,0.01,2511.9
12:02:33,10669.5,10784.2,0.82,30.35,184.8,147.7,1.25,-0.48,303.4,-56.6,0,0.01,2510.3
12:02:34,10669,10783.8,0.82,30.31,184.8,147.8,1.27,-0.23,303.6,5.8,0.02,-0.02,2512.4
12:02:35,10669.3,10784.1,0.82,30.29,184.8,147.6,1.26,-0.35,303.3,-28.2,0,-0.03,2512.4
12:02:36,10669.4,10784.2,0.82,30.31,184.7,147.8,1.35,0.18,303.2,-16.2,0,0.01,2513.3
12:02:37,10669.8,10784.6,0.82,30.33,184.7,148.2,1.26,0.05,303.3,5.4,0,0,2512.9
12:02:38,10670.2,10785,0.82,30.35,184.6,147.9,1.26,-0.46,303.3,1.3,-0.01,-0.03,2511.5
12:02:39,10669.9,10784.7,0.81,30.3,184.6,147.9,1.29,-0.11,303.2,32.4,0,0,2512.2
12:02:40,10671.3,10786.1,0.82,30.35,184.6,147.3,1.2,0.07,303.1,39.4,-0.01,-0.1,2509.6
12:02:41,10670.9,10785.7,0.82,30.36,184.6,147.7,1.1,0.02,303,11.7,0.01,0,2510.3
12:02:42,10670.8,10785.6,0.82,30.31,184.6,147.7,1.18,-0.14,302.9,14.7,0,0.09,2510.6
12:02:43,10671.2,10786,0.81,30.3,184.7,147.8,1.14,-0.01,302.8,-28.6,0.01,0,2511.2
12:02:44,10671.4,10786.2,0.82,30.31,184.7,147.9,1.13,-0.01,303,11.8,0,0.04,2510.3
12:02:46,10671.1,10785.9,0.82,30.31,184.7,147.7,1.11,-0.45,302.7,-3.2,-0.02,-0.01,2512.5
12:02:47,10671.9,10786.7,0.81,30.3,184.8,147.4,1.07,0.15,302.9,28.7,-0.01,-0.01,2510.3
12:02:48,10672.4,10787.2,0.81,30.29,184.8,147.1,0.93,0.27,302.6,0.2,0,-0.01,2511.2
12:02:49,10672.4,10787.1,0.82,30.33,184.9,146.8,0.93,-0.02,302.8,26.1,-0.02,0.01,2510.6
12:02:50,10671.9,10786.7,0.82,30.29,185,147.1,0.99,0.24,302.6,8.8,0.02,0.04,2513.9
12:02:51,10671.8,10786.6,0.81,30.32,185.1,147.8,0.87,0.15,302.8,-1.6,0,-0.01,2509.6
12:02:52,10673.9,10788.6,0.82,30.35,185.2,147.3,0.77,-0.01,302.8,-4.2,0,-0.02,2510.6
12:02:53,10673.2,10788,0.82,30.31,185.3,147.4,0.86,0.89,303,26.5,-0.01,0.01,2511.2
12:02:54,10673.1,10787.8,0.81,30.29,185.4,147.2,0.97,-0.18,302.9,-12.3,0,0.08,2508
12:02:55,10673.5,10788.3,0.82,30.31,185.5,148.3,0.89,-0.4,302.9,-20.1,0,-0.02,2511.7
12:02:56,10674.2,10788.9,0.82,30.38,185.6,147.9,0.87,-0.03,302.9,-19.7,0.01,0.02,2509.8
12:02:57,10675.6,10790.4,0.82,30.31,185.6,148.3,0.71,-0.22,303.1,11.9,0.01,-0.07,2514.1
12:02:58,10674.4,10788.7,0.82,30.3,185.7,148.5,0.78,0.16,302.5,22.9,-0.01,-0.03,2511.7
12:02:59,10674.3,10788.6,0.81,30.32,185.7,148.5,0.55,-0.23,302.7,82.6,-0.02,-0.03,2510.6
12:03:00,10673,10787.4,0.81,30.36,185.9,148.4,0.23,-0.13,303.1,79.8,0.01,-0.07,2514
12:03:01,10670.2,10784.6,0.82,30.32,186.1,148.1,-0.04,0.26,302.9,7.4,-0.01,-0.06,2510.5
12:03:02,10666.1,10780.5,0.81,30.32,186.4,148.8,0.2,0.25,303.2,-77,0,0,2513.3
12:03:03,10663.3,10777.7,0.81,30.38,186.7,149.7,0.56,0.09,303.4,-143,0.01,0,2513.5
12:03:04,10663.4,10777.8,0.81,30.34,186.9,149.9,0.82,-0.34,303.1,-202.2,0,0.05,2512.8
12:03:05,10663.2,10777.6,0.81,30.34,186.9,149.7,1.04,-0.07,303,-174.6,0,0.05,2513.9
12:03:06,10663.8,10778.2,0.82,30.35,186.9,149.8,1.2,-0.34,303,-99.2,0,0.02,2510.7
12:03:07,10665.7,10780.1,0.82,30.39,186.8,149.8,1.42,-0.23,303,-21.8,0.01,0.02,2512.4
12:03:08,10668.7,10783.1,0.82,30.39,186.7,150.1,1.63,-0.12,302.9,3.5,-0.01,0.01,2511.2
12:03:09,10672.4,10786.8,0.81,30.38,186.5,149.8,1.36,-0.12,303.1,133.6,0.01,-0.01,2509.1
12:03:10,10673.1,10787.5,0.82,30.36,186.3,149.5,1.11,0.3,302.9,164.4,0.01,-0.02,2509.2
12:03:11,10673.8,10788.2,0.81,30.35,186.2,149.9,1,-0.01,302.9,140.7,0.01,-0.04,2513.2
12:03:12,10674,10788.3,0.81,30.34,186.1,149.5,0.97,-0.24,303,114.6,0.01,-0.03,2509.8
12:03:13,10673.4,10787.8,0.81,30.29,186.1,149.4,0.73,0.08,303,73.1,0,-0.02,2512.5
12:03:14,10671.5,10785.9,0.81,30.29,186.2,149.6,0.43,0.13,303.2,46.9,0.01,-0.03,2509.7
12:03:15,10668.2,10782.6,0.82,30.34,186.3,149.4,0.45,0.15,303.1,-12.1,0,-0.04,2509.3
12:03:16,10666.5,10780.9,0.82,30.34,186.4,149.8,0.8,-0.22,303,-101.9,-0.01,0.03,2509.9
12:03:17,10664.8,10779.2,0.82,30.33,186.5,149.3,1.01,-0.33,303,-148.6,0.01,0,2511.1
12:03:18,10664,10778.4,0.82,30.31,186.6,149.8,1.2,0.07,302.8,-146.4,0,0.03,2511.4
12:03:19,10664,10778.4,0.82,30.31,186.5,149.4,1.29,-0.18,302.9,-84.9,-0.01,0.03,2512.8
12:03:20,10664.8,10779.2,0.81,30.35,186.4,149.2,1.41,-0.36,302.9,-79.1,0,0.04,2512.3
12:03:21,10666.2,10780.6,0.82,30.33,186.3,149.2,1.75,-0.44,302.8,-44.7,0.02,0.05,2510
12:03:22,10667.2,10781.6,0.82,30.35,186.1,148.8,2,-0.25,302.4,6.5,-0.01,0.07,2511.4
12:03:23,10670.9,10785.3,0.82,30.36,185.9,149.5,1.79,0.31,302.8,127.6,0,-0.03,2510.2
12:03:24,10673.1,10787.5,0.81,30.34,185.6,148.4,1.65,0.15,302.7,137.2,0,-0.02,2510.7
12:03:25,10674.7,10789,0.81,30.29,185.4,148.7,1.41,0.2,302.6,155,0.02,0,2511.7
12:03:26,10675.8,10790.2,0.81,30.3,185.3,148,1.03,-0.05,302.5,147.8,0.01,-0.06,2510.8
12:03:27,10676,10790.4,0.81,30.34,185.3,148,0.76,-0.24,302.4,113.4,0,-0.03,2511.6
12:03:28,10675.5,10789.8,0.82,30.3,185.4,148.6,0.38,-0.38,302.4,77.2,0,-0.05,2511.5
12:03:29,10672.3,10786.6,0.82,30.29,185.5,148.8,0.34,-0.14,302.5,16,0.01,-0.01,2511.3
12:03:30,10669,10783.4,0.82,30.3,185.8,148.6,0.58,0.1,302.3,-99.6,0,0.03,2510.2
12:03:31,10666.7,10781.1,0.82,30.34,186,149.2,0.82,0.13,302.3,-151.5,-0.01,0.02,2511.3
12:03:32,10665.2,10779.6,0.82,30.34,186.1,149.3,1.01,0.13,302.5,-163.6,0.01,0.04,2514.7
12:03:33,10664.3,10778.7,0.81,30.33,186.1,149.4,1.26,-0.07,302.3,-188.3,0,0.04,2512
12:03:34,10663.5,10777.9,0.82,30.35,186.1,149.8,1.69,-0.12,302.2,-137.3,0,0.06,2510.6
12:03:35,10665.9,10780.2,0.82,30.35,185.9,149.8,1.99,-0.03,302.2,-61.6,0,0.04,2511.8
12:03:36,10669.9,10784.3,0.82,30.36,185.6,150,1.83,-0.21,302,31.1,0,-0.02,2509.8
12:03:37,10673.6,10787.9,0.82,30.35,185.3,149.9,1.46,0,302.1,152.3,0.01,-0.05,2509.7
12:03:38,10675.3,10789.7,0.81,30.34,185.1,149.9,1.25,0.02,302,178.2,0,-0.02,2511.6
12:03:39,10676.6,10791,0.82,30.33,184.9,149.8,1.1,-0.08,302.1,183.7,0,-0.03,2510.1
12:03:40,10678.2,10792.6,0.81,30.26,184.8,149.6,0.88,0.04,302,145.5,0,-0.04,2511.5
12:03:41,10677,10791.3,0.81,30.29,184.8,149.7,0.54,-0.19,302,79.5,0,-0.05,2509.6
12:03:42,10674.6,10789,0.81,30.35,184.9,150.2,0.25,-0.13,302.3,18.7,0,-0.03,2510.1
12:03:43,10671.4,10785.7,0.81,30.34,185.1,150.2,0.35,0.05,302.4,-43.7,-0.01,0.02,2511.1
12:03:44,10668.9,10783.3,0.82,30.36,185.2,150.5,0.54,0.09,302.5,-103.2,0,0.02,2512.1
12:03:45,10667.8,10782.2,0.82,30.41,185.4,150.6,0.7,-0.14,302.5,-156.1,-0.01,0.02,2512.2
12:03:47,10665.4,10779.7,0.82,30.42,185.4,150.7,0.78,-0.02,302.7,-130.7,0,0.01,2514.2
12:03:48,10666.2,10780.6,0.82,30.34,185.4,151,1.22,-0.04,303,-79.7,-0.01,0.04,2510.5
12:03:49,10668.4,10782.8,0.82,30.34,185.4,150.8,1.44,-0.1,303,-38.7,0,0.03,2511.3
12:03:50,10671.9,10786.2,0.82,30.36,185.2,150.7,1.38,-0.01,303.1,21.1,0,-0.02,2510.2
12:03:51,10674.8,10789.1,0.82,30.34,185,150.6,1.21,0.05,303.2,100.9,0,-0.03,2511.4
12:03:53,10678.6,10793,0.81,30.4,184.8,150.7,0.94,-0.01,303.1,118.2,0,-0.02,2510
12:03:54,10679.2,10793.5,0.81,30.36,184.7,150.9,0.79,-0.02,303.1,93.8,0.01,-0.03,2512.8
12:03:55,10678.3,10792.7,0.81,30.35,184.7,150.6,0.57,0.04,303.1,64.5,0,-0.04,2510.6
12:03:56,10676.6,10791,0.81,30.3,184.7,150.6,0.36,-0.07,303.1,24.1,0,-0.03,2512.4
12:03:57,10674.2,10788.6,0.82,30.34,184.8,150.7,0.34,-0.11,303.1,-7.6,0,0,2510.6
12:03:58,10669.3,10783.3,0.82,30.36,185,150.7,0.41,-0.03,303.1,-76.2,0,0.02,2510.8
12:03:59,10667.3,10781.3,0.81,30.27,185.1,150.6,0.52,-0.05,303,-97.9,0,0.02,2510.5
12:04:00,10665.5,10779.5,0.82,30.32,185.3,150.7,0.6,-0.22,303,-129.3,0,0,2509.9
12:04:01,10664.2,10778.2,0.82,30.35,185.3,150.5,0.82,-0.2,303,-149.1,-0.01,0.04,2510.7
12:04:02,10663.8,10777.8,0.82,30.31,185.4,150.1,1.07,-0.19,303.2,-107.8,0.01,0.03,2511.1
12:04:03,10664.9,10778.9,0.82,30.32,185.4,149.7,1.45,-0.26,303.1,-49.1,0,0.04,2512
12:04:04,10669,10783,0.82,30.36,185.3,149.7,1.64,-0.02,303,-35.8,0,0.03,2508.7
12:04:05,10671.7,10785.7,0.82,30.36,185.1,149.5,1.46,0.04,303.2,54.5,0.01,-0.05,2510.3
12:04:06,10673.8,10787.8,0.82,30.34,184.9,149.4,1.46,0.05,303.2,111.3,0,0.01,2509.9
12:04:07,10675.3,10789.3,0.82,30.32,184.7,149.4,1.34,-0.21,303.2,151,0,-0.05,2509.7
12:04:08,10676.2,10790.2,0.82,30.31,184.6,149.1,1.11,0.04,303.1,125.1,0,-0.04,2510.1
12:04:09,10676.1,10790.1,0.82,30.31,184.6,149.1,0.78,0,303.1,112.2,0,-0.05,2511.7
12:04:10,10671.9,10785.9,0.82,30.32,184.6,148.9,0.44,-0.1,303,40.6,0,-0.05,2511.3
12:04:11,10668.3,10782.2,0.82,30.32,184.7,149.1,0.59,-0.23,303.1,-5.1,0,0.03,2510.3
12:04:12,10665.1,10779.1,0.82,30.31,184.9,149,0.83,0.09,303,-77.8,0,0.04,2510.4
12:04:13,10662.7,10776.6,0.82,30.33,185,149.2,0.97,0.01,303,-138.2,0,0.04,2510.1
12:04:14,10661.4,10775.4,0.82,30.34,185.1,149.5,1.12,0.09,302.9,-159.3,-0.01,0.02,2511.4
12:04:15,10661.3,10775.2,0.82,30.37,185.1,149.4,1.26,0.07,303.1,-126,-0.01,0.03,2512.1
12:04:16,10663.4,10777.4,0.82,30.37,185,149.5,1.6,0.27,303,-99.4,0,0.05,2508.6
12:04:17,10665.6,10779.6,0.82,30.35,184.8,149,1.96,-0.05,303.2,-55.9,0.01,0.04,2510.2
12:04:18,10669.6,10783.5,0.81,30.34,184.5,148.9,2,0.01,303.3,22.3,0,-0.02,2509.6
12:04:19,10673,10787,0.82,30.37,184.3,148.7,1.75,-0.01,303.1,109.8,-0.01,-0.03,2510.1
12:04:20,10675.7,10789.6,0.81,30.32,184,148.5,1.53,0.24,303.2,159.4,0.01,-0.02,2510.5
12:04:21,10676.8,10790.7,0.81,30.28,183.9,147.9,1.49,-0.16,303,121.7,0,-0.02,2509.7
12:04:22,10675.7,10789.7,0.82,30.25,183.8,147.9,1.35,-0.02,302.9,105.8,0,-0.03,2514.4
12:04:23,10676,10790,0.82,30.3,183.7,148,1.1,0,302.7,105.1,0,-0.02,2513.7
12:04:24,10675.2,10789.2,0.81,30.33,183.7,147.9,0.66,0.02,303,86.6,0,-0.08,2512.1
12:04:25,10672.6,10786.6,0.81,30.32,183.8,147.9,0.48,0.02,303,35.4,-0.01,-0.03,2511.5
12:04:26,10669,10783,0.81,30.27,184,147.8,0.69,0.3,302.7,-57.1,0,0.05,2508.1
12:04:27,10667.1,10781.1,0.81,30.37,184.2,148.4,0.9,0.12,302.7,-117,0,0.06,2512.1
12:04:28,10668.5,10782.5,0.81,30.37,184.3,148.8,0.94,0.02,302.9,-94.1,0.02,0.01,2510.4
12:04:29,10667.8,10781.7,0.82,30.36,184.4,148.8,1.01,0.01,302.9,-106.9,-0.01,-0.01,2510.7
12:04:30,10667.3,10781.3,0.81,30.33,184.4,149,1.11,-0.24,303,-89.5,0.01,0.06,2511.3
12:04:31,10667.7,10781.7,0.82,30.35,184.4,148.9,1.21,-0.03,303.1,-60.2,0.01,0.04,2510.8
12:04:32,10667.8,10781.8,0.82,30.34,184.4,149.3,1.29,0.25,302.9,-60.3,0,0.02,2510.6
12:04:33,10668.2,10782.2,0.82,30.34,184.3,149.2,1.34,0.15,303,-38.2,0.01,0,2510.8
12:04:34,10666.5,10780.4,0.82,30.32,184.2,149.4,1.33,0.2,303.1,11.6,0.01,0,2507.8
12:04:35,10666.9,10780.9,0.82,30.3,184.1,149.1,1.3,0.16,303,1,0,0,2509.2
12:04:36,10667.1,10781.1,0.82,30.35,184,148.9,1.4,0.25,303,17.4,0,0,2511.1
12:04:37,10667.4,10781.4,0.82,30.32,183.9,148.6,1.34,0.23,303,55.4,0,-0.01,2508.5
12:04:38,10667.5,10781.4,0.82,30.3,183.8,148.5,1.26,0.02,302.9,45.9,0,-0.01,2509.1
12:04:39,10667.4,10781.4,0.82,30.37,183.8,148.2,1.32,0.08,302.8,37.2,-0.01,0,2509.4
12:04:40,10669.5,10783.4,0.82,30.42,183.8,148.5,1.24,0.02,303,33.2,-0.01,-0.02,2510.3
12:04:41,10669.7,10783.7,0.82,30.34,183.7,147.8,1.15,-0.13,302.9,-13.4,0,0.01,2510.9
12:04:42,10669.9,10783.9,0.82,30.34,183.7,148,1.26,-0.25,302.7,-26.8,0,-0.03,2510.3
12:04:43,10670.7,10784.7,0.82,30.35,183.7,148.1,1.59,0.14,302.8,9.3,0,0.05,2511.2
12:04:45,10676.7,10790.7,0.81,30.33,183.4,147.6,1.55,0.37,302.9,66.8,0,-0.03,2510.7
12:04:46,10677,10791,0.82,30.31,183.3,147.6,1.4,0.45,303,99,0.01,-0.02,2510.1
12:04:47,10678.2,10792.1,0.82,30.35,183.2,148.1,1.37,0.27,302.8,107.3,-0.01,-0.02,2511.2
12:04:48,10679.1,10793.1,0.82,30.33,183.1,148.3,1.22,0.02,302.8,119.7,0.01,-0.04,2511.9
12:04:49,10679.3,10793.2,0.82,30.31,183.1,148.1,1.03,0.1,302.7,117.9,-0.01,-0.03,2513.5
12:04:50,10678.5,10792.5,0.82,30.34,183.1,148.2,1.01,0.18,302.8,94.2,0.01,0,2511.2
12:04:51,10676.8,10790.8,0.82,30.36,183.1,147.8,0.87,0.2,302.6,9.7,0,-0.02,2513.1
12:04:52,10677.1,10791.1,0.82,30.32,183.2,148.4,0.64,-0.03,302.7,-25.8,-0.01,-0.04,2514.3
12:04:53,10674.5,10788.5,0.82,30.3,183.3,148.3,0.53,-0.05,302.7,-49,0,-0.01,2513.2
12:04:55,10669,10782.9,0.82,30.32,183.6,148.7,0.92,0.02,302.5,-216.2,0,0.05,2511.5
12:04:56,10668,10782,0.82,30.34,183.7,148.9,1.19,-0.05,302.6,-193.9,0,0.03,2513.8
12:04:57,10668.8,10782.8,0.82,30.37,183.7,149,1.29,-0.12,302.5,-119.1,0,0.02,2511.9
12:04:58,10667.3,10780.9,0.81,30.34,183.6,148.6,1.41,0.07,302.6,-63.4,0,0.04,2511.8
12:05:00,10672.1,10785.7,0.82,30.31,183.4,148.4,1.58,0.13,302.7,73.6,0,0,2511.2
12:05:01,10675.1,10788.7,0.82,30.38,183.2,148,1.32,0.04,302.6,133.7,0.01,-0.02,2511.8
12:05:02,10676.6,10790.2,0.82,30.36,183.1,148.1,1.11,0.04,302.7,151.8,0,-0.02,2510.6
12:05:03,10676.8,10790.3,0.82,30.27,183.1,148,0.97,0.18,302.7,137.3,0.01,-0.02,2512.6
12:05:04,10678,10791.6,0.81,30.28,183.2,148,0.82,0.19,302.8,108.4,0.01,-0.04,2511.7
12:05:05,10676.6,10790.2,0.81,30.34,183.2,148,0.65,0.22,302.9,43.5,-0.01,-0.03,2509.9
12:05:06,10674.4,10788,0.81,30.31,183.3,148.1,0.48,0.16,302.9,4.9,0,-0.03,2512.3
12:05:07,10671.2,10784.8,0.82,30.32,183.5,147.8,0.58,0.12,302.8,-97.8,-0.01,-0.02,2511
12:05:08,10668.3,10781.9,0.81,30.32,183.7,148.3,0.92,0.08,302.9,-120.5,-0.01,0.03,2507.5
12:05:09,10666.9,10780.5,0.81,30.34,183.8,148.3,1.08,0.14,303,-135,0,0.01,2510.6
12:05:11,10664.3,10777.9,0.82,30.34,183.8,147.9,1.43,0.04,303,-88.6,0.01,0.04,2508.7
12:05:12,10665,10778.6,0.82,30.35,183.8,147.8,1.78,0.34,302.8,-99.6,0,0.04,2509.8
12:05:13,10667.5,10781,0.82,30.33,183.6,147.7,2.04,0.07,302.8,-20.1,-0.01,0.04,2511.3
12:05:14,10670.7,10784.3,0.82,30.39,183.4,147.7,1.92,-0.35,302.8,62.7,0.02,0,2512.2
12:05:15,10673.6,10787.2,0.82,30.33,183.2,147.6,1.61,0.23,302.5,100.9,0,-0.04,2510.4
12:05:16,10676.8,10790.4,0.82,30.33,183,148,1.47,-0.11,302.6,154.1,0.01,-0.03,2510.5
12:05:17,10676.9,10790.5,0.82,30.35,182.9,147.1,1.38,-0.05,302.4,180.7,-0.01,0,2510.9
12:05:18,10677.1,10790.7,0.82,30.3,182.9,147.1,1.24,0.03,302.5,106.7,-0.01,0,2509.2
12:05:19,10677.1,10790.7,0.81,30.31,182.9,147.3,1.19,0.14,302.5,76.4,0,-0.01,2509.8
12:05:20,10676.8,10790.4,0.81,30.3,182.9,146.9,1.08,0.02,302.6,42.1,0,-0.03,2509.1
12:05:21,10675.5,10789.1,0.81,30.34,183,146.9,1.16,-0.11,302.5,18.4,0,0,2508.5
12:05:22,10673.5,10787.1,0.81,30.31,183.1,146.3,1.1,0.18,302.4,-35.1,0,0.02,2507.8
12:05:24,10673.6,10787.2,0.82,30.34,183.3,147.2,1.02,0.18,302.3,-23,0,0,2510.5
12:05:25,10673.4,10787,0.82,30.34,183.4,147.3,0.94,0.12,302.4,-10.4,0,-0.01,2513.7
12:05:26,10672.9,10786.5,0.81,30.35,183.5,147.5,0.94,0.05,302.3,-22.7,0.01,0,2513
12:05:27,10672.6,10786.1,0.82,30.33,183.6,147.5,0.98,0.03,302.3,-39.5,0,0,2511.5
12:05:28,10672.2,10785.8,0.82,30.33,183.7,147.7,1.03,0.13,302.3,-26.5,0,0.01,2512.6
12:05:29,10671.4,10785,0.82,30.32,183.8,147.5,1.1,0.01,302.2,-34.8,0,-0.01,2510.9
12:05:30,10670.7,10784.3,0.81,30.37,183.8,147.7,1.23,0,302.3,-37.7,0,0.01,2512.4
12:05:31,10670.5,10784.1,0.82,30.34,183.8,147.5,1.26,0.1,302.3,-38,-0.01,0,2512.3
12:05:32,10670.5,10784,0.82,30.33,183.8,147.6,1.31,0.14,302.3,-27.8,0,0,2512.1
12:05:33,10671.3,10784.9,0.82,30.34,183.8,147.8,1.29,0.01,302.2,-15.2,-0.01,0,2512.4
12:05:34,10671.5,10785.1,0.82,30.33,183.7,148.1,1.3,0.05,302.3,3.8,0,0.01,2511.8
12:05:35,10672.1,10785.7,0.82,30.31,183.7,147.9,1.19,0.05,302.4,14.7,0,0,2511
12:05:36,10672.3,10785.9,0.81,30.37,183.7,147.6,1.1,0.16,302.4,11.3,0,0,2507.3
12:05:37,10672.6,10786.2,0.81,30.32,183.7,147.4,1.04,0.13,302.4,7.3,0,0,2509.9
12:05:38,10672.9,10786.5,0.81,30.33,183.7,147.3,1,0.16,302.4,27.1,0,0,2510.8
12:05:39,10672.9,10786.5,0.82,30.31,183.8,147.2,0.9,0.19,302.4,5.6,0.01,0,2513.3
12:05:40,10672.3,10785.9,0.81,30.35,183.9,147.3,0.92,0.11,302.3,-8.8,0,0,2509.6
12:05:42,10672.6,10786.2,0.82,30.32,184.1,147.4,0.96,0,302.1,-8.9,0,0,2510.3
12:05:43,10672.8,10786.4,0.81,30.31,184.2,147.6,0.94,-0.04,302.1,36.7,0,-0.01,2512.8
12:05:44,10672.9,10786.5,0.82,30.37,184.3,147.6,0.82,-0.05,302,27.9,-0.01,-0.02,2511.3
12:05:45,10673.3,10786.9,0.82,30.34,184.4,147.8,0.74,0,302,-4.5,0,-0.02,2510.6
12:05:46,10673,10786.6,0.82,30.36,184.5,148.1,0.6,0.04,301.9,23.6,0,-0.02,2511.8
12:05:47,10671.1,10784.7,0.82,30.37,184.6,148.4,0.38,-0.02,302,-8.5,0,-0.04,2509.5
12:05:48,10668.2,10781.8,0.82,30.38,184.8,148.6,0.41,0.01,302.1,-43,0,0,2508.6
12:05:49,10665.2,10778.8,0.81,30.34,185,148.6,0.53,0.13,302.2,-112.9,0.01,0.03,2509.8
12:05:50,10663.1,10776.7,0.81,30.34,185.2,148.7,0.85,0.13,302.1,-155.3,0,0.05,2509.8
12:05:51,10662.3,10775.9,0.82,30.36,185.3,148.8,0.99,0.07,302,-143.6,0,0.04,2514.2
12:05:52,10662.1,10775.7,0.82,30.36,185.4,148.7,1.03,-0.11,302,-102.8,0,0.02,2513.3
12:05:53,10662.8,10776.4,0.82,30.39,185.4,149.1,1.35,-0.11,302,-51.2,0.01,0.06,2512.2
12:05:54,10665.5,10779.1,0.81,30.36,185.3,149.1,1.57,-0.25,301.9,-13.1,0,0.02,2511.9
12:05:55,10668.6,10782.2,0.82,30.35,185.1,149.1,1.55,-0.14,302,63.5,0,-0.02,2510.4
12:05:56,10671.8,10785.4,0.82,30.37,184.9,148.8,1.41,0,301.9,113.9,-0.01,-0.03,2512.3
12:05:58,10676.7,10789.9,0.81,30.33,184.7,148.4,1.04,0.12,302.1,138,-0.02,-0.05,2511.7
12:05:59,10677.6,10790.8,0.82,30.35,184.7,148.4,0.9,0.04,302.5,137.2,0,-0.02,2510.4
12:06:00,10677.2,10790.4,0.81,30.37,184.7,148.3,0.62,0.02,302.4,97.4,0,-0.05,2511.2
12:06:01,10675.5,10788.7,0.81,30.35,184.9,148.3,0.35,-0.09,302.5,45.9,0,-0.04,2509.8
12:06:02,10672.9,10786.2,0.81,30.32,185,148.3,0.26,-0.04,302.5,-22.5,0,-0.01,2511.8
12:06:03,10670.2,10783.4,0.82,30.37,185.3,148.1,0.46,0.08,302.3,-113,0,0.03,2510
12:06:04,10666.7,10779.9,0.82,30.37,185.5,149.1,0.71,0.11,302.3,-153.7,-0.01,0.05,2511.3
12:06:05,10665.6,10778.8,0.82,30.35,185.7,149.4,0.9,0.09,302.4,-109.2,0,0.02,2511.3
12:06:06,10665.4,10778.6,0.81,30.39,185.7,149.3,0.85,-0.07,302.3,-91,0.01,0.01,2514
12:06:07,10665.2,10778.4,0.82,30.35,185.8,149.3,0.83,-0.09,302.2,-71.2,0.01,0,2513
12:06:08,10665.4,10778.7,0.82,30.35,185.8,149.6,0.88,-0.01,302.3,-40.8,0.01,0.02,2513.7
12:06:09,10666.3,10779.5,0.82,30.34,185.8,149.8,0.83,0.02,302.4,-7.4,-0.01,0,2511.2
12:06:10,10667,10780.2,0.81,30.36,185.9,150,1.01,0.18,302.6,19.9,0.01,0.06,2511.6
12:06:11,10668.4,10781.6,0.81,30.36,185.9,149.6,1.23,0.02,302.5,1.9,0.01,-0.01,2512.8
12:06:12,10670.4,10783.6,0.81,30.36,185.8,149.8,1.52,0.11,302.7,56,0,0.02,2511.1
12:06:13,10673.5,10786.7,0.82,30.35,185.6,149.4,1.44,-0.3,302.7,79.9,0.01,-0.01,2512.6
12:06:14,10675.4,10788.6,0.82,30.36,185.5,149.2,1.32,-0.24,302.7,135.6,0,-0.03,2512.3
12:06:15,10676.4,10789.6,0.82,30.37,185.3,149.3,1.25,-0.31,302.7,126.7,0,0,2512.2
12:06:16,10678,10791.2,0.82,30.36,185.2,150,1.07,-0.25,302.8,128.4,0,-0.02,2512
12:06:17,10678,10791.2,0.82,30.32,185.2,149.6,0.7,0.01,302.7,84.2,0,-0.08,2513
12:06:18,10676.3,10789.5,0.82,30.39,185.2,149.4,0.32,0.08,302.6,44.3,0,-0.06,2511
12:06:19,10672.8,10786,0.82,30.38,185.3,150,0.24,0.05,302.5,-22.9,0,-0.01,2512.3
12:06:20,10669.1,10782.4,0.82,30.35,185.5,149.8,0.57,0.02,302.4,-116.3,0,0.06,2513.7
12:06:21,10666.5,10779.7,0.82,30.39,185.6,150.4,0.85,-0.27,302.4,-174.6,0,0.08,2512.6
12:06:22,10664.6,10777.9,0.82,30.39,185.7,150.4,0.85,-0.3,302.5,-168.9,0.01,-0.01,2510.5
12:06:23,10664.7,10777.9,0.81,30.33,185.7,150.1,0.93,-0.23,302.4,-111.8,-0.01,0.02,2511.2
12:06:24,10664.2,10777.5,0.82,30.37,185.7,149.9,1.01,0,302.4,-53.7,-0.01,0.02,2515.6
12:06:25,10664.3,10777.5,0.82,30.34,185.7,149.7,1.01,-0.03,302.5,-18.3,0,0.03,2512.9
12:06:26,10664.5,10777.8,0.81,30.31,185.7,149.2,0.9,0.05,302.4,-3.3,-0.01,-0.02,2512.2
12:06:27,10665.4,10778.6,0.82,30.29,185.7,149,0.9,0.15,302.5,-1.3,-0.02,0.05,2513.6
12:06:29,10666.6,10779.9,0.82,30.34,185.8,148.9,0.94,0.05,302.6,39,0,-0.01,2509.7
12:06:30,10666.6,10779.8,0.82,30.32,185.8,148.5,1.03,0.04,302.7,2.3,0.01,0.04,2509.4
12:06:31,10666.6,10779.9,0.82,30.32,185.9,148.7,1.14,0.16,302.5,-45.9,0,0.03,2509.4
12:06:32,10667.9,10781,0.82,30.34,185.9,148.9,1.18,-0.37,302.7,-16.9,0.01,0,2509.6
12:06:34,10667.8,10781,0.81,30.28,185.8,148.5,1.03,-0.27,302.7,56.2,-0.01,-0.02,2512.5
12:06:35,10668.1,10781.3,0.81,30.34,185.8,148.4,1.07,-0.07,302.9,57.1,-0.01,-0.05,2509
12:06:36,10667.9,10781.2,0.81,30.29,185.8,148.6,0.94,0.36,303.1,77.5,-0.02,0.03,2512.5
12:06:37,10668.1,10781.3,0.82,30.33,185.8,148.7,0.82,0.05,303,33,-0.01,-0.03,2512.6
12:06:38,10667.6,10780.8,0.81,30.31,185.9,148.8,0.82,-0.32,303.2,1.6,0,0.02,2511.1
12:06:39,10667.7,10780.9,0.82,30.35,185.9,148.8,0.89,0.43,303.4,-7.7,-0.01,-0.01,2513.3
12:06:40,10668.6,10781.8,0.82,30.3,186,148.3,0.94,0.37,303.4,-33.1,-0.01,-0.01,2511.9
12:06:41,10667.9,10781.1,0.81,30.35,186,148.3,1.04,-0.02,303.2,-44.9,-0.01,-0.01,2513.8
12:06:42,10668,10781.2,0.81,30.33,186,149.1,1.14,0.05,303.4,-3.9,0,0,2511.2
12:06:44,10668.4,10781.6,0.82,30.28,186,148.7,1.3,-0.04,303.1,-19.1,0.01,0.03,2512.1
12:06:45,10668.9,10782.1,0.81,30.35,185.9,148.4,1.54,-0.01,302.9,-0.5,0.01,0.03,2510.1
12:06:46,10669.4,10782.6,0.81,30.29,185.8,148.5,1.85,0.21,303,34.1,0,0.05,2511.4
12:06:47,10672.5,10785.7,0.82,30.27,185.6,148.2,1.66,-0.18,302.9,57.7,0,-0.01,2510.6
12:06:48,10674.8,10788.1,0.82,30.29,185.4,148,1.38,-0.14,302.9,91.3,0,-0.04,2511
12:06:49,10676.2,10789.4,0.81,30.31,185.4,147.6,1.23,0.11,302.8,137.3,0,-0.02,2511.4
12:06:50,10676.4,10789.6,0.82,30.3,185.3,147.7,1.03,-0.1,302.9,134.9,0,-0.02,2509.3
12:06:51,10676.8,10790,0.82,30.27,185.3,147.5,0.89,0.02,302.9,98.8,0,0.01,2515.2
12:06:52,10677.1,10790.3,0.82,30.3,185.4,147.7,0.57,-0.12,302.9,36.5,0,-0.04,2511.1
12:06:53,10675.1,10788.3,0.82,30.31,185.6,148,0.3,-0.23,302.7,15.9,-0.01,-0.03,2509.9
12:06:54,10672.4,10785.6,0.82,30.32,185.8,149.3,0.27,0.01,302.9,-27.8,-0.01,0.03,2508.5
12:06:55,10669.6,10782.8,0.82,30.33,186,148.6,0.31,-0.41,303.2,-94.5,0.01,-0.02,2508.4
12:06:56,10666.9,10780.1,0.82,30.34,186.3,148.7,0.49,0.11,303.2,-129.2,0,0.03,2512.9
12:06:57,10665.8,10779,0.81,30.34,186.5,149.5,0.59,0.35,303.7,-141.7,0,0.03,2511.8
12:06:58,10663.4,10776.2,0.81,30.36,186.6,149.1,0.81,0.41,303.5,-156.6,0.01,0.03,2510
12:06:59,10662.6,10775.5,0.82,30.29,186.7,149.2,1.12,0.38,303.5,-130.8,-0.02,0.05,2511.2
12:07:00,10663.4,10776.3,0.82,30.36,186.7,150,1.53,0.05,303.6,-104.1,0.01,0.05,2511.2
12:07:01,10666.5,10779.4,0.82,30.33,186.5,149.1,1.85,-0.13,303.2,-66.6,-0.01,0.05,2513.2
12:07:02,10670.7,10783.6,0.82,30.3,186.3,149.5,1.58,-0.04,303.5,81.8,0,-0.07,2513
12:07:03,10673.8,10786.7,0.82,30.33,186.1,149.5,1.32,-0.12,303.2,154.6,0,-0.05,2509
12:07:04,10677,10789.9,0.82,30.35,185.9,149.3,1.22,-0.21,303.2,173.6,0.02,0,2513.4
12:07:05,10677.8,10790.7,0.82,30.3,185.8,149.2,1.05,-0.03,303.1,149.2,0.01,-0.05,2513.7
12:07:06,10678.3,10791.1,0.82,30.32,185.7,149.8,0.89,0.09,303.1,122.1,0.01,-0.03,2513
12:07:07,10677.9,10790.8,0.82,30.36,185.7,149.3,0.65,-0.24,302.9,56.9,0,-0.02,2513.6
12:07:08,10676.1,10789,0.82,30.35,185.8,150.1,0.33,-0.12,303.2,40.8,0,-0.05,2514
12:07:09,10673.3,10786.1,0.82,30.33,185.9,149.5,0.4,0.14,303.1,-26.1,0,0.05,2511.1
12:07:10,10668.4,10781.3,0.82,30.32,186.1,150,0.51,0.22,303.2,-90.1,0,0,2515.1
12:07:11,10666.9,10779.7,0.82,30.35,186.2,150.1,0.59,-0.03,303.2,-142.3,0.01,0.05,2513.7
12:07:12,10665.9,10778.7,0.81,30.4,186.3,150.2,0.76,0.03,303.1,-138,0,0.04,2511.9
12:07:13,10665.2,10778.1,0.81,30.37,186.3,150.5,0.86,-0.07,303.2,-106.8,-0.02,0.02,2514
12:07:14,10665.2,10778,0.82,30.33,186.3,150.2,1.1,-0.11,303.1,-80.8,0,0.04,2511
12:07:15,10666.3,10779.2,0.82,30.36,186.3,149.7,1.42,-0.11,302.9,-61,0,0.05,2512.1
12:07:16,10670.9,10783.8,0.82,30.34,186.2,149.7,1.45,-0.37,303.1,29.7,0,-0.01,2513.1
12:07:17,10673.6,10786.5,0.82,30.35,186,149.9,1.25,0.19,303.4,98.1,0,-0.04,2512.5
12:07:18,10675.6,10788.5,0.82,30.34,185.9,149.9,1.1,0.15,303.4,126.9,0,-0.03,2510.8
12:07:19,10676.6,10789.5,0.82,30.42,185.8,149.8,0.98,0.21,303.4,126.1,0,-0.02,2512.3
12:07:20,10676.8,10789.6,0.82,30.4,185.8,149.7,0.88,0,303.3,70.3,-0.01,-0.04,2511.5
12:07:21,10676.7,10789.6,0.82,30.34,185.8,149.6,0.71,0.21,303.4,58.2,0,-0.02,2513.8
12:07:22,10673.3,10786.2,0.82,30.39,185.9,149.9,0.53,-0.03,303.4,34.6,0,-0.04,2515.5
12:07:23,10670.8,10783.7,0.82,30.39,186,150.1,0.52,-0.02,303.3,-19.7,0.01,0.03,2513.6
12:07:25,10665.9,10778.8,0.82,30.42,186.3,150.6,0.77,0.31,303.4,-128.8,-0.01,0,2513.4
12:07:26,10664.2,10777.1,0.82,30.38,186.4,150.3,0.93,0.29,303.4,-136.1,0.01,0.05,2511.6
12:07:27,10663.6,10776.4,0.81,30.43,186.4,150.4,0.98,0.15,303.3,-122.1,0,0.01,2513.7
12:07:28,10664.4,10777.3,0.82,30.43,186.4,150.9,1.02,0.05,303.4,-55.7,0,0.01,2513.7
12:07:29,10665,10777.9,0.81,30.42,186.3,150.4,0.96,0.02,303.4,-25.3,-0.01,-0.01,2512.9
12:07:30,10665.3,10778.1,0.82,30.4,186.3,150.9,0.94,0.25,303.5,16.2,0,-0.01,2513.6
12:07:31,10665.5,10778.4,0.82,30.41,186.3,150.7,0.97,0.26,303.5,-6.1,0,0,2513
12:07:32,10665.8,10778.6,0.82,30.43,186.3,150.7,1,0.2,303.5,-17.6,0,0,2512.1
12:07:33,10666.8,10779.7,0.82,30.44,186.2,150.8,1.05,0.15,303.5,17.3,-0.01,0.01,2509.9
12:07:35,10668.8,10781.7,0.82,30.41,186.1,151,0.88,0.1,303.6,33.8,0,-0.01,2513.9
12:07:36,10669.6,10782.4,0.82,30.44,186.1,151,0.85,0.3,303.7,28.6,-0.01,-0.02,2512
12:07:37,10669.7,10782.5,0.81,30.44,186.1,150.9,0.87,0.03,303.7,0.7,0.01,0.01,2510.5
12:07:38,10670.1,10782.9,0.81,30.41,186.1,151.1,0.91,0.04,303.7,13.9,0,0,2512.1
12:07:39,10669.9,10782.8,0.82,30.43,186.1,150.8,0.9,0.05,303.6,46.2,0,0,2510.3
12:07:40,10670.2,10783.1,0.82,30.42,186.1,150.9,0.85,0.09,303.7,42,0,-0.02,2514.8
12:07:41,10669.4,10782.3,0.82,30.39,186.1,150.9,0.87,0.11,303.7,4.7,0,-0.01,2513.9
12:07:42,10668.7,10781.6,0.82,30.39,186.1,150.8,0.89,0.02,303.7,-12.1,0,0,2512.6
12:07:43,10668,10780.8,0.82,30.38,186.1,150.7,0.93,0.18,303.6,-5.3,0,0.02,2513.3
12:07:44,10667.5,10780.4,0.82,30.37,186.1,150.8,0.92,0.1,303.6,-3.5,0,0,2513.9
12:07:45,10667.7,10780.6,0.81,30.36,186.1,150.3,0.9,-0.02,303.4,-18.9,0,0,2513.6
12:07:46,10666,10778.9,0.82,30.42,186.1,150.6,0.9,0,303.4,-31.4,0,0,2512.2
12:07:47,10665.8,10778.7,0.82,30.42,186.1,150.6,0.93,0.05,303.3,-48.2,0,0.01,2512.7
12:07:48,10665.8,10778.7,0.82,30.39,186.1,150.8,1.02,0.08,303.3,-20.5,0,0.01,2512.1
12:07:49,10666.2,10779,0.82,30.39,186.1,150.7,1.03,0.03,303.2,3.6,0,0,2513.5
12:07:50,10666.4,10779.3,0.82,30.39,186.1,150.5,1.02,0.14,303.2,8.2,-0.01,-0.01,2509
12:07:51,10666.3,10779.1,0.82,30.41,186.1,150.5,1.03,0.1,303.2,14.3,-0.01,-0.01,2512
12:07:52,10668.3,10781.2,0.82,30.37,186,150.4,1.01,0.15,303.2,9.2,0,0,2510.3
12:07:53,10668.7,10781.6,0.82,30.42,186,150.4,1,0.18,303.2,-11.3,0,0,2511.1
12:07:54,10669.1,10782,0.81,30.4,186,150.5,0.99,0.18,303.2,3.1,0,0,2512.3
12:07:55,10669.8,10782.7,0.82,30.39,186,150.6,0.97,0.09,303.2,36.1,0,0,2512.8
12:07:56,10670.7,10783.5,0.82,30.37,186,150.8,0.92,0,303.3,55.7,0,-0.01,2513.5
12:07:57,10671.5,10784.4,0.82,30.4,185.9,150.6,0.87,0.09,303.2,26.3,0,-0.01,2512.2
12:07:58,10670.7,10783.2,0.82,30.38,186,150.6,0.86,0.1,303.2,35.1,0,-0.02,2511
12:07:59,10670.4,10782.9,0.82,30.39,186,150.8,0.88,0.16,303.3,3.8,0,0,2512.1
12:08:00,10670.1,10782.7,0.82,30.37,186,150.8,0.89,0.15,303.3,-5.4,0,-0.01,2512.6
12:08:01,10669.8,10782.3,0.82,30.43,186,150.9,0.91,0.15,303.3,7.6,0,-0.01,2512.2
12:08:02,10669.3,10781.9,0.82,30.43,186,150.7,0.91,0.12,303.3,-21.4,0,0,2513.4
12:08:03,10668.4,10780.9,0.82,30.4,186,150.8,0.98,0.1,303.3,-35.2,0,0.01,2512.5
12:08:04,10667.7,10780.2,0.82,30.39,185.9,150.7,1.03,0.05,303.3,-39.9,0,0.01,2512.7
12:08:05,10667.5,10780,0.82,30.43,185.9,151,1.1,0.09,303.3,-20.8,0,0.01,2511.9
12:08:06,10667.4,10779.9,0.82,30.38,185.8,150.7,1.08,0.1,303.2,-29.7,0,-0.01,2513.1
12:08:07,10667.3,10779.9,0.81,30.38,185.8,150.7,1.09,0.19,303.2,-11.8,0,0,2513.7
12:08:08,10667.3,10779.8,0.82,30.36,185.7,150.5,1.11,0.22,303.2,2.3,0,0,2512.6
12:08:09,10667.8,10780.3,0.82,30.38,185.6,150.4,1.14,0.13,303.1,0.6,-0.01,0,2511.1
12:08:11,10668.6,10781.1,0.82,30.39,185.5,150.3,1.11,0.04,303,0.6,0,0.01,2510.8
12:08:12,10669.2,10781.7,0.82,30.41,185.5,150.3,1.1,0.11,303,42.1,0,0,2512
12:08:13,10669.8,10782.3,0.83,30.48,185.4,150.2,1.05,0.11,302.9,-1.1,0,0,2512.5
12:08:14,10670.3,10782.9,0.82,30.41,185.4,150.3,1.03,0.02,303,13.7,0,0,2513.6
12:08:16,10670.9,10783.5,0.84,30.65,185.5,150.5,0.97,0.1,303,52.7,0,0,2511.6
12:08:17,10671.4,10783.9,0.86,30.67,185.5,150.6,0.92,0.13,303,26.9,0,-0.01,2513.4
12:08:18,10671.5,10784.1,0.86,30.66,185.6,150.9,0.92,0.14,303.1,40.2,0,-0.01,2513
12:08:20,10671.5,10784.1,0.87,30.54,185.8,151,0.81,0.08,303.2,36.2,0,-0.01,2512.9
12:08:21,10671.3,10783.9,0.87,30.57,185.9,151.1,0.77,0.1,303.2,-3.8,-0.01,-0.02,2510.8
12:08:22,10671,10783.5,0.87,30.56,186.1,151.2,0.77,0.11,303.3,-5.6,0,0,2512.7
12:08:23,10670.2,10782.8,0.87,30.55,186.2,151.3,0.77,0.18,303.3,-18,0,0,2514.4
12:08:24,10669.6,10782.2,0.87,30.58,186.3,151.4,0.8,0.14,303.4,-32.1,0,0.01,2512.4
12:08:26,10668.6,10781.1,0.87,30.58,186.5,151.4,0.93,0.12,303.4,-60.8,0,0,2512
12:08:27,10667.8,10780.3,0.87,30.57,186.6,151.4,1.01,0.07,303.5,-30,0,0.01,2513.8
12:08:28,10667,10779.5,0.87,30.6,186.7,151.5,1.01,0.16,303.6,-42,0,0,2512.4
12:08:29,10666.7,10779.2,0.87,30.59,186.7,151.5,1.08,0.18,303.6,-55.4,0.01,0.01,2513.2
12:08:30,10666.8,10779.3,0.87,30.58,186.7,151.4,1.14,0.2,303.5,-49.9,0,0,2513.2
12:08:31,10667.1,10779.6,0.87,30.57,186.7,151.4,1.24,0.14,303.6,-24,0.01,0.01,2514.1
12:08:32,10667.6,10780.1,0.87,30.55,186.7,151.3,1.27,0.09,303.5,9.5,0,0.01,2513.6
12:08:33,10668.5,10781,0.87,30.55,186.7,151.2,1.21,0.15,303.5,22.2,0,0,2511.1
12:08:34,10669.6,10782.2,0.87,30.54,186.7,151.1,1.16,0.16,303.4,15.7,0,0,2512.4
12:08:35,10670.2,10782.7,0.86,30.46,186.6,151.1,1.1,0.14,303.5,18.2,0,-0.01,2514.3
12:08:36,10670.7,10783.2,0.85,30.5,186.6,151.2,1.09,0.05,303.4,16.5,0,0,2512.5
12:08:37,10671.3,10783.8,0.85,30.54,186.6,151.3,1.04,0.02,303.4,19.5,0,-0.01,2513.6
12:08:38,10671.7,10784.3,0.85,30.52,186.6,151.4,1.02,0.05,303.4,38,-0.01,-0.01,2513
12:08:40,10671.7,10784.2,0.86,30.53,186.7,151.1,0.87,0.01,303.4,49.9,0,0,2512.3
12:08:41,10671.1,10783.7,0.85,30.55,186.7,151.3,0.79,0.04,303.5,56.2,0,-0.01,2512.6
12:08:43,10670,10782.5,0.86,30.55,186.9,151.2,0.78,0.03,303.5,-35.4,0,-0.01,2513.4
12:08:44,10669.2,10781.7,0.86,30.54,187,151.3,0.89,0.04,303.5,-16.9,0,0.01,2512.2
12:08:45,10668.6,10781.2,0.85,30.54,187.1,151.3,0.94,0.11,303.6,-38.9,0,0.01,2513.9
12:08:46,10668.5,10781,0.86,30.51,187.1,151.4,0.94,0.09,303.6,-27.7,0,0.01,2511
12:08:48,10668.9,10781.5,0.86,30.56,187.2,151.7,0.87,0.09,303.5,-9.3,0.01,0.01,2513.9
12:08:49,10669.1,10781.7,0.85,30.51,187.3,151.7,0.82,-0.01,303.5,-8.8,0,0,2513.4
12:08:50,10669.2,10781.7,0.85,30.5,187.4,151.8,0.81,0.02,303.5,-6.6,0,0,2515
12:08:51,10669.3,10781.9,0.85,30.54,187.4,151.8,0.78,0,303.5,-2.8,0,-0.01,2515.3
12:08:52,10668.9,10781.4,0.85,30.52,187.5,151.8,0.79,0.07,303.4,-16.8,0,0,2513.7
12:08:53,10668,10780.5,0.85,30.55,187.6,151.8,0.85,0.1,303.4,-20.1,-0.01,0,2512.9
12:08:54,10668.1,10780.6,0.86,30.57,187.7,152,0.87,0.01,303.5,-7.2,-0.01,0,2511
12:08:55,10668.1,10780.6,0.85,30.56,187.7,152.1,0.85,0.05,303.5,16.8,0,-0.01,2511
12:08:56,10668,10780.5,0.85,30.57,187.8,151.9,0.8,0.07,303.6,-12.7,0,-0.01,2512.8
12:08:57,10667.6,10780.1,0.86,30.61,187.8,152,0.83,0.04,303.5,-17.7,-0.01,0,2514.5
12:08:58,10667.4,10779.6,0.86,30.56,187.9,152.2,0.86,0.03,303.6,-12.9,-0.01,-0.01,2513.9
12:08:59,10667.5,10779.7,0.86,30.58,187.9,152.1,0.86,0.05,303.5,-9.5,0,0,2514.4
12:09:00,10667.5,10779.7,0.86,30.53,188,152.1,0.85,0.02,303.6,-20.5,0,0,2511.9
12:09:01,10667.3,10779.5,0.86,30.56,188.1,152.4,0.86,0.01,303.6,0,0,0,2511.4
12:09:02,10667.4,10779.5,0.86,30.57,188.1,152.7,0.89,0.04,303.6,-8.8,-0.01,0.01,2513.6
12:09:03,10668.4,10780.6,0.86,30.65,188.1,153.6,0.89,0.04,303.8,26.7,0,0.01,2512.3
12:09:04,10668.8,10781,0.86,30.61,188.1,153.6,0.88,0.14,303.9,-4.2,0.01,0.01,2516.6
12:09:05,10669.7,10781.9,0.86,30.61,188.1,153.8,0.89,0.07,303.9,-23.1,0,0.01,2512.3
12:09:06,10670.5,10782.7,0.86,30.69,188,153.8,0.89,0.1,303.8,-3.1,0.01,0,2514.4
12:09:07,10671.3,10783.4,0.86,30.65,188,153.7,0.85,0.07,303.8,44,0.01,0,2513.2
12:09:08,10671.8,10784,0.86,30.57,188,153.7,0.77,-0.04,303.8,70.3,0.01,-0.02,2513.1
12:09:09,10671.5,10783.7,0.86,30.56,188,153.5,0.65,-0.03,303.8,40.7,0,-0.02,2512.8
12:09:10,10671,10783.2,0.86,30.65,188,153.5,0.62,0.02,303.8,13.5,0,-0.02,2511.5
12:09:11,10669.8,10782,0.86,30.59,188.1,153.5,0.58,-0.05,303.8,0.4,0,-0.01,2513.9
12:09:12,10668.5,10780.7,0.86,30.57,188.1,153.6,0.58,0.09,303.8,9.4,0,-0.01,2512.6
12:09:13,10667,10779.2,0.86,30.56,188.2,153.7,0.53,-0.04,303.9,-25.5,0,-0.01,2512.9
12:09:14,10665.3,10777.5,0.86,30.55,188.3,153.7,0.55,0.01,303.8,-80.1,-0.01,0,2513.1
12:09:15,10664.3,10776.5,0.86,30.63,188.4,153.6,0.56,0,303.8,-99.7,0,0.01,2512.5
12:09:17,10661.6,10773.8,0.86,30.57,188.5,153.8,0.65,-0.04,303.8,-65.3,0,0.01,2512.7
12:09:18,10661.1,10773.3,0.86,30.58,188.5,154,0.69,0.12,303.9,-77.9,0,0.01,2513.5
12:09:19,10661.1,10773.3,0.85,30.57,188.6,153.9,0.76,0.14,303.9,-56.6,0,0,2514.6
12:09:20,10661.3,10773.5,0.86,30.57,188.6,154,0.83,0.03,303.8,-23.9,0,0.01,2514.3
12:09:22,10663.1,10775.2,0.86,30.57,188.5,154,0.92,0.01,303.8,9.5,0.01,0.01,2513.6
12:09:23,10664.6,10776.8,0.86,30.58,188.4,154,0.97,0.05,303.8,15.6,0,0.01,2513.2
12:09:24,10665.8,10778,0.86,30.55,188.4,154.1,0.97,-0.03,303.9,42.2,0,0.01,2511.2
12:09:25,10667.1,10779.3,0.85,30.57,188.3,154.2,0.86,-0.07,303.9,68.9,0,-0.02,2512.2
12:09:27,10668.8,10781,0.86,30.58,188.2,154,0.71,0.05,304,50.4,-0.01,-0.02,2512.2
12:09:28,10666.5,10778.7,0.85,30.56,188.1,154.1,0.74,0.12,304,64.4,0,-0.02,2512.9
12:09:29,10665,10777.2,0.85,30.61,188.1,154,0.74,0.09,303.9,24.2,-0.01,-0.01,2513.6
12:09:30,10663.6,10775.8,0.85,30.6,188.1,153.9,0.78,0.05,303.9,-25.6,0,0,2512
12:09:31,10662.5,10774.7,0.85,30.57,188.1,154,0.85,0.07,303.9,-34,-0.01,0,2512.2
12:09:32,10661.5,10773.7,0.86,30.58,188.1,153.9,0.87,0.01,303.9,-40.9,0,0,2512.5
12:09:33,10660,10772.2,0.86,30.58,188,153.8,0.9,-0.01,303.9,-32.9,0,0,2512.4
12:09:34,10661,10773.1,0.86,30.58,188,153.6,0.93,-0.04,303.9,-45.6,0,0,2513.3
12:09:35,10660.9,10773.1,0.86,30.58,187.9,153.4,0.9,-0.02,304,-43.5,0,0,2511.5
12:09:36,10660.4,10772.6,0.86,30.59,187.9,153.3,0.92,0.01,304,-65.1,0,0.01,2512.2
12:09:37,10660.2,10772.4,0.85,30.63,187.9,153.2,0.94,0.02,304,-34.7,0,0.01,2513.2
12:09:38,10660.3,10772.5,0.86,30.57,187.8,153.2,0.94,0.1,304,-24.5,0,0.01,2510.3
12:09:39,10661.5,10773.7,0.86,30.56,187.8,153.1,0.92,0.07,304,9.1,0,0,2512.4
12:09:40,10660.5,10772.7,0.86,30.57,187.8,153,0.88,0.1,303.9,-0.1,0,0,2511.5
12:09:41,10660.4,10772.6,0.86,30.58,187.8,153,0.85,0.01,303.9,1.7,0,0,2514.9
12:09:42,10660.9,10773.1,0.86,30.61,187.8,153.2,0.88,0.11,304,20.5,0.01,0.01,2511.6
12:09:43,10661.9,10774.1,0.85,30.59,187.8,153.2,0.91,0.08,303.9,23.4,0,0,2511
12:09:44,10662.8,10775,0.86,30.62,187.7,152.9,0.91,-0.01,303.8,5,-0.01,0,2511.5
12:09:45,10663.4,10775.6,0.86,30.6,187.7,153,0.82,-0.23,303.8,59.2,0,-0.03,2512.6
12:09:46,10665.1,10777.3,0.86,30.55,187.7,152.8,0.86,0.08,303.9,70.9,-0.01,-0.01,2511.3
12:09:47,10666,10778.2,0.86,30.55,187.7,152.7,0.86,0.05,303.8,46.8,0,0,2511.9
12:09:48,10666.4,10778.6,0.86,30.57,187.7,153,0.83,0.09,303.8,44.8,0,-0.01,2512.6
12:09:49,10666.6,10778.8,0.86,30.59,187.7,152.9,0.89,0.1,303.8,26.6,0,-0.01,2510.2
12:09:50,10666.6,10778.8,0.86,30.57,187.7,152.9,0.9,0.08,303.9,27.2,0,0,2512.3
12:09:51,10667.2,10779.4,0.85,30.57,187.7,152.7,0.88,0.1,304,22.1,0,-0.01,2510.6
12:09:52,10664.9,10777.1,0.85,30.55,187.7,152.6,0.87,0.2,304,-4.8,0.01,0,2511.8
12:09:53,10663.7,10775.9,0.85,30.55,187.7,152.6,0.82,0.08,303.9,-27,0,0,2511.5
12:09:54,10663.4,10775.6,0.86,30.55,187.8,152.5,0.78,0.03,304,-15.5,0,0,2512.2
12:09:55,10662.9,10775.1,0.86,30.59,187.8,152.6,0.76,0.09,303.9,-13.9,0,0,2513
12:09:56,10662.5,10774.7,0.86,30.57,187.8,152.5,0.76,-0.02,303.9,-37,0,-0.01,2513.2
12:09:57,10661.6,10773.8,0.85,30.56,187.9,152.6,0.81,0.15,303.8,-27.5,0,0,2513.9
12:09:58,10662.3,10774.2,0.85,30.54,187.9,152.5,0.89,0.03,303.9,-25.5,-0.01,0.01,2512.8
12:09:59,10663,10774.9,0.85,30.53,188,152.5,0.92,0.08,303.8,8.5,0,0,2511.5
12:10:00,10663.5,10775.4,0.86,30.59,188,152.4,0.94,0.01,303.8,2.6,0,0,2510.8
12:10:01,10664,10775.8,0.86,30.55,187.9,152.5,0.94,0.1,303.9,31.7,0,0,2513.5
12:10:02,10664.2,10776.1,0.85,30.58,187.9,152.4,0.92,0.08,303.9,35.5,-0.01,-0.01,2512.5
12:10:03,10665.1,10777,0.85,30.58,187.9,152.3,0.92,0.11,303.9,9.8,0,0,2510.9
12:10:04,10665.4,10777.3,0.86,30.57,188,152.3,0.88,0.08,303.9,15.4,0,-0.01,2512.6
12:10:05,10665,10776.9,0.85,30.55,188,152.3,0.85,0.08,303.9,30.5,0,-0.01,2512.6
12:10:06,10665.2,10777.1,0.86,30.56,188,152.4,0.81,0.04,304,15.2,0,0,2513.2
12:10:08,10665.6,10777.5,0.85,30.58,188.1,152.7,0.82,0.08,303.9,16.4,0,0,2515
12:10:09,10665.7,10777.5,0.85,30.53,188.1,152.7,0.83,0.05,303.9,12.8,0,0,2513.4
12:10:10,10665.5,10777.4,0.86,30.55,188.1,152.9,0.86,-0.01,303.9,7.7,0.01,0.01,2511.6
12:10:11,10666.3,10778.1,0.85,30.58,188.1,153.1,0.82,0.1,303.9,17.1,0,0,2512.7
12:10:12,10666.7,10778.6,0.85,30.58,188.1,153.2,0.77,0.12,303.9,33.3,0,0,2514
12:10:13,10666.9,10778.8,0.85,30.57,188.1,153.2,0.67,0.11,304,25.8,0,-0.03,2512.5
12:10:14,10666.4,10778.3,0.86,30.57,188.1,153.3,0.68,0.13,304.1,5.5,-0.01,0,2513.2
12:10:15,10666.3,10778.1,0.85,30.58,188.2,153.6,0.69,0.18,304.1,-8.3,0,0,2512.2
12:10:16,10665.7,10777.6,0.86,30.58,188.2,153.6,0.71,-0.08,304.2,-17.5,0,-0.01,2513.5
12:10:17,10664.6,10776.4,0.86,30.6,188.2,154.2,0.73,0.09,304.4,-38.6,0,0,2511.6
12:10:18,10663.8,10775.7,0.86,30.6,188.2,153.5,0.79,0.09,304.3,-62.7,-0.01,-0.01,2512.3
12:10:19,10663.3,10775.1,0.86,30.58,188.2,153.6,0.79,0.1,304.3,-47,0,0,2513.7
12:10:20,10662.9,10774.8,0.85,30.64,188.2,153.9,0.83,0.04,304.4,-49.8,0,0.02,2513.7
12:10:21,10662.2,10774.1,0.86,30.55,188.2,153.9,0.87,0.04,304.4,-35.2,0,0.02,2514.1
12:10:22,10662.1,10774,0.86,30.55,188.1,154,0.88,0.15,304.4,-29.2,0,0.01,2513
12:10:23,10663.1,10775,0.86,30.55,188.1,153.7,0.83,0.43,304.5,2.5,0,0.02,2514.3
12:10:24,10663.6,10775.5,0.86,30.61,188.1,153.5,0.77,0.04,304.5,-1.4,0.01,-0.01,2512.8
12:10:25,10663.7,10775.6,0.86,30.57,188.1,153.3,0.79,0.01,304.4,14.6,0,0.01,2512.8
12:10:26,10663.7,10775.5,0.86,30.61,188.1,153.5,0.74,-0.07,304.3,16,0,0,2512.2
12:10:27,10664.1,10776,0.86,30.6,188.1,153.4,0.67,0.04,304.4,13.7,-0.01,-0.01,2512.6
12:10:28,10663.3,10775.2,0.86,30.61,188.1,153.7,0.75,-0.13,304.6,16.2,-0.01,0,2513.6
12:10:29,10662.4,10774.2,0.86,30.6,188.1,154.1,0.74,0.11,304.6,4.1,-0.01,-0.01,2512.9
12:10:30,10662.3,10774.1,0.85,30.65,188.1,153.6,0.68,-0.02,304.5,-8.3,-0.01,-0.01,2512
12:10:31,10661.7,10773.5,0.86,30.59,188.1,153.6,0.82,0.05,304.3,-18.7,0,0.08,2513
12:10:32,10661.2,10773.1,0.86,30.6,188.1,153.7,0.85,-0.09,304.7,-41.1,0.02,0.02,2511.9
12:10:33,10660.3,10772.2,0.86,30.54,188.1,153.5,0.86,0.01,304.5,-51.4,-0.01,-0.01,2511.3
12:10:34,10660.3,10772.2,0.86,30.57,188,153.3,0.85,0.18,304.5,-34.4,0,-0.04,2510.3
12:10:35,10660.6,10772.5,0.86,30.55,188,153.1,1.09,-0.08,304.3,-37.1,0.01,0.07,2512.5
12:10:36,10661.2,10773.1,0.86,30.57,187.9,153.6,1.01,-0.6,304.4,-1.4,0,0.01,2511.3
12:10:37,10661.8,10773.7,0.86,30.58,187.8,153.9,1.05,-0.51,304.3,27.2,-0.01,0.02,2511.6
12:10:38,10662.8,10774.7,0.86,30.59,187.7,154,0.98,-0.41,304.4,23.8,0.02,0.04,2514.2
12:10:39,10664.7,10776.5,0.86,30.56,187.6,153.6,0.86,0.24,304.2,33.1,0,-0.01,2512
12:10:40,10665.2,10777.1,0.86,30.54,187.6,153.8,0.83,-0.04,304.4,34.9,0,-0.03,2510.3
12:10:41,10664.7,10776.5,0.85,30.56,187.5,153,0.9,-0.04,304,26.3,-0.01,0.01,2511.3
12:10:42,10664.5,10776.4,0.86,30.55,187.5,152.9,0.86,0,304,41.3,0,0,2512
12:10:44,10664,10775.9,0.86,30.6,187.5,153.9,0.85,0.13,304.4,22.7,0,0.02,2513.5
12:10:45,10663.5,10775.4,0.86,30.61,187.4,153.6,0.77,0.01,304.2,-17,0,0,2513.1
12:10:46,10663.3,10775.2,0.86,30.62,187.4,153.4,0.77,0.13,304.1,-40.6,0.01,-0.02,2513.4
12:10:47,10663.3,10775.2,0.85,30.6,187.4,152.9,0.82,0.15,304,-19.8,0.01,0.01,2512.6
12:10:48,10663.2,10775.1,0.86,30.58,187.4,153.1,0.83,0.2,304,25.7,-0.02,-0.01,2510.8
12:10:49,10663,10774.8,0.85,30.6,187.4,153.1,0.78,0.02,304,15.7,0,0,2513.8
12:10:50,10662.6,10774.5,0.85,30.58,187.5,153,0.77,0.05,303.9,-1,-0.01,0,2511.2
12:10:51,10662.8,10774.7,0.86,30.58,187.5,152.7,0.77,0.29,303.9,-26.4,-0.01,0,2508.8
12:10:53,10662.4,10774.3,0.86,30.56,187.5,152.6,0.8,0.01,303.9,-22,0.01,0,2512
12:10:54,10661.7,10773.5,0.85,30.57,187.7,152.5,0.82,-0.02,303.7,-36.5,0,0.01,2513.8
12:10:55,10661.7,10773.6,0.85,30.56,187.7,152.5,0.81,0.01,303.8,-11,0,0,2512.6
12:10:56,10661.9,10773.8,0.86,30.59,187.7,152.7,0.85,-0.04,303.7,-2.2,0,0.01,2513.4
12:10:57,10661.8,10773.7,0.86,30.59,187.7,152.8,0.83,-0.08,303.8,-5.2,0,0,2513.1
12:10:58,10662.1,10773.7,0.85,30.56,187.7,152.9,0.89,0.14,303.8,27.7,0,0,2513.6
12:10:59,10663.1,10774.7,0.85,30.55,187.7,152.9,0.89,0.14,303.8,38.1,0,0,2513.6
12:11:00,10663.7,10775.3,0.86,30.6,187.7,152.9,0.87,0.2,303.9,42.4,0,-0.01,2512.4
12:11:01,10664.2,10775.8,0.86,30.62,187.7,153,0.83,0.04,303.9,18.7,0,0,2513.4
12:11:02,10664.7,10776.2,0.86,30.6,187.7,153,0.81,0.15,303.9,28.1,0.01,0,2514
12:11:03,10665.6,10777.2,0.86,30.58,187.7,153,0.79,0.18,303.9,27.5,0.01,0,2511.4
12:11:04,10665.7,10777.3,0.86,30.59,187.7,153,0.79,0.2,303.9,-0.7,0,0,2513.6
12:11:05,10665.5,10777,0.86,30.6,187.7,152.7,0.78,0,303.9,-2.7,0,-0.01,2512.7
12:11:06,10665.2,10776.8,0.86,30.57,187.7,152.7,0.81,0,303.9,27.5,0,0.01,2514.2
12:11:07,10665.4,10777,0.85,30.55,187.7,152.8,0.71,0.05,303.9,31.9,0,-0.01,2514.4
12:11:08,10665.4,10777,0.86,30.62,187.7,152.7,0.69,0.1,303.8,30.6,0,0,2514.7
12:11:09,10664.5,10776.1,0.86,30.59,187.8,152.7,0.64,0.13,303.8,5.9,-0.01,-0.02,2511.8
12:11:10,10664.2,10775.8,0.86,30.58,187.9,152.7,0.62,0.08,303.9,18.3,0,-0.01,2513.1
12:11:11,10664.3,10775.8,0.86,30.59,187.9,152.7,0.65,-0.02,303.9,-7.6,-0.01,-0.01,2514.7
12:11:13,10663.7,10775.3,0.86,30.64,188.1,152.8,0.65,0.21,304,-22.9,0,0,2513.1
12:11:14,10663.4,10775,0.86,30.53,188.1,152.9,0.66,0.16,304.1,-32.6,0.01,0,2511.6
12:11:15,10663.8,10775.4,0.86,30.57,188.1,152.9,0.71,0.2,304.2,-16.6,0,0,2513.9
12:11:16,10663.4,10775,0.86,30.59,188.2,153,0.71,0.14,304.2,-34.8,0,0,2514.9
12:11:17,10662.9,10774.5,0.86,30.61,188.2,153,0.73,0.13,304.2,-14.7,0,0,2514.7
12:11:18,10663,10774.6,0.86,30.55,188.2,153.3,0.76,0.14,304.3,-21.7,0,0,2513.5
12:11:19,10663.2,10774.7,0.86,30.54,188.2,152.9,0.77,0.14,304.3,-27.3,0,-0.01,2513.7
12:11:21,10662.8,10774.4,0.86,30.59,188.3,152.9,0.79,0.14,304.2,11.9,0,0.01,2512.2
12:11:22,10662.6,10774.2,0.86,30.56,188.3,153.1,0.77,0.08,304.3,14,0.01,-0.01,2513.7
12:11:23,10663.1,10774.6,0.86,30.56,188.3,152.9,0.76,0.09,304.2,0.5,0,0.01,2513.4
12:11:24,10663,10774.6,0.86,30.61,188.3,153,0.76,-0.11,304.2,-8.8,-0.01,-0.02,2510.5
12:11:25,10662.8,10774.4,0.86,30.59,188.3,153.3,0.8,-0.01,304.2,5.3,0,0.01,2513
12:11:26,10662.8,10774.4,0.86,30.54,188.4,153.2,0.79,-0.02,304.1,-7,0,-0.01,2512.9
12:11:27,10663.5,10775,0.86,30.55,188.4,153.2,0.8,0.1,304.1,7.5,-0.01,0.01,2511.2
12:11:28,10663.3,10774.9,0.86,30.59,188.4,153.1,0.79,0.08,304,-12.5,0,0,2512
12:11:29,10662.7,10774.3,0.85,30.61,188.3,153.5,0.83,0.15,304.1,-11.2,0,0.01,2512.7
12:11:30,10662.9,10774.5,0.86,30.6,188.3,153.2,0.82,-0.01,304.1,-23.3,0,0,2511.2
12:11:31,10663.2,10774.7,0.86,30.56,188.3,153.5,0.83,0.19,304.1,-6.4,0,0,2511.8
12:11:32,10663.5,10775.1,0.86,30.58,188.3,153.5,0.8,0.01,304.2,25.1,0,0,2513.1
12:11:33,10663.5,10775,0.86,30.65,188.3,153.4,0.78,-0.14,304.1,6.1,0.01,-0.01,2513
12:11:34,10663.8,10775.3,0.86,30.6,188.3,153.4,0.73,0.02,304.1,30.5,0,0,2512.7
12:11:35,10664.4,10776,0.86,30.61,188.3,153.4,0.67,0.03,304,32,0,-0.01,2511.7
12:11:36,10664.3,10775.8,0.86,30.61,188.3,153.8,0.6,0.16,304.1,16.2,-0.01,-0.02,2511.5
12:11:37,10663.8,10775.4,0.86,30.57,188.3,153.6,0.63,-0.03,304.1,10,0,0.02,2513.8
12:11:38,10663.3,10774.9,0.85,30.54,188.3,153.8,0.62,-0.07,304.1,-17.6,0,-0.01,2514.5
12:11:39,10663.5,10775.1,0.86,30.61,188.4,153.7,0.67,0.12,304,-41.6,0,0,2512.8
12:11:40,10663.1,10774.7,0.86,30.62,188.4,153.7,0.73,0,303.9,-27.5,0,0,2513.8
12:11:41,10662.2,10773.8,0.86,30.57,188.4,153.8,0.75,0.02,304,-15.8,0,0.01,2512.3
12:11:42,10662.1,10773.7,0.86,30.57,188.4,153.6,0.77,0.04,303.9,-19.9,0,0,2510.6
12:11:43,10662,10773.6,0.86,30.55,188.4,153.8,0.77,0,304,-7.1,0,0,2512.5
12:11:44,10661.7,10773.3,0.86,30.55,188.3,153.7,0.87,0.31,303.9,-28.1,-0.01,0.02,2512.6
12:11:45,10661.3,10772.9,0.86,30.6,188.3,153.5,0.85,-0.03,303.9,-5.3,0,0.01,2514.1
12:11:47,10661.3,10772.9,0.86,30.56,188.3,153.6,0.85,0,303.8,-14,0,0.01,2512.6
12:11:48,10662.2,10773.8,0.86,30.62,188.2,153.5,0.85,0.03,303.8,0.4,-0.01,0,2512.4
12:11:49,10662.4,10774,0.87,30.59,188.2,153.3,0.83,-0.07,303.7,20.5,0.01,0,2511.8
12:11:50,10662.7,10774.3,0.86,30.59,188.2,153.4,0.81,-0.11,303.7,30.6,0,0,2512.2
12:11:51,10663.5,10775.1,0.86,30.6,188.2,153.4,0.78,0.07,303.7,37.2,0,0,2511.6
12:11:52,10663.4,10775,0.86,30.58,188.2,153.2,0.74,0.08,303.7,36.5,0,-0.01,2512.7
12:11:53,10663.3,10774.9,0.86,30.56,188.2,153.2,0.71,0.09,303.7,14.5,0,-0.01,2513.8
12:11:54,10663.4,10775,0.86,30.61,188.3,153.3,0.68,0.01,303.7,12.1,0,0,2511.7
12:11:55,10663.3,10774.9,0.86,30.6,188.3,153.3,0.68,-0.04,303.6,13.2,0,0,2511.4
12:11:56,10663.2,10774.7,0.86,30.61,188.3,153.3,0.66,0.02,303.7,-2.6,0,-0.01,2513.4
12:11:58,10662.5,10773.8,0.86,30.59,188.4,153.4,0.69,-0.05,303.6,-31.1,0,0,2512.1
12:11:59,10662.3,10773.6,0.86,30.57,188.4,153.4,0.7,-0.07,303.7,-40.6,0,0.01,2512.5
12:12:00,10662.3,10773.6,0.85,30.63,188.5,153.8,0.75,-0.16,303.8,-14.7,0.01,0,2510.9
12:12:01,10662.4,10773.7,0.86,30.61,188.5,153.5,0.74,-0.02,303.7,2.7,0,-0.02,2508.2
12:12:02,10662.5,10773.8,0.86,30.61,188.5,153.7,0.7,0.09,303.8,0.2,-0.01,0,2512.2
12:12:03,10663.3,10774.6,0.86,30.57,188.5,153.8,0.67,0.09,303.8,-12.4,-0.01,-0.02,2513.2
12:12:04,10662.8,10774.1,0.86,30.55,188.5,153.9,0.71,0.21,303.9,-5.5,-0.01,-0.01,2511.7
12:12:05,10662.9,10774.2,0.86,30.58,188.5,154.2,0.76,-0.09,304,4.6,0,0.01,2512.7
12:12:06,10663.1,10774.4,0.86,30.57,188.5,154.3,0.71,0.02,304.1,29.9,0,0,2513
12:12:07,10663,10774.3,0.86,30.62,188.5,154.2,0.68,-0.02,304.2,-3.9,0.01,0,2509.8
12:12:08,10662.8,10774.1,0.86,30.56,188.5,154.3,0.71,0.04,304.3,-23.1,0.01,0.01,2511.8
12:12:09,10662.4,10773.7,0.86,30.6,188.5,154.2,0.75,0.05,304.2,-19.7,0,0,2512.1
12:12:10,10662.5,10773.8,0.86,30.6,188.5,154.2,0.77,0.03,304.3,-8.6,0,0,2512.8
12:12:11,10662.2,10773.5,0.86,30.63,188.5,154.1,0.77,-0.07,304.2,8.8,0,-0.01,2512
12:12:12,10661.9,10773.2,0.85,30.56,188.4,154,0.75,-0.01,304.2,-21.1,0,-0.01,2512.7
12:12:13,10661.3,10772.6,0.86,30.61,188.4,154.3,0.78,0.04,304.3,12.1,0,0,2511.2
12:12:14,10660.9,10772.2,0.85,30.6,188.4,154.1,0.76,0,304.3,6,0,0,2513.2
12:12:15,10661,10772.4,0.86,30.58,188.4,154.2,0.75,0.03,304.3,-1,0,0,2514.7
12:12:16,10660.2,10771.5,0.86,30.55,188.4,154.1,0.75,-0.07,304.3,-15.3,0,0.01,2512
12:12:17,10660.3,10771.6,0.86,30.6,188.4,154.2,0.75,-0.13,304.2,-13,0,0,2510.1
12:12:18,10660.3,10771.6,0.86,30.58,188.4,154.2,0.75,-0.07,304.2,-28.3,0,0,2511.4
12:12:19,10660.3,10771.6,0.86,30.56,188.4,154,0.74,-0.02,304.2,-32.3,0,0.01,2514.9
12:12:20,10660.4,10771.7,0.86,30.56,188.4,154,0.75,-0.02,304.2,-7.7,0,0.01,2512.9
12:12:21,10660.3,10771.6,0.86,30.57,188.4,154,0.77,0.09,304.2,6.4,0,0,2511.3
12:12:22,10660.6,10771.9,0.86,30.54,188.4,154,0.76,0.01,304.2,14.1,0.01,0,2513.4
12:12:23,10660.2,10771.5,0.86,30.55,188.4,153.9,0.74,-0.09,304.2,30.5,0,0,2512.2
12:12:24,10660.1,10771.4,0.86,30.53,188.4,153.8,0.69,-0.03,304.2,-8.7,0,0,2510.5
12:12:26,10659.8,10771.1,0.86,30.59,188.4,154,0.69,0.02,304.2,-11.4,0,0,2510.9
12:12:27,10660.3,10771.6,0.86,30.57,188.4,154.1,0.69,0.03,304.2,-12.1,0,0.01,2511.9
12:12:28,10660.3,10771.6,0.86,30.58,188.4,154.3,0.71,0.04,304.2,-0.6,0,0,2512.5
12:12:29,10660.8,10772,0.86,30.57,188.4,154.3,0.73,0.11,304.2,-7,0,0,2513.8
12:12:30,10660.9,10772.2,0.85,30.61,188.3,154.3,0.75,0.11,304.3,-22,0,0,2510.2
12:12:31,10661.3,10772.6,0.86,30.6,188.3,154.4,0.75,0,304.3,8.2,-0.01,-0.01,2509.8
12:12:32,10661.6,10772.9,0.86,30.59,188.3,154.6,0.74,0.05,304.3,14.3,0,-0.01,2512.8
12:12:33,10661.5,10772.8,0.85,30.62,188.2,154.5,0.69,0.14,304.3,10.5,0,-0.01,2509.5
12:12:35,10661.7,10773,0.86,30.66,188.1,154.7,0.71,0.04,304.3,2.9,0,0,2512.1
12:12:36,10661.5,10772.8,0.86,30.59,188.1,154.5,0.66,-0.02,304.3,3.1,0,-0.01,2512.4
12:12:37,10661.2,10772.5,0.86,30.62,188.1,154.6,0.67,-0.03,304.3,-7.1,0,0,2510.7
12:12:38,10660.8,10772.1,0.87,30.6,188,154.6,0.68,0,304.4,-7,0.01,0,2512.1
12:12:39,10660.9,10772.2,0.86,30.56,188,154.5,0.71,-0.03,304.3,-27.6,0,0,2512.4
12:12:41,10659.6,10770.9,0.86,30.62,187.9,154.4,0.76,-0.01,304.2,-16.9,0,0,2510.6
12:12:42,10659.2,10770.5,0.85,30.6,187.9,154.4,0.77,-0.05,304.3,3.7,0,0,2511.9
12:12:43,10659,10770.3,0.86,30.58,187.8,154.3,0.75,-0.02,304.3,5.4,0,-0.01,2510.8
12:12:44,10658.7,10770,0.86,30.59,187.8,154.2,0.74,-0.04,304.3,-13.5,0,-0.01,2510.9
12:12:45,10657.7,10769,0.86,30.55,187.8,154.2,0.76,-0.01,304.3,-5.2,0,0,2513.8
12:12:46,10657.8,10769.1,0.86,30.56,187.7,153.9,0.79,0.03,304.2,-37.7,-0.01,0,2512
12:12:47,10657.9,10769.2,0.86,30.52,187.7,154,0.83,-0.01,304.3,-14.3,0,0,2509.7
12:12:48,10657.9,10769.2,0.86,30.58,187.6,153.8,0.86,-0.07,304.2,-10,-0.01,0,2512.7
12:12:49,10658,10769.3,0.86,30.57,187.6,153.8,0.87,-0.05,304.2,-7.5,0,0,2514.3
12:12:50,10658.1,10769.4,0.86,30.55,187.6,153.8,0.88,-0.05,304.2,1.5,0,0,2512.6
12:12:51,10659,10770.3,0.86,30.57,187.5,153.7,0.89,-0.01,304.2,12.2,0,0,2511.9
12:12:52,10658.8,10770.1,0.85,30.56,187.5,153.6,0.89,0.04,304.2,15.9,0,0,2511.3
12:12:53,10658.8,10770.1,0.86,30.57,187.4,153.5,0.85,0.07,304.2,18.9,0,0,2512
12:12:54,10659.4,10770.7,0.86,30.58,187.4,153.5,0.82,0.05,304.2,23.2,0.01,0,2512.5
12:12:55,10659.6,10770.9,0.86,30.6,187.4,153.4,0.77,0.03,304.2,26.1,0,0,2512.6
12:12:56,10659.8,10771.1,0.86,30.55,187.4,153.4,0.8,0.03,304.2,5.4,0,0.01,2511.7
12:12:57,10659.4,10770.7,0.86,30.55,187.4,153.3,0.79,0.07,304.3,6.5,0,0,2513.5
12:12:58,10659.8,10770.9,0.86,30.5,187.4,153.3,0.8,0.04,304.2,-7.8,0,0,2513.5
12:12:59,10660.2,10771.2,0.86,30.54,187.4,153.4,0.79,0.01,304.2,-15.6,0,0,2511.1
12:13:00,10660.2,10771.2,0.86,30.55,187.4,153.5,0.83,0.04,304.2,2.5,0,0.01,2514.2
12:13:01,10660.4,10771.4,0.86,30.54,187.3,153.5,0.89,-0.01,304.2,12.8,0,0,2512
12:13:02,10660.8,10771.8,0.86,30.52,187.3,153.5,0.88,0.02,304.2,17.1,0,0,2513.2
12:13:03,10661.9,10772.9,0.85,30.58,187.3,153.4,0.81,0.03,304.2,21.9,0,-0.01,2513.8
12:13:04,10661.3,10772.3,0.86,30.55,187.2,153.4,0.8,-0.05,304.2,7.6,0,0,2512.7
12:13:05,10661.1,10772.1,0.86,30.57,187.2,153.5,0.77,0.04,304.1,4.3,0,0,2512.7
12:13:06,10661.1,10772.1,0.85,30.56,187.2,153.6,0.78,0.12,304.2,4.5,0,0,2512.1
12:13:07,10661.2,10772.2,0.86,30.57,187.2,153.6,0.79,0.11,304.2,6,0,0.01,2511.3
12:13:08,10661.6,10772.7,0.86,30.6,187.2,153.7,0.79,0.08,304.3,35.7,0,0.02,2512.3
12:13:09,10661.5,10772.5,0.86,30.54,187.1,153.7,0.8,0.12,304.2,22.2,0,0,2512.6
12:13:10,10662.4,10773.4,0.86,30.51,187.1,153.6,0.76,0.07,304.2,12.4,0,0,2514.2
12:13:11,10662.8,10773.9,0.85,30.55,187.1,153.7,0.74,0.07,304.2,14.4,0.01,0,2513.2
12:13:12,10663.1,10774.1,0.86,30.58,187.1,153.6,0.73,0.08,304.3,-20.1,0,-0.01,2513.2
12:13:13,10663.2,10774.3,0.86,30.55,187.1,153.7,0.73,-0.04,304.3,-5.1,0,0,2515.3
12:13:14,10663.2,10774.2,0.86,30.54,187,154,0.75,-0.01,304.3,24.5,0,0,2514.7
12:13:15,10664,10775.1,0.86,30.58,187,153.7,0.66,0,304.2,28.1,0,-0.02,2512.7
12:13:16,10663.1,10774.1,0.86,30.58,187,153.7,0.6,-0.05,304.3,24.9,0,-0.01,2514.7
12:13:17,10661.7,10772.7,0.85,30.56,187.1,153.5,0.58,0,304.2,-9.5,0,0,2512
12:13:18,10660.7,10771.7,0.85,30.6,187.1,153.7,0.58,0.09,304.2,-14.8,0,0,2510.8
12:13:19,10659.6,10770.7,0.86,30.55,187.1,153.5,0.6,0.09,304.2,-38.9,0,0,2512.3
12:13:20,10658.7,10769.7,0.86,30.57,187.2,153.6,0.67,0.12,304.2,-48.4,0.01,0.01,2512.6
12:13:21,10657.6,10768.7,0.86,30.54,187.2,153.5,0.76,0.09,304.2,-36.9,0,0.01,2510.7
12:13:22,10658,10769,0.86,30.61,187.2,153.5,0.82,0.1,304.2,-53.5,0,0.01,2511.5
12:13:23,10658.3,10769.3,0.86,30.57,187.1,153.4,0.91,0.05,304.1,-27.8,0,0.01,2512
12:13:24,10658.8,10769.8,0.85,30.56,187.1,153.3,0.96,0.05,304.2,-9.4,0,0.01,2512.2
12:13:25,10659.6,10770.6,0.86,30.54,187,153.1,0.98,0.01,304.2,14.1,0,0,2510.2
12:13:26,10660.3,10771.4,0.86,30.56,187,153.1,0.97,0.04,304.2,25.1,0,-0.01,2510.3
12:13:27,10661.7,10772.7,0.86,30.57,186.9,153.1,0.93,0.03,304.2,37.6,-0.01,-0.01,2512.7
12:13:28,10661.8,10772.8,0.86,30.54,186.9,153.1,0.9,0.05,304.2,42.4,0,-0.01,2509.5
12:13:29,10661.9,10772.9,0.86,30.51,186.8,153.1,0.88,0.08,304.1,55.7,0,0,2512.1
12:13:30,10662.2,10773.2,0.86,30.56,186.8,153.2,0.85,0.02,304.2,48.8,0,0,2512.8
12:13:31,10662.4,10773.4,0.86,30.57,186.8,153.2,0.81,-0.02,304.2,36,0,0,2510.5
12:13:32,10662.4,10773.4,0.85,30.56,186.8,153.1,0.8,0.01,304.2,7.3,0,0,2511.7
12:13:33,10661.7,10772.7,0.86,30.57,186.8,153.3,0.81,0.1,304.1,25.8,0,0,2512.7
12:13:35,10662.5,10773.5,0.86,30.56,186.8,153.3,0.81,0.14,304.2,-1.3,0.01,-0.01,2510.9
12:13:36,10662.2,10773.2,0.86,30.56,186.7,153,0.81,0.05,304.2,-7.1,0,0.01,2512
12:13:37,10662.2,10773.2,0.86,30.58,186.7,153.2,0.81,0.35,304.2,-15.6,0.01,-0.01,2515.4
12:13:38,10661.4,10772.4,0.86,30.53,186.7,153.1,0.87,0.04,304.2,-14.8,0,0,2514.7
12:13:39,10661.7,10772.8,0.86,30.54,186.7,153.1,0.85,-0.2,304.2,-3.1,0,0.01,2512.3
12:13:40,10661.4,10772.5,0.86,30.53,186.7,152.9,0.81,-0.1,304.2,-18.4,0,0,2514.7
12:13:41,10660.8,10771.9,0.86,30.56,186.7,153,0.81,-0.01,304.2,5.6,0,0.01,2513.6
12:13:42,10660.7,10771.7,0.86,30.53,186.7,153.2,0.8,0.09,304.2,15.5,0,0.01,2511.1
12:13:43,10660.5,10771.5,0.86,30.57,186.7,153.2,0.78,0.08,304.3,-13.8,0,0,2513.5
12:13:44,10660.2,10771.2,0.85,30.56,186.7,153.1,0.81,0.1,304.3,-41.4,0,0,2512.7
12:13:45,10659.5,10770.5,0.86,30.57,186.7,153.1,0.86,0.11,304.3,-30.2,0,0.01,2510.9
12:13:46,10659.3,10770.3,0.85,30.59,186.7,153.1,0.89,0.09,304.3,-15.3,0,0,2512.6
12:13:47,10659.5,10770.5,0.86,30.56,186.7,153.1,0.91,0.09,304.3,-19.3,0,0,2510.5
12:13:48,10659.7,10770.7,0.85,30.54,186.6,153.1,0.93,0.02,304.3,11.9,0,0,2512.6
12:13:49,10659.8,10770.8,0.86,30.58,186.6,152.9,0.89,0.01,304.2,7.8,0,0,2513.2
12:13:50,10659.9,10770.9,0.85,30.54,186.6,153,0.91,0.07,304.2,-0.7,0,0,2515.3
12:13:51,10660.8,10771.9,0.86,30.52,186.5,152.9,0.9,0.04,304.2,-5.4,0,0,2511.8
12:13:52,10660.9,10771.9,0.86,30.51,186.5,152.8,0.92,0.01,304.2,11.1,0,0,2512.1
12:13:53,10661.2,10772.2,0.86,30.56,186.5,152.7,0.93,0.07,304.2,0.8,0,0,2511
12:13:54,10661.9,10772.9,0.86,30.54,186.5,152.7,0.96,0.01,304.2,17,0,0,2511.8
12:13:55,10662.6,10773.6,0.86,30.55,186.4,152.6,0.94,0.02,304.2,16.2,0,0,2512.8
12:13:56,10663.1,10774.1,0.86,30.53,186.4,152.5,0.97,0.02,304.2,7.9,0,0,2512.9
12:13:57,10663.4,10774.4,0.86,30.58,186.4,152.6,0.96,0.08,304.1,21.9,0,-0.01,2513.3
12:13:58,10663.9,10774.7,0.85,30.61,186.3,152.5,0.96,0.04,304.2,32.2,-0.01,0,2513.2
12:13:59,10664.1,10774.9,0.86,30.55,186.3,152.5,0.93,0.04,304.2,27.5,0,-0.01,2512.7
12:14:00,10664.3,10775.1,0.86,30.56,186.3,152.5,0.9,0.11,304.1,32.4,0,0,2512.9
12:14:01,10664.3,10775.1,0.86,30.57,186.3,152.4,0.86,0.11,304.1,18.9,-0.01,-0.01,2510.6
12:14:02,10664.2,10774.9,0.86,30.57,186.3,152.5,0.77,0.15,304.2,30.9,0,-0.01,2511.4
12:14:03,10663.8,10774.6,0.86,30.55,186.3,152.4,0.68,0.18,304.1,10.4,0,-0.01,2510.7
12:14:04,10662.6,10773.4,0.85,30.59,186.4,152.4,0.66,0.18,304.1,-12.6,0.01,0,2513.5
12:14:05,10661.7,10772.5,0.86,30.59,186.5,152.6,0.65,0.1,304.1,-27.3,0,0.01,2514.2
12:14:06,10661.1,10771.8,0.86,30.56,186.6,152.7,0.71,0.12,304.2,-34,0,0.01,2515.9
12:14:07,10660.8,10771.6,0.85,30.5,186.6,152.8,0.77,0.11,304.1,-45.3,0,0.01,2511.8
12:14:08,10660.8,10771.6,0.86,30.55,186.6,152.8,0.8,0.02,304.1,-42.9,0,0.01,2511.9
12:14:09,10661,10771.8,0.86,30.54,186.6,152.9,0.81,-0.07,304.1,-11.7,-0.01,0,2514.2
12:14:10,10661.8,10772.6,0.86,30.54,186.7,152.9,0.82,-0.01,304.1,0.5,0,0,2514
12:14:11,10662.1,10772.9,0.85,30.53,186.7,152.8,0.82,0.24,304.1,-17.8,0,0,2515.4
12:14:12,10662.6,10773.4,0.86,30.57,186.7,152.9,0.86,0.09,304.1,-10.5,0,0.01,2514.5
12:14:13,10663.2,10774,0.86,30.56,186.7,152.9,0.86,0.01,304.1,26.1,0,0,2510.8
12:14:14,10663.9,10774.7,0.86,30.52,186.7,152.8,0.81,0.03,304.1,41.4,0,-0.01,2512.9
12:14:15,10664.6,10775.4,0.86,30.54,186.7,152.8,0.73,0.09,304.1,54,0,-0.02,2511
12:14:16,10663.8,10774.5,0.86,30.53,186.7,152.6,0.66,0.09,304.1,10.1,0,-0.01,2511.9
12:14:17,10663.4,10774.2,0.86,30.54,186.8,152.8,0.67,0.1,304.2,-13.9,0,0,2512
12:14:18,10662.8,10773.6,0.86,30.55,186.8,152.9,0.74,0.05,304.2,16.8,0,0.01,2511.8
12:14:19,10662.6,10773.4,0.86,30.53,186.9,153,0.71,0.13,304.2,11,0,0,2511
12:14:20,10662.4,10773.1,0.85,30.54,186.9,153.2,0.69,0.15,304.2,-0.3,0,0,2512.6
12:14:22,10662.1,10772.8,0.86,30.58,186.9,153.5,0.69,0.13,304.4,-9,0,0,2513.1
,10662.3,10773,0.86,30.58,186.9,153.7,0.74,0.16,304.4,0.7,0,0.01,2511.3
12:14:23,10662,10772.8,0.86,30.61,186.9,153.7,0.7,0.16,304.4,-19.5,0,0,2513
12:14:24,10661.7,10772.5,0.86,30.57,186.9,153.9,0.71,0.12,304.4,-9.5,0,0,2512.9
12:14:25,10661.5,10772.3,0.86,30.57,186.9,153.9,0.67,0.15,304.5,-30.9,0,-0.01,2514.5
12:14:26,10661.1,10771.9,0.86,30.55,186.9,154,0.69,0.15,304.4,-23.5,-0.01,-0.01,2513.8
12:14:27,10660.3,10771.1,0.86,30.55,186.9,154.1,0.68,0.1,304.5,-9.8,-0.01,0,2510.6
12:14:28,10659.3,10770.1,0.86,30.54,186.9,154,0.69,0.12,304.4,-34.4,0,0,2511.8
12:14:29,10658.7,10769.4,0.86,30.5,186.9,154.2,0.73,0.09,304.5,-10.8,0,0.01,2512.7
12:14:30,10658.3,10769.1,0.86,30.52,186.8,154.1,0.74,0.21,304.5,-37.5,0,0,2512.3
12:14:31,10658,10768.8,0.86,30.56,186.8,154.2,0.78,0.16,304.5,-34.7,-0.01,0,2511.1
12:14:33,10658.5,10769.3,0.86,30.57,186.7,154.1,0.81,0.07,304.5,-14.3,0,0,2509.5
12:14:34,10659,10769.8,0.86,30.54,186.7,153.8,0.81,0.09,304.4,-11.1,0,0,2511.2
12:14:35,10659.1,10769.9,0.86,30.62,186.6,153.9,0.79,0.16,304.4,11.5,0,0,2510.4
12:14:36,10659.2,10769.9,0.86,30.57,186.6,153.8,0.73,0.18,304.5,13.4,0,0,2512.7
12:14:37,10659.1,10769.9,0.86,30.57,186.6,153.7,0.73,0.2,304.5,13.3,0.01,-0.01,2512.5
12:14:39,10659.1,10769.9,0.86,30.54,186.6,153.7,0.73,0.27,304.5,3.4,0,-0.01,2513.5
12:14:40,10657.9,10768.7,0.86,30.59,186.5,153.6,0.76,0.1,304.6,-0.4,0,0.01,2513.7
12:14:41,10657.9,10768.7,0.85,30.55,186.5,153.6,0.76,0.01,304.6,2.3,0,0,2512.1
12:14:42,10658,10768.7,0.86,30.57,186.5,153.6,0.74,0.04,304.5,1.1,0,0,2512.8
12:14:43,10658.1,10768.9,0.86,30.57,186.5,153.3,0.71,0.11,304.5,-7,-0.01,-0.01,2511.4
12:14:44,10658.1,10768.9,0.86,30.56,186.5,153.4,0.71,0.18,304.5,0.5,0,0,2513.5
12:14:45,10658.7,10769.5,0.86,30.58,186.5,153.4,0.69,0.12,304.6,15,0,0,2513.6
12:14:46,10659.2,10770,0.86,30.56,186.5,153.5,0.68,0.15,304.6,9.8,0,-0.01,2512
12:14:47,10659.3,10770.1,0.86,30.54,186.5,153.4,0.67,0.14,304.5,-13.6,0,0,2511.5
12:14:48,10659.5,10770.3,0.86,30.56,186.6,153.5,0.67,0.15,304.5,-4.5,0,0,2511.8
12:14:49,10659.8,10770.5,0.86,30.52,186.6,153.4,0.69,0.21,304.5,6.3,0,0,2511.8
12:14:50,10659.9,10770.6,0.86,30.54,186.6,153.4,0.7,0.12,304.5,-3.5,0,0,2511.8
12:14:51,10659.7,10770.5,0.85,30.59,186.6,153.3,0.73,0.1,304.4,-6.8,0,0,2512.2
12:14:52,10659.4,10770.1,0.86,30.53,186.6,153.3,0.74,0.13,304.4,0.5,0.01,0.01,2511
12:14:53,10659.4,10770.2,0.86,30.5,186.6,153.2,0.74,0.09,304.3,10.2,0,0,2511.6
12:14:54,10660,10770.8,0.86,30.54,186.6,153.1,0.76,0.1,304.2,11.4,-0.01,0,2510.3
12:14:55,10660.1,10770.8,0.86,30.51,186.6,153.1,0.69,0.08,304.2,27.1,0.01,0.01,2512.7
12:14:56,10660,10770.8,0.85,30.55,186.6,153.2,0.69,0.03,304.2,11.2,0,0,2510.7
12:14:57,10660.4,10771.2,0.85,30.56,186.6,153.1,0.67,0.11,304.1,-11.2,0,0,2511.6
12:14:58,10660.3,10770.8,0.86,30.54,186.6,153.3,0.67,0.1,304.1,20.4,0,-0.01,2511.6
12:14:59,10660,10770.5,0.86,30.6,186.7,153.3,0.69,0.09,304.2,23,0,-0.01,2510.6
12:15:01,10659.7,10770.3,0.86,30.52,186.7,153.4,0.68,-0.02,304.2,-4,0,0,2512.6
12:15:02,10659.6,10770.1,0.86,30.56,186.7,153.5,0.68,-0.07,304.2,-15.4,-0.01,0,2513
12:15:03,10659.1,10769.6,0.86,30.58,186.7,153.7,0.67,0.02,304.3,1.1,0,0,2512.9
12:15:05,10658.8,10769.4,0.86,30.57,186.7,153.4,0.67,0.2,304.4,-34,0,-0.01,2510.8
12:15:06,10658.6,10769.1,0.86,30.56,186.7,153.3,0.67,0.19,304.5,-23.1,0,0,2509.5
12:15:07,10658.5,10769,0.85,30.57,186.7,153.3,0.68,0.18,304.5,-17.9,0,0,2511.1
12:15:08,10658.5,10769,0.85,30.52,186.8,153.2,0.69,0.18,304.6,-21.9,0,0,2510.9
12:15:09,10658.5,10769,0.85,30.55,186.8,153.1,0.73,0.19,304.5,-20.4,0,0,2509.5
12:15:10,10658.1,10768.7,0.85,30.55,186.8,153.1,0.74,0.14,304.6,5.1,0,0,2512.4
12:15:11,10657.6,10768.1,0.85,30.54,186.8,153,0.75,0.19,304.6,5.6,0,-0.01,2511.3
12:15:12,10657.5,10768,0.86,30.55,186.8,153,0.77,0.16,304.6,2.1,0,0,2512.8
12:15:13,10657.4,10768,0.86,30.58,186.8,153.1,0.79,0.19,304.7,13.6,0.01,0,2510.4
12:15:14,10657.5,10768,0.86,30.55,186.8,153,0.81,0.09,304.7,9,0,0.01,2510.2
12:15:15,10658.2,10768.7,0.85,30.52,186.8,153.1,0.82,0.07,304.8,-9.9,0,0.01,2510.8
12:15:16,10658.8,10769.4,0.85,30.53,186.8,153.1,0.83,0.09,304.8,12.1,0,0,2511.5
12:15:17,10659.9,10770.4,0.85,30.53,186.8,153.2,0.85,0.04,304.9,19.2,0,0,2511.3
12:15:18,10660.4,10771,0.85,30.55,186.7,153.3,0.87,0.04,305,13.4,-0.01,0,2513.6
12:15:19,10660.9,10771.5,0.86,30.58,186.7,153.2,0.87,0.2,305.1,12.7,-0.01,0,2513.7
12:15:20,10661.5,10772,0.86,30.57,186.7,153.2,0.86,0.22,305.1,3.5,0,0,2511.5
12:15:21,10661.8,10772.4,0.86,30.59,186.6,153.2,0.83,0.16,305,33.7,0,-0.01,2514.3
12:15:22,10661.5,10772.1,0.86,30.56,186.6,153.1,0.82,0.15,305.1,27.2,0,-0.01,2512.3
12:15:23,10661.1,10771.6,0.86,30.55,186.6,153.1,0.77,0.13,305.1,44.3,0,-0.01,2512.4
12:15:24,10661,10771.5,0.85,30.57,186.6,153.1,0.7,0.11,305.1,47.5,0,-0.01,2511.2
12:15:25,10660.3,10770.9,0.86,30.62,186.6,153.1,0.66,0.1,305,16.3,0.01,0,2513.2
12:15:26,10659.8,10770.3,0.86,30.54,186.6,153.1,0.65,0.07,305.1,-9.1,0,0,2511.7
12:15:27,10659.8,10770.3,0.86,30.54,186.7,153.2,0.65,0.03,305,-14.4,0.01,0.01,2514.4
12:15:28,10659.8,10770.3,0.86,30.59,186.8,153.3,0.67,0.05,305,-29.4,0,0,2511.8
12:15:29,10660.1,10770.6,0.85,30.59,186.8,153.4,0.66,0.08,305,-40.3,0,0,2512.1
12:15:31,10659.7,10770.2,0.86,30.56,186.8,153.4,0.52,0.07,305,-24.4,0,-0.02,2514.1
12:15:32,10657.1,10767.7,0.86,30.59,186.9,153.6,0.18,0.13,305,-37.1,-0.01,-0.03,2515.3
12:15:33,10653.7,10764.2,0.86,30.59,187.1,153.8,0.1,0.18,305,-70.2,0,-0.01,2515.2
12:15:34,10649.6,10760.2,0.86,30.56,187.3,154.1,0.01,0.18,305.1,-105.4,0,-0.02,2513.8
12:15:35,10645,10755.6,0.86,30.52,187.5,154.3,-0.15,0.15,305.1,-154.6,0,-0.02,2510.5
12:15:36,10640.7,10751.2,0.86,30.61,187.7,154.7,-0.23,0.14,305.1,-165.3,0,-0.01,2511.6
12:15:37,10635.6,10746.2,0.85,30.6,187.9,154.7,-0.3,0.08,305.1,-214.4,0,-0.01,2512.7
12:15:38,10629.9,10740.4,0.86,30.57,188.2,155,-0.3,0.08,305.1,-270.4,0,0,2513.4
12:15:39,10625.1,10735.7,0.86,30.6,188.5,155.2,-0.26,-0.04,305.1,-274.7,0,0.01,2512.6
12:15:40,10620.3,10730.8,0.85,30.61,188.7,155.3,-0.25,-0.08,305,-291.2,0,0,2514
12:15:41,10615.9,10726.4,0.86,30.62,188.9,155.5,-0.34,-0.16,305,-327.4,0,-0.02,2512.5
12:15:42,10610.5,10721,0.86,30.59,189.2,155.8,-0.43,-0.12,305.1,-322.8,0,-0.01,2512.8
12:15:43,10604.4,10714.9,0.86,30.54,189.5,156,-0.52,-0.04,305,-320.4,0,-0.01,2512.6
12:15:44,10598.1,10708.7,0.86,30.59,189.8,156.2,-0.6,0.03,305,-336.5,0,-0.02,2513.9
12:15:45,10590.8,10701.3,0.86,30.56,190.1,156.7,-0.86,0.02,305.1,-328.9,0.01,-0.04,2513.1
12:15:46,10582.4,10692.9,0.86,30.56,190.3,156.8,-1.12,0.05,305.1,-367.2,0.01,-0.03,2513.3
12:15:47,10572.1,10682.7,0.86,30.61,190.7,157.2,-1.16,-0.03,305.1,-413.3,0,0,2514.1
12:15:48,10562,10672.7,0.86,30.61,191.1,157.6,-1.07,-0.18,305,-486.5,0,0.02,2513.8
12:15:49,10552.3,10663.3,0.86,30.58,191.5,158,-1.01,-0.26,305,-506.6,0,0,2512.7
12:15:50,10543.2,10654,0.86,30.55,191.9,158.2,-1.01,-0.24,305,-541.2,-0.01,0,2513.9
12:15:51,10534.9,10645.5,0.85,30.59,192.3,158.6,-0.97,-0.15,305,-542.7,0,0.01,2514.4
12:15:53,10526.4,10637,0.85,30.64,192.6,158.9,-0.97,-0.14,304.9,-541,0,0.01,2513.4
,10519.2,10629.7,0.86,30.63,192.9,159.2,-1,-0.12,305,-499.9,0,0,2515.1
12:15:54,10510.6,10621.2,0.85,30.56,193.2,159.4,-1.03,-0.12,304.9,-500.6,0.01,0,2514.8
12:15:55,10502.2,10612.7,0.86,30.59,193.5,159.6,-1.07,-0.16,304.9,-513.4,0,0,2514.7
12:15:56,10493.7,10604.3,0.86,30.6,193.8,159.9,-1.1,-0.11,304.9,-519.4,0.01,0,2512
12:15:58,10483.4,10594.6,0.86,30.61,194.1,160,-1.03,-0.25,304.9,-558.1,0.01,0.02,2511.9
12:15:59,10474.9,10585.2,0.86,30.56,194.4,160.1,-1,-0.32,304.8,-530.5,0.01,0.01,2512.1
12:16:00,,,,30.58,,,-0.99,-0.35,304.7,,0.01,0.01,2513.6
12:16:01,10457.1,10568.1,0.86,30.62,194.8,160.5,-1.03,-0.21,304.6,-467.1,0.01,0,2513.9
,10448.9,10559.6,0.86,30.59,195.1,160.5,-1.11,-0.2,304.5,-473.2,0.01,-0.01,2512
12:16:03,10439.5,10549.8,0.86,30.55,195.4,160.8,-1.15,-0.21,304.5,-483.2,0,-0.01,2510.1
12:16:05,10422.9,10533.4,0.86,30.56,195.8,161,-1.08,-0.24,304.4,-512.3,0.01,0.01,2514.7
,10414.7,10525.2,0.86,30.56,196.1,161.1,-1.03,-0.23,304.4,-511,0,0.01,2514.1
12:16:06,10406.8,10517.1,0.86,30.58,196.3,161.4,-0.99,-0.25,304.3,-498.9,0,0.01,2512.6
12:16:07,10398.4,10508.7,0.86,30.58,196.5,161.4,-1.05,-0.21,304.3,-502.7,0,0,2512.9
12:16:08,10389.9,10500.3,0.86,30.59,196.7,161.6,-1.11,-0.21,304.3,-487.9,0,0,2512.7
12:16:09,10381.3,10491.6,0.86,30.55,196.9,161.7,-1.13,-0.14,304.3,-502.5,0,0,2512
12:16:10,10371.7,10482,0.86,30.57,197.2,162,-1.11,-0.19,304.2,-519.9,0,0,2511
12:16:12,10361,10471.4,0.85,30.56,197.4,162.2,-1.08,-0.12,304.2,-521.4,0,0,2512.8
12:16:13,10345.3,10455.7,0.86,30.57,197.8,162.5,-1.08,-0.18,304.2,-501.3,0,0,2510.4
12:16:14,10336.9,10447.2,0.86,30.61,197.9,162.6,-1.14,-0.16,304.2,-481.8,0,-0.01,2512.6
12:16:15,10328.9,10439.2,0.86,30.59,198.1,162.7,-1.13,-0.1,304.2,-504.6,0,0,2513.2
12:16:17,10313,10423.3,0.86,30.59,198.4,163,-1.22,-0.16,304.2,-495.9,0,-0.01,2513.5
12:16:18,10303.3,10413.7,0.86,30.61,198.6,163.3,-1.33,-0.11,304.2,-516,0,-0.01,2514.1
12:16:19,10293.8,10404.2,0.86,30.61,198.8,163.4,-1.37,-0.25,304.2,-523.5,-0.01,0,2511.2
12:16:20,10283.5,10393.8,0.86,30.56,199,163.7,-1.41,-0.21,304.2,-532.1,0,-0.01,2513.7
12:16:21,10272.7,10383,0.86,30.58,199.2,163.9,-1.42,-0.12,304.2,-564.5,0,0,2514.6
12:16:22,10262.6,10372.9,0.85,30.61,199.4,164,-1.38,-0.12,304.2,-599.6,0,0.01,2511.5
12:16:23,10251.6,10361.9,0.85,30.57,199.6,164.3,-1.34,0.01,304.3,-596.9,0,0,2515
12:16:24,10241.4,10351.7,0.85,30.6,199.8,164.6,-1.36,-0.02,304.2,-592.2,0,0,2511.6
12:16:25,10231.6,10341.9,0.86,30.61,200,164.8,-1.41,-0.01,304.2,-601.9,0,0,2514.7
12:16:26,10220.8,10331.1,0.86,30.62,200.1,165.1,-1.4,-0.1,304.2,-590.4,0,0.01,2513.7
12:16:27,10211.2,10321.5,0.86,30.61,200.3,165.3,-1.41,-0.16,304.2,-610,0.01,0.01,2513.3
12:16:28,10201.5,10311.8,0.86,30.65,200.5,165.5,-1.45,-0.14,304.2,-587.1,0,-0.01,2512.2
12:16:29,10191.2,10301.6,0.86,30.63,200.6,165.6,-1.47,-0.1,304.1,-598.3,0.01,0,2511.7
12:16:30,10181,10291.3,0.86,30.66,200.8,165.7,-1.47,-0.13,304.1,-603.7,0,0.01,2512.1
12:16:31,10171.3,10281.6,0.86,30.6,200.9,165.9,-1.46,-0.14,304.2,-575.5,0.01,0.01,2511.1
12:16:32,10161.4,10271.7,0.86,30.57,201.1,166.2,-1.47,-0.12,304.2,-590.9,0,0,2510.7
12:16:33,10150.7,10261,0.86,30.6,201.2,166.2,-1.51,-0.02,304.1,-619.1,0,0,2513.2
12:16:34,10139.9,10250.2,0.86,30.62,201.3,166.5,-1.45,-0.05,304.1,-610.8,0,0.01,2512.9
12:16:35,10129.5,10239.9,0.87,30.59,201.5,166.5,-1.45,-0.01,304.1,-590.1,0,0,2513.8
12:16:36,10118.9,10229.2,0.86,30.56,201.6,166.6,-1.45,-0.02,304.1,-601.5,-0.01,0,2510.9
12:16:37,10108.9,10219.2,0.86,30.61,201.7,166.5,-1.42,-0.02,304.1,-625.1,0,0.01,2514.1
12:16:38,10098.6,10208.9,0.86,30.58,201.8,167,-1.34,-0.05,304.1,-609,0,0.01,2513.7
12:16:39,10089.3,10199.6,0.86,30.59,201.9,166.9,-1.34,-0.03,304.1,-597.8,0,0,2513.2
12:16:40,10079.4,10189.9,0.86,30.6,202,167,-1.36,-0.01,304.1,-570.2,0,0,2512.1
12:16:41,10070.1,10180.4,0.86,30.64,202,166.8,-1.44,-0.02,304.1,-577.2,-0.01,-0.01,2512.9
12:16:42,10060.1,10170.4,0.86,30.58,202.1,167.1,-1.47,0.03,304,-557.1,0,0,2513.2
12:16:43,10049.8,10160.3,0.86,30.56,202.2,167.1,-1.55,-0.01,304.1,-571.1,0,-0.02,2511.8
12:16:44,10039.4,10149.9,0.86,30.57,202.3,167.1,-1.51,-0.01,304,-608.6,0,0,2512.1
12:16:45,10028.5,10139,0.86,30.58,202.4,167.2,-1.45,-0.13,303.9,-616.7,0,0.01,2511.6
12:16:46,10018.1,10128.5,0.86,30.61,202.5,167.3,-1.46,-0.09,304,-624.7,-0.01,0,2513.3
12:16:48,10006.3,10116.6,0.86,30.59,202.6,167.5,-1.46,-0.05,303.9,-595.3,-0.01,0,2512.8
12:16:49,9987.1,10097.4,0.86,30.6,202.7,167.7,-1.45,-0.02,303.8,-605.3,0.01,0.01,2513.1
12:16:50,9977,10087.3,0.86,30.6,202.8,167.8,-1.43,-0.08,304,-588.3,0,0,2510.9
12:16:51,9967.5,10077.8,0.86,30.59,202.8,167.8,-1.46,-0.09,304,-583.1,0,0,2512.7
12:16:53,9946,10056.3,0.86,30.59,203,167.7,-1.42,0,304.1,-607.8,0,0,2513.2
12:16:54,9935.8,10046.1,0.86,30.62,203,167.9,-1.38,0.01,304.1,-584.7,0,0.01,2513.5
12:16:55,9925.7,10036,0.86,30.62,203.1,168,-1.42,-0.02,304.1,-575,0.01,0,2511.6
12:16:56,9915.6,10025.9,0.86,30.61,203.1,167.9,-1.45,-0.05,304.1,-598.8,0,-0.01,2510.7
12:16:58,9896.5,10006.9,0.86,30.61,203.2,168.2,-1.43,0.08,304.2,-599,-0.01,0,2510.6
12:16:59,9884.8,9995.2,0.86,30.59,203.2,168.3,-1.41,0.08,304.2,-588,0,0,2511
12:17:00,9874.6,9985,0.87,30.6,203.3,168.3,-1.41,0.1,304.2,-593.5,0,0,2512.6
12:17:02,9854.9,9965.3,0.86,30.56,203.3,168.2,-1.42,-0.03,304.2,-604.5,0,0.01,2513.2
12:17:03,9845.5,9955.8,0.86,30.6,203.3,168.3,-1.41,-0.08,304.2,-614.9,0,-0.01,2511.5
12:17:05,9833,9943.3,0.87,30.6,203.4,168.3,-1.37,-0.11,304.2,-602.5,0,0.01,2511.5
12:17:06,9822.4,9933.5,0.86,30.61,203.4,168.1,-1.36,-0.03,304.1,-595,0.01,0,2513.1
12:17:07,9812.6,9923.7,0.86,30.62,203.4,168.2,,,,-581.5,,,2513.9
12:17:08,9803.5,9913.8,0.86,30.58,203.4,168.2,-1.41,-0.1,304,-600.6,0,0,2514.9
,9793.2,9903.6,0.86,30.59,203.5,168.4,-1.52,-0.14,304.1,-570,-0.01,-0.02,2515.5
12:17:10,9782.7,9893.1,0.86,30.61,203.5,168.7,-1.6,0,304.3,-557.5,0,-0.01,2512.8
12:17:11,9772.8,9884,0.87,30.57,203.5,168.8,-1.56,0.02,304.4,-604.7,0.01,0,2515.5
12:17:12,9763,9873.3,0.86,,203.6,168.8,-1.48,0.07,304.4,-608.7,0,0.02,
12:17:13,9752.9,9863.2,0.86,30.6,203.6,169.1,-1.51,-0.03,304.4,-587.1,0.01,0,2515.7
,9742.4,9852.8,0.86,30.61,203.7,169.4,-1.53,0.1,304.6,-591.4,0.01,0,2515.2
12:17:15,9732.3,9842.6,0.86,30.61,203.7,169.5,-1.51,0.14,304.6,-583.6,0,0.01,2511
12:17:16,9721.7,9832.9,0.86,30.58,203.7,169.3,-1.51,0.15,304.6,-615.3,0,0,2512
12:17:17,9710.4,9820.8,,30.6,203.7,,,,,,,,2512.8
12:17:18,9700,9810.4,0.86,30.61,203.7,169.4,-1.37,0.03,304.7,-599.4,-0.01,-0.01,2511.8
,9689.4,9799.8,0.86,30.57,203.7,169.4,-1.41,0.02,304.7,-603.6,0.01,0,2513.9
12:17:20,9679.4,9789.8,0.86,30.64,203.6,169.8,-1.34,0.03,304.7,-616,-0.01,0,2513.2
12:17:21,9668.4,9779.5,0.86,30.6,203.6,169.7,-1.32,0.02,304.7,-619.1,0,0,2513.5
12:17:22,9658.6,9769.1,0.86,,203.5,169.8,-1.3,0.01,304.7,-614.4,0,0,
12:17:23,9649.6,9759.9,0.86,30.54,203.5,169.9,-1.33,-0.05,304.7,-574.9,0,0,2514.7
,9639.9,9750.5,0.86,30.58,203.4,170.2,-1.38,-0.05,304.8,-581.4,0,-0.01,2515.3
12:17:24,9630,9740.4,0.86,30.64,203.4,170.2,-1.41,-0.04,304.7,-585.6,0.01,0,2512.2
12:17:26,9619,9730.1,0.86,30.62,203.3,170.2,-1.4,-0.07,304.7,-595.9,0,0,2513.4
12:17:27,9609.6,9719.9,0.86,30.62,203.2,170.3,-1.38,-0.1,304.7,-589.8,0,0,2510.7
12:17:28,9599.2,9710.4,0.86,30.63,203.2,170.3,-1.4,-0.04,304.7,-589.6,0,0,2513
12:17:29,9587.5,9697.9,0.86,30.6,203.1,170.4,-1.41,-0.03,304.8,-593.4,0,0,2513.7
12:17:31,9566,9677.2,0.86,30.58,203,170.5,-1.41,0,304.8,-588.2,0,0,2513.6
12:17:32,,,,30.62,,,-1.46,-0.05,304.8,,0,-0.01,2512.8
12:17:33,9545.1,9656.3,0.86,30.59,202.9,170.6,-1.53,-0.04,304.8,-584.1,0,-0.01,2514.7
,9534.4,9644.8,0.86,30.61,202.8,170.6,-1.49,0.02,304.8,-595.1,0.01,0.01,2512.5
12:17:35,9525.2,9636.3,0.86,30.63,202.8,170.6,-1.49,0,304.9,-594.7,-0.01,0,2514.4
12:17:36,9515.4,9626.5,0.87,30.62,202.7,170.6,-1.49,0.03,304.8,-603.4,-0.01,0,2511.4
12:17:37,9505.9,9616.4,0.87,30.62,202.7,170.8,-1.53,0,305,-600.9,0,-0.01,2512.3
12:17:38,9495.8,9606.3,0.86,30.61,202.6,170.6,-1.51,0.01,304.9,-604.2,-0.01,0,2513.5
12:17:39,9483.6,9596.3,0.86,30.63,202.6,170.8,-1.52,-0.14,305,-592.8,0,0,2514
12:17:40,9475.7,9586.8,0.86,30.64,202.5,170.8,-1.55,-0.13,304.9,-603.4,0,0,2513
12:17:41,9465.1,9576.2,0.86,30.63,202.5,170.9,-1.46,-0.02,305,-628.7,0,0.02,2514.9
12:17:42,9455.4,9565.7,0.86,30.59,202.4,170.9,-1.44,-0.09,305,-610.4,0,0.01,2513.5
12:17:43,9445.7,9556.2,0.86,30.63,202.4,171,-1.54,-0.03,305,-570.7,0,-0.02,2511.8
12:17:44,9433.2,9543.6,0.86,30.59,202.3,171,-1.55,0.01,305,-561.9,0,0,2512.9
12:17:46,9413.8,9525,0.87,30.58,202.2,170.9,-1.55,0,305,-583.7,0,0,2512.5
12:17:47,9402.3,9513.5,0.87,30.57,202.2,170.9,-1.54,-0.04,305,-600,0,0,2512.5
12:17:48,9392.2,9503.3,0.87,30.61,202.1,170.9,,,,-623.5,,,2511.2
12:17:49,9380.6,9493.1,0.86,30.58,202.1,171,-1.46,-0.02,305,-606.3,-0.01,0,2512.3
,9372.4,9483.1,0.87,30.58,202,171,-1.48,-0.04,305,-598,0,-0.01,2510.9
12:17:51,9361.8,9473,0.86,30.59,202,171,-1.51,-0.05,304.9,-575.3,0,0,2510.4
12:17:52,9352.1,9463.2,0.87,30.63,201.9,170.9,-1.55,-0.12,305,-574.9,0,-0.01,2512.6
12:17:53,9341.7,9452.9,,30.62,201.9,,-1.55,-0.02,304.9,,0,0,2510.8
12:17:54,9330.8,9441.9,0.86,30.58,201.9,171,-1.52,-0.03,304.9,-606.2,0,0,2512.8
,9321.2,9431.6,0.86,30.63,201.8,171,-1.46,0.02,304.9,-622.8,0,0,2512.6
12:17:56,9310.5,9421.7,0.86,30.63,201.8,171,-1.47,-0.05,305,-600.8,0,0,2511
12:17:57,9300.4,9411.5,0.86,30.62,201.7,171,-1.44,-0.02,304.9,-608.5,0.01,0.01,2511.6
12:17:58,9289.9,9401,0.87,,201.6,171.1,-1.46,-0.01,304.9,-591.6,0,0,
12:17:59,9280.5,9391.3,0.87,30.61,201.6,171.1,-1.47,-0.01,304.8,-585.6,0,0,2514.7
,9270.7,9381.3,0.86,30.61,201.5,171.2,-1.47,0,304.9,-581.6,-0.01,0,2515.5
12:18:01,9260.1,9371.5,0.87,30.58,201.4,171.2,-1.51,-0.04,304.8,-594.7,0,0,2513.6
12:18:02,,,0.86,30.63,,171.3,,,,-595.6,,,2510.7
12:18:03,9240.2,9351.1,0.86,30.64,201.3,171.4,-1.52,0.01,304.8,-568.8,0,0,2510.7
,9231.5,9342.2,0.86,30.6,201.3,171.3,-1.56,0.03,304.8,-577.8,0,-0.01,2510.7
12:18:04,9219.9,9330.5,0.86,30.61,201.2,171.4,-1.48,-0.04,304.8,-604,0.01,0.02,2514.1
12:18:06,9208.5,9319.9,0.86,30.66,201.1,171.4,-1.53,-0.02,304.8,-589.9,0,-0.01,2510.8
12:18:07,9198.3,9309.7,0.86,30.62,201.1,171.3,-1.53,0.04,304.8,-603.4,-0.01,-0.01,2510
12:18:08,,,0.86,,,171.3,-1.53,-0.04,304.8,-569.8,0,-0.01,
12:18:09,9177.9,9289.3,0.86,30.62,201,171.1,-1.52,0,304.7,-616.7,-0.01,0,2513.2
,9167.9,9278.6,0.86,30.66,200.9,171.3,-1.52,0.01,304.7,-580.5,0,-0.01,2510.8
12:18:11,9157.5,9268.9,0.86,30.64,200.9,171.2,-1.58,0.09,304.8,-559.9,0.01,-0.01,2513.3
12:18:12,,,0.86,30.6,,170.9,,,,-562,,,2508.9
12:18:13,9137.3,9248.2,0.87,30.6,200.8,170.7,-1.57,-0.04,304.7,-606.7,0.01,0.02,2511.8
,9127.9,9238.5,0.87,30.6,200.8,170.8,-1.55,-0.1,304.6,-591.9,0,0,2511.2
12:18:14,9116.9,9227.8,0.87,30.63,200.8,170.7,-1.59,-0.03,304.7,-594.9,0,-0.01,2509.4
12:18:16,9106.5,9217.9,0.86,30.65,200.8,170.7,-1.64,0.02,304.6,-613.2,0,0,2510.5
12:18:17,9095.9,9207.3,0.86,30.67,200.8,170.7,-1.57,-0.04,304.6,-626.1,0,0.01,2509.6
12:18:18,,,0.86,,,170.7,-1.54,-0.03,304.6,-606.3,0,0.01,
12:18:19,9075,9186.4,0.86,30.66,200.8,170.6,-1.57,-0.01,304.6,-598.9,-0.01,-0.01,2510.3
,9065.2,9175.8,0.86,30.65,200.8,170.6,-1.57,-0.01,304.6,-594.5,0.01,0,2509.5
12:18:21,9054.6,9166,0.87,30.69,200.8,170.6,-1.56,0,304.5,-604.6,0,0,2510.4
12:18:22,9043.9,9155.3,0.86,30.64,200.8,170.5,,,,-599.8,,,2512.9
12:18:23,9033.6,9144.5,0.87,30.66,200.8,170.5,-1.51,-0.03,304.6,-591.5,0,0,2512.4
,9024.4,9135,0.86,30.65,200.8,170.6,-1.52,-0.03,304.6,-574.6,0,-0.01,2511.4
12:18:25,9011.2,9123.8,0.87,30.64,200.7,170.6,-1.53,-0.12,304.5,-590.9,0,0,2513.9
12:18:26,9001.7,9113.2,0.87,30.62,200.7,170.6,-1.47,-0.14,304.5,-593.5,0.01,0.01,2512.5
12:18:27,8991.7,9103,0.87,30.62,200.7,170.6,-1.47,-0.08,304.5,-603.3,0.01,0,2513.2
12:18:28,8981.9,9093.4,0.87,30.61,200.7,170.6,-1.52,-0.08,304.5,-583.3,0,0,2513.1
12:18:29,8971.9,9083.3,0.87,30.61,200.7,170.4,-1.54,-0.04,304.5,-604,0,0,2513.2
12:18:30,8961.5,9072.9,0.87,30.65,200.7,170.4,-1.54,-0.05,304.5,-611.3,0,0,2513
,8951.9,9062.5,0.86,30.64,200.7,170.3,-1.52,-0.03,304.5,-631.3,0,0,2511.7
12:18:31,8941.9,9052.5,0.87,30.61,200.7,170.3,-1.55,-0.03,304.5,-596.5,0,0,2510.5
12:18:32,8931.3,9042.1,0.87,30.59,200.7,170.3,-1.58,-0.05,304.5,-569.1,0,-0.01,2511.6
12:18:33,8920.4,9031.3,0.87,30.65,200.7,170.3,-1.61,-0.08,304.5,-595.8,0,-0.01,2509.3
12:18:34,8908.7,9019.6,0.86,30.62,200.7,170.3,-1.61,-0.05,304.5,-619,-0.01,0,2509.1
12:18:35,8897.8,9008.8,0.87,30.62,200.7,170.3,-1.58,-0.02,304.5,-619.8,0,0.01,2511.5
12:18:37,8886.9,8998.3,0.87,30.68,200.8,170.3,-1.54,0.01,304.5,-611.3,0,0.01,2511.6
12:18:38,8876.5,8987.9,0.86,30.63,200.8,170.3,-1.52,-0.01,304.6,-589.8,0,0,2512.6
12:18:39,8866.4,8977.8,0.86,30.6,200.8,170.3,-1.49,0.04,304.6,-616,0,0,2510.5
12:18:40,8857,8968.3,0.87,30.61,200.8,170.2,-1.46,-0.03,304.5,-592.3,0,0,2511.5
,8848.2,8958.8,0.87,30.64,200.7,170.1,-1.49,-0.04,304.5,-589.8,-0.01,-0.01,2512.6
12:18:41,8838.4,8949.2,0.87,30.6,200.7,170.1,-1.53,-0.01,304.5,-572,0.01,0,2513.5
12:18:43,8828.4,8939.1,0.86,30.63,200.7,170,-1.51,-0.03,304.5,-608.5,0,0,2510.3
,8819.2,8929.8,0.87,30.64,200.7,170,-1.49,-0.02,304.4,-606.5,0,0.01,2513.1
12:18:45,8808,8918.6,0.87,30.67,200.7,170,-1.46,-0.01,304.4,-595.7,0,0,2511.8
12:18:46,8787.3,8898.2,0.86,30.59,200.7,169.9,-1.56,-0.03,304.4,-576.4,0,0,2511.4
12:18:48,8777,8887.8,0.86,30.64,200.7,169.8,-1.6,-0.12,304.4,-562.1,0,-0.01,2511.2
12:18:49,8766.7,8877.5,0.87,30.66,200.7,169.9,-1.54,0.31,304.3,-592.9,-0.02,-0.01,2511.5
12:18:50,8756.5,8867.3,0.87,30.63,200.7,169.8,-1.56,0.51,304.5,-601.7,0,0,2510.2
12:18:51,8744.6,8857.1,0.87,30.63,200.8,169.8,-1.59,0.41,304.4,-595,0,0,2511.1
,8736,8846.7,0.87,30.58,200.8,169.8,-1.61,0.23,304.5,-577.1,0,-0.01,2513.4
12:18:53,8726.6,8837.9,0.86,30.61,200.8,169.8,-1.63,0.03,304.6,-562.9,0,0,2512
12:18:54,8716.7,8827.5,0.87,30.61,200.9,169.7,-1.56,0.47,304.5,-582.5,0.03,0.04,2513.5
12:18:55,8707,8817.8,0.87,30.58,200.9,169.5,-1.81,8.73,304.7,-567.8,0,-0.05,2512.8
12:18:56,8695.6,8806.2,0.87,30.6,200.7,170,-1.55,-0.4,306,-556.3,0.01,0.03,2511.6
12:18:58,8675.8,8787.3,0.87,30.65,200.9,169.5,-1.51,-4.84,305.1,-614.4,0,0.01,2511.6
12:18:59,8663.2,8775.8,0.86,30.66,201,169.7,-1.48,-3.08,304.8,-605.5,0,0,2512.9
12:19:00,8654.5,8765.4,0.87,30.67,201.2,169.8,-1.51,-1.76,304.7,-599,0,0,2514.9
12:19:01,8634,8745.2,0.87,30.63,201.3,169.7,-1.49,-0.44,304.7,-592.4,0,0.01,2513.4
12:19:03,,,0.87,30.67,,169.6,-1.52,-0.16,304.7,-588.2,-0.01,0,2512.2
12:19:04,8612.9,8724.6,0.87,30.6,201.4,169.7,-1.54,0,304.6,-563,0,0,2512.3
,8604.3,8715.4,0.86,30.64,201.4,169.6,-1.55,0.04,304.7,-591.5,-0.01,0,2512.2
12:19:06,8593.6,8705.2,0.87,30.6,201.4,169.7,-1.52,0.08,304.7,-607.5,0,0,2514.3
,8584,8694.8,0.87,30.61,201.5,169.7,-1.49,0.1,304.7,-627,0.01,0.01,2514.1
12:19:08,8573.6,8685.2,0.87,,201.5,169.7,-1.47,0.21,304.8,-626.8,0,0,
12:19:09,8563.9,8675.5,0.87,30.66,201.5,169.8,-1.45,0.19,304.9,-591.6,0,0,2512.8
,8555.1,8665.9,0.87,30.62,201.5,169.9,-1.46,0.14,304.9,-583.7,-0.01,-0.01,2513.3
12:19:11,8543.2,8654.6,0.87,30.67,201.5,170.1,-1.41,-2.16,304.9,-583.9,0,-0.03,2511.8
,8533.7,8645,0.87,30.6,201.5,170,-1.54,-2.15,304.5,-582.5,0,-0.01,2513
12:19:13,8522.9,8634.5,0.87,30.6,201.5,170.2,-1.54,-1.15,304.3,-552.1,0,0,2513
12:19:14,8512.5,8624.1,0.87,30.59,201.6,170.1,-1.57,-0.44,304.3,-563.9,0,-0.01,2512.6
12:19:15,8502,8613.6,0.87,30.64,201.6,170.3,-1.58,0.13,304.3,-569.3,0.01,0,2512.4
12:19:16,8491.1,8602.7,0.86,30.6,201.6,170.1,-1.56,0.36,304.3,-594.3,0,0.01,2511.4
12:19:17,8480.5,8593.6,0.87,30.67,201.6,170.1,-1.51,0.44,304.4,-608.4,0,0.01,2510.8
12:19:18,8472.1,8583.6,0.86,30.62,201.7,170.1,-1.49,0.57,304.4,-621.9,-0.01,0.01,2511.7
12:19:19,8462.4,8574,0.87,30.63,201.7,170.2,-1.52,0.56,304.4,-589.1,-0.01,-0.01,2513.6
12:19:20,8452.6,8564.2,0.87,30.62,201.7,170.2,-1.59,0.58,304.5,-549.2,-0.01,-0.02,2511.1
12:19:21,8442.1,8553.8,0.86,30.62,201.6,170.1,-1.58,0.56,304.6,-584.9,-0.01,-0.02,2509
12:19:22,8431.8,8543.4,0.86,30.63,201.6,170.1,-1.52,0.25,304.7,-609.6,0,0,2509.4
12:19:23,8419.9,8531.5,0.86,30.64,201.7,170,-1.48,0.2,304.8,-594.6,0,0.01,2510.6
12:19:24,8409.5,8521.1,0.86,30.65,201.7,169.8,-1.53,0.4,304.9,-599,0.01,0.01,2511.6
12:19:25,8399.3,8510.1,0.86,30.65,201.8,169.1,-1.46,0.21,304.8,-612.7,0,0.01,2507.8
12:19:27,8379.8,8491.4,0.86,30.64,201.9,169,-1.46,0.23,304.7,-585.8,0,0.01,2510.5
,8370.1,8480.9,0.86,30.67,201.9,169,-1.53,0.16,304.7,-557,0.01,0.02,2508.9
12:19:29,8360.1,8471.8,0.87,30.66,202,169.1,-1.59,0.25,304.7,-557.2,0.01,-0.01,2510.2
12:19:30,8349.7,8461.3,0.86,30.7,202,169.3,-1.65,0.16,304.8,-569.4,0,0,2512.3
12:19:31,8339.5,8451.1,0.86,30.7,202.1,169.4,,,,-574.3,,,2509
12:19:32,8329.9,8440.9,0.86,30.64,202.2,169.2,-1.61,0.31,304.7,-604.2,0,-0.02,2509.8
,8319.5,8430.6,0.87,30.67,202.3,169.2,-1.54,0.19,304.6,-624,0,0,2509.7
12:19:34,8309.7,8421.3,0.86,30.66,202.4,169.2,-1.55,0.04,304.6,-587.4,0.01,0.03,2510.3
12:19:35,8299.3,8411,0.87,30.63,202.5,169.1,-1.64,-0.15,304.7,-570.6,0,-0.02,2510.2
12:19:36,8289.1,8400.8,0.86,30.66,202.6,169.2,-1.63,0,304.4,-572,0,0,2509
12:19:37,8278.8,8390.5,0.87,30.66,202.7,169.5,-1.61,0.18,304.6,-571.9,0,0,2511.5
12:19:38,8268.5,8380.2,0.86,30.7,202.8,169.2,-1.65,0.16,304.3,-590.2,0.01,-0.01,2512.1
12:19:39,8258.2,8369.8,0.87,30.65,202.9,169.1,-1.67,0.14,304.4,-597.8,0,0,2510.5
12:19:40,8247.3,8359,0.86,30.65,203,169.4,-1.67,-0.08,304.4,-591.6,0,-0.02,2511.4
12:19:41,8236.8,8348.5,0.86,30.66,203.1,169.5,-1.59,0.03,304.3,-597.9,0.01,0.02,2510.7
12:19:42,8226.4,8338,,30.67,203.2,,-1.55,0.11,304.4,,0,0,2512.5
12:19:43,8214.9,8327.9,0.87,30.67,203.3,169.7,-1.57,-0.01,304.3,-615,0,0.01,2515.4
,8207,8318.2,0.87,30.66,203.4,170.3,-1.58,-0.16,304.3,-616.3,0,-0.03,2513.4
12:19:45,8196.4,8308,0.87,30.65,203.4,170.1,-1.56,0.15,304.1,-611.8,0,0.03,2510.5
12:19:46,8186.9,8297.7,0.87,30.63,203.5,170,-1.54,0.36,304.1,-577.9,0,0.02,2515.4
12:19:48,8166.4,8278,0.87,30.64,203.6,170.1,-1.57,-0.18,304.2,-575.2,-0.01,0,2512.1
12:19:49,8156.2,8267.9,0.87,30.66,203.6,170.1,-1.54,-0.12,304.1,-586,-0.01,0,2513.1
12:19:50,8145.8,8257.4,0.87,30.67,203.6,170.4,-1.47,0.16,304.2,-616.1,0,0.01,2514.5
12:19:51,8135.9,8247.4,0.87,30.64,203.7,170.5,-1.44,-0.03,304.2,-626.1,0.01,-0.01,2511.6
12:19:52,8126.3,8237.9,0.87,30.61,203.7,170.3,,,,-590.3,,,2512.1
12:19:53,8114.8,8226.4,0.86,30.63,203.7,170.8,-1.45,0.03,304.2,-595.3,0.01,0.03,2512.8
,8105.1,8215.9,0.87,30.64,203.7,170.5,-1.41,0.3,304.2,-593.9,0,0.01,2512
12:19:55,8094.7,8206.3,0.87,30.62,203.7,170.4,-1.42,0.29,304.2,-566.1,0,0,2513.9
12:19:56,8084.3,8196,0.87,30.62,203.6,170.3,-1.48,-0.09,304,-581.7,0.01,-0.01,2510.8
12:19:57,,,,30.63,,,-1.48,-0.04,304,,0,0,2511.2
12:19:58,8063.3,8174.9,0.87,30.65,203.7,170.2,-1.48,-0.14,304.1,-582.7,-0.01,-0.02,2511.9
,8054.8,8166.2,0.87,30.62,203.7,170.4,-1.49,-0.22,304,-606.2,0.01,0.01,2512.3
12:20:00,8044.3,8156.1,0.87,30.68,203.7,170.2,-1.48,0.04,303.9,-595.4,0,-0.01,2512.9
12:20:01,8034.1,8145.9,0.87,30.7,203.8,170.2,-1.49,0.04,304,-599,0,0,2511.6
12:20:02,8024.1,8135.9,0.87,30.67,203.8,170.2,-1.48,0.05,303.9,-583.2,0,0.01,2514.2
12:20:03,8014.2,8126.1,,30.63,203.8,,-1.55,-0.03,303.8,,-0.01,0,2513.6
12:20:04,8004.6,8115.8,0.86,30.67,203.9,170.5,-1.55,0,303.8,-581.3,-0.01,0,2513.8
,7993.4,8104.8,0.87,30.65,203.9,170.7,-1.57,-0.03,303.9,-585,-0.01,0,2511.9
12:20:06,7982.7,8094.5,0.85,30.48,204,170.8,-1.56,-0.12,303.9,-586.7,0,0.01,2510.2
12:20:07,7972.8,8084.6,0.85,30.44,203.9,170.7,-1.6,-0.11,303.8,-605.9,0,-0.02,2511.8
12:20:08,7962.6,8074.5,0.85,30.47,203.9,170.8,-1.61,0,303.8,-585.6,0.01,0.01,2510.1
12:20:09,7951.3,8064.3,0.84,30.48,203.9,171,-1.71,0.04,303.7,-559.1,0.02,0,2510.8
12:20:10,7942.2,8054,0.84,30.51,204,170.9,-1.71,0.26,303.7,-591,0,0,2511.1
12:20:11,7932.6,8044.4,0.84,30.54,204,171.3,-1.64,-0.05,303.6,-574.4,0,0,2509.4
12:20:12,7922.9,8034.1,0.84,30.54,204,171.4,-1.6,0,303.7,-589.5,0,0,2512.9
12:20:13,7912.2,8024.1,,30.57,203.9,,-1.6,0.03,303.7,,0,0,2512.7
12:20:14,7900.4,8013.7,0.85,30.58,203.9,171.5,-1.59,0.01,303.6,-608.3,0,-0.01,2514
,7892.5,8003.8,0.85,30.56,203.9,171.4,-1.59,-0.03,303.6,-605,0,0,2515.4
12:20:16,7882.4,7993.5,0.85,30.59,203.9,171.4,-1.55,0.02,303.5,-620.2,0,0.01,2512.6
12:20:17,7871.8,7983.6,0.85,30.58,203.9,171.4,-1.6,-0.01,303.6,-598.5,-0.01,-0.01,2512.5
12:20:18,7861.5,7973.5,0.85,30.54,203.9,171.1,-1.58,0.01,303.6,-577.4,0,-0.01,2509.8
12:20:19,7851.1,7963,0.84,30.54,203.8,170.9,-1.52,-0.02,303.6,-597.8,-0.01,-0.01,2510.5
12:20:20,7840.7,7952.6,0.85,30.53,203.8,170.9,-1.43,-0.03,303.6,-593.4,0,0,2512.8
12:20:21,7830.3,7942.2,0.85,30.55,203.7,171,-1.41,-0.02,303.7,-603,0,0,2510.8
12:20:22,7820.7,7932.5,0.85,30.55,203.7,171.2,-1.41,-0.05,303.7,-588.8,-0.01,0,2511.1
12:20:23,,,0.85,30.55,,171.2,-1.51,-0.02,303.7,-578.5,0,-0.01,2513.2
12:20:24,7798.2,7910.1,0.84,30.6,203.6,171.1,-1.54,0.04,303.7,-593.7,0.01,0.01,2509.6
,7788.3,7899.4,0.85,30.56,203.6,170.9,-1.54,0.02,303.8,-613.1,0,0,2511.4
12:20:26,7777.3,7889.2,0.84,30.57,203.6,170.9,-1.52,0.16,303.8,-623.2,0.01,0.02,2510.9
12:20:27,7767.3,7879.1,0.85,30.6,203.5,170.9,-1.54,0.15,303.7,-609.5,0.01,0.01,2512.5
12:20:28,7756.8,7868.8,0.85,,203.5,170.7,,,,-607.3,,,
12:20:29,7749.3,7860.4,0.84,30.58,203.5,170.3,-1.54,0.21,303.7,-602.4,0,0,2513.5
,7739.2,7850.3,0.85,30.56,203.5,170.4,-1.6,0.24,303.5,-578.1,-0.01,-0.01,2513.5
12:20:31,7729.6,7840.7,0.85,30.57,203.6,170.1,-1.68,0.23,303.4,-569.5,-0.01,-0.01,2511.9
12:20:32,7718.4,7830.3,0.85,30.58,203.6,169.9,-1.66,0.05,303.3,-594.8,0,0,2509.9
12:20:33,7707.8,7819.6,,30.58,203.7,,-1.58,-0.1,303.5,,0,0.02,2512.6
12:20:34,7698.8,7809.9,0.85,30.56,203.7,169.9,-1.48,-0.08,303.2,-611.5,0,0,2511.6
,7686.3,7797.5,0.85,30.57,203.8,169.9,-1.52,-0.15,302.8,-604,0,0,2509.6
12:20:36,7675.8,7787.7,0.85,30.61,203.8,170.2,-1.56,-0.2,302.8,-603.7,0,-0.01,2511.1
12:20:37,7665.5,7776.6,0.85,30.58,203.8,170.1,-1.61,-0.05,302.8,-574.6,0,-0.01,2510.8
12:20:39,7644.1,7756,0.84,,203.9,170.5,,,,-604.7,,,
12:20:40,7634.4,7745.5,0.84,30.62,203.9,170.7,-1.44,-0.49,302.9,-621.9,0,0.01,2511.8
,7626,7737.1,0.85,30.63,203.9,170.5,-1.48,-0.33,302.9,-587.5,0,-0.01,2512.2
12:20:42,7615.4,7726.5,0.85,30.59,203.8,170.8,-1.51,0,303.2,-591.6,0,0,2513.4
12:20:43,7605,7716.1,0.85,30.59,203.8,170.6,-1.46,0.09,303.3,-610.7,0,0,2512.5
12:20:44,7593.9,7705.7,0.85,30.56,203.8,171,-1.4,0.12,303.4,-611,0,0.01,2512.6
12:20:45,7584.9,7696,0.85,30.58,203.8,170.7,-1.44,0.07,303.2,-589.7,0.01,-0.02,2510
12:20:46,7574.1,7686,0.85,30.64,203.8,171,-1.42,0.03,303.3,-597.3,0.01,0.02,2513.3
12:20:47,7563.3,7674.4,0.85,30.59,203.7,170.7,-1.33,0.05,303.2,-605.1,0,0.03,2510.9
12:20:48,7554.3,7665.4,0.85,30.6,203.7,170.4,-1.49,0.11,303.1,-603.8,0.01,-0.04,2510.3
12:20:49,,,0.85,,,170.3,,,,-574.9,,,
12:20:50,7533.6,7644.7,0.85,30.63,203.6,170.5,-1.55,-0.19,302.9,-575.1,0,0,2512.1
,7523.1,7634.2,0.85,30.63,203.7,170.5,-1.61,-0.05,303,-561.5,0,-0.01,2511.9
12:20:52,7512.7,7623.8,0.85,30.63,203.7,170.4,-1.63,-0.04,303,-608.3,-0.01,0.01,2513.2
12:20:53,7502.9,7614,0.85,30.61,203.7,170.8,-1.58,-0.05,303,-628.3,-0.01,0,2512.3
12:20:54,7491.6,7603.4,0.85,30.63,203.8,171,-1.49,-0.23,302.9,-610.4,-0.01,0.06,2511.4
12:20:55,7483.2,7594.3,0.85,30.64,203.8,170.7,-1.66,0.04,302.9,-579.6,0,-0.04,2512.4
,7472.6,7583.7,0.85,30.62,203.8,170.8,-1.6,0.12,302.9,-578.4,0,0.02,2514.4
12:20:57,7461.9,7573.7,0.85,30.61,203.8,171.3,-1.53,0.02,302.9,-579.3,0.01,0,2513.2
12:20:58,7452.5,7564.2,0.85,30.66,203.8,170.9,-1.64,-0.11,302.8,-588.6,-0.01,0.02,2510.6
12:20:59,7442.7,7554.1,0.85,30.64,203.8,171.5,-1.71,0.29,302.9,-570.8,0.01,-0.05,2512.8
12:21:00,7432.2,7543.6,0.85,30.61,203.8,171.4,-1.55,0.24,302.9,-581.6,0.01,0.03,2511.9
12:21:01,7420.9,7532.3,0.85,30.71,203.7,171.8,-1.54,-0.05,303,-602.3,0,0.01,2510
12:21:03,7401.6,7513,0.85,30.6,203.6,171.6,-1.58,-0.08,303.1,-612,0.01,-0.02,2510.1
12:21:04,7391.7,7503.1,0.85,30.62,203.6,171.4,-1.48,0.25,302.8,-605.9,-0.01,0.08,2511.1
12:21:05,7382.7,7494.1,0.85,30.59,203.6,171.5,-1.7,-0.34,303.1,-583.6,0,-0.06,2513.2
12:21:06,7369.5,7480.9,0.85,30.59,203.6,170.8,-1.61,0.01,302.9,-595.4,-0.01,-0.02,2511.7
12:21:08,7350.2,7462.5,0.85,30.55,203.7,170.7,-1.42,-0.16,302.8,-585.4,-0.01,0.03,2510.2
12:21:09,7340.1,7452.2,0.85,30.62,203.6,171,-1.53,-0.03,303,-591.5,0,-0.02,2510.3
12:21:10,7329.1,7441.3,0.85,30.61,203.6,170.9,-1.48,-0.05,302.6,-595.5,0,0.01,2510.5
12:21:11,7316.7,7430.2,0.85,30.61,203.6,171.2,-1.47,0,302.6,-599.1,0.01,-0.02,2510.8
12:21:12,7308.7,7420.6,0.85,30.58,203.6,171.4,-1.69,-0.05,302.8,-623.8,0.01,0,2510
12:21:13,7298.7,7410.9,0.86,30.59,203.6,171.1,-1.6,0.24,302.8,-602.2,-0.02,-0.05,2510.5
12:21:14,7288.6,7400.3,0.85,30.61,203.6,171,-1.52,-0.04,303,-583.8,0,-0.07,2509
12:21:15,7277.8,7390.3,0.85,,203.6,170.4,-1.55,0.42,302.8,-602,-0.01,0.05,
12:21:16,7268.9,7380.8,0.84,30.54,203.6,171.4,-1.59,-0.02,302.7,-600.7,0,-0.05,2510.6
,7259.2,7370.6,0.85,30.57,203.6,170.9,-1.52,-0.15,302.7,-596.2,-0.01,-0.02,2509.7
12:21:18,7247.2,7359.4,0.85,30.6,203.5,171,-1.42,-0.19,302.5,-571.8,-0.01,0,2510.4
12:21:19,7236.9,7348.9,0.85,30.59,203.5,171.2,-1.52,-0.22,302.6,-571,0,-0.02,2509.3
12:21:20,7227.7,7339.3,0.85,30.59,203.5,171,,,,-618.1,,,2510.8
12:21:21,7223.2,7334.5,0.85,30.59,203.4,171,-0.2,0.16,302.9,-560.2,-0.01,0.12,2512.9
,7220.3,7331.7,0.85,30.56,203,170.5,-0.14,-0.19,303.1,-469.4,-0.02,0.01,2510.7
12:21:23,7217.5,7328.9,0.85,30.62,202.7,170.2,0.19,-0.09,303,-379.1,-0.01,0.06,2507.5
12:21:24,7217.4,7328.7,0.85,30.6,202.2,170,0.29,-0.37,303,-255.2,0,0.05,2510.1
12:21:25,7217.6,7329,0.85,,201.7,169.7,0.34,0.05,303.1,-115.7,0.02,0.04,
12:21:26,7217.9,7329.3,0.85,30.56,201.1,168.8,0.24,-0.08,303.2,-48.1,0.01,-0.01,2509.6
,7218,7329.4,0.85,30.58,200.6,168.5,0.22,0,303.1,-15.3,0,0,2509.8
12:21:28,7218.5,7329.9,0.85,30.57,200.2,167.8,0.31,-0.07,303,-35.6,0,-0.04,2512.1
12:21:29,7218.8,7330.1,0.85,30.59,199.7,167.5,0.46,-0.18,303.1,13.4,0,0.01,2511.8
12:21:30,7218.7,7330,0.85,30.55,199.3,166.5,0.29,-0.07,302.9,20.1,0,-0.02,2511.7
12:21:31,7218.9,7330.3,0.85,30.57,198.9,166.3,0.3,0.01,302.9,18.7,-0.01,-0.01,2509.6
12:21:32,7218.9,7330.2,0.85,30.55,198.5,166,0.36,-0.02,302.9,5.1,0,0,2512.8
12:21:33,7219,7330.4,0.85,30.57,198.1,165.5,0.35,-0.09,302.8,10,0,-0.02,2512.4
12:21:34,7218.7,7330.1,0.85,30.57,197.7,165.4,0.41,0.02,302.9,20.3,-0.01,0,2511.6
12:21:35,7217.6,7329,0.85,30.53,197.4,165.1,0.36,-0.01,302.9,23.2,0,0,2511.8
12:21:36,7218.4,7329.7,0.85,30.56,197,165.2,0.27,-0.05,302.9,44,-0.01,-0.01,2511
12:21:37,7218.5,7329.9,0.85,30.53,196.7,165,0.22,-0.09,303,19.2,0,-0.02,2511.4
12:21:38,7218.2,7329.6,0.85,30.53,196.4,164.6,0.37,0.2,303,20.5,0,0.01,2511.5
12:21:40,7219.3,7330.6,0.85,30.59,195.8,163.7,0.32,-0.12,302.9,-0.9,0.01,0,2510.3
12:21:41,,,0.85,30.53,,163.1,,,,-14.6,,,2511.5
12:21:42,7220.9,7332.2,0.85,30.56,195.3,162.9,0.31,-0.16,302.6,36,0,-0.01,2510.4
,7221.3,7332.7,0.85,30.51,195.1,162.4,0.2,-0.05,302.6,41,0,-0.01,2510.5
12:21:44,7220.9,7332.3,0.85,30.53,194.9,162,0.36,0.33,302.7,23.2,-0.01,0.02,2510.9
12:21:45,7220.9,7332.2,0.85,30.55,194.8,162.2,0.44,0.19,302.8,14.8,0,-0.01,2509.5
12:21:46,7220.9,7332.2,0.85,,194.5,161.9,0.36,-0.1,302.8,-23.2,-0.01,-0.07,
12:21:47,7219,7330.4,0.85,30.54,194.4,162,0.47,0.18,302.8,-16.8,0,0.01,2510.6
,7219.5,7330.8,0.85,30.52,194.1,161.8,0.57,-0.11,302.9,2,0.01,0.03,2510.2
12:21:49,7219.5,7330.9,0.85,30.52,193.8,162,0.56,-0.1,303.1,24.9,-0.01,-0.01,2512.1
12:21:50,7218.8,7330.2,0.85,30.52,193.6,162,0.63,0.01,303,15.3,-0.01,0,2510.1
12:21:51,7218.2,7329.6,0.85,30.52,193.4,161.8,0.85,0,303,8.1,0.01,0.02,2508.1
12:21:52,7218.3,7329.7,0.85,30.52,193,162,0.94,-0.09,302.8,-19.2,0.01,0.04,2510.6
12:21:53,7219.8,7331.2,0.85,,192.7,161.5,0.82,-0.35,302.8,-23.4,0.01,0.03,
12:21:54,7220,7331.3,0.85,30.52,192.4,160.7,0.73,0.25,302.6,-15.1,0.01,0,2506.2
,7220.8,7332.1,0.84,30.51,192.1,160.4,0.63,0.11,302.5,24.8,0.02,-0.02,2508.4
12:21:56,7220.8,7332.2,0.85,30.52,191.9,160.5,0.66,0.03,302.7,36.1,0.01,0.04,2511.7
12:21:57,7221,7332.4,0.85,30.54,191.7,160.8,0.49,0.09,302.8,29.7,0.01,-0.01,2509.9
12:21:58,7220.7,7332.1,,30.5,191.5,,,,,,,,2513.6
12:21:59,7220.1,7331.7,0.84,30.51,191.4,159.1,0.67,-0.18,303,29.1,0,-0.01,2510.9
,7220,7331.6,0.85,30.56,191.2,158.8,0.73,-0.16,302.9,9.7,0,0,2510.7
12:22:01,7219.5,7331.2,0.85,30.52,191.1,158.9,0.79,0.03,302.9,-38,0,0,2508.9
12:22:02,7219.3,7330.9,0.85,30.51,190.9,158.7,0.92,0.15,302.9,-45.5,-0.01,0.06,2508.7
12:22:03,7220.4,7332.1,0.85,30.58,190.8,159.1,0.79,-0.03,302.6,-20.9,0,-0.03,2511.3
12:22:04,7220.9,7332.5,0.85,30.57,190.6,158.9,0.83,0.03,302.8,-8.1,0.01,0.02,2507.8
12:22:05,7219.4,7331,0.84,30.51,190.4,158.6,0.73,-0.04,302.8,8.4,0.01,0.02,2510.1
12:22:06,7220.1,7331.7,0.84,30.53,190.3,158.8,0.55,0.07,302.7,24.6,0,-0.05,2508.7
12:22:07,7219.4,7331.1,0.84,30.56,190.1,158.2,0.71,0.07,302.7,24.2,-0.01,0,2507.3
12:22:08,7218.8,7330.4,0.85,30.48,190,157.5,0.78,0.2,302.6,12.7,-0.01,0.01,2511.2
12:22:09,7219.2,7330.8,0.85,30.49,190,157.3,0.56,0.14,302.6,-31.3,0,0,2511.6
12:22:10,7219.8,7331.4,0.85,30.5,189.9,157.6,0.44,0.05,302.6,1.6,-0.01,-0.05,2515.2
12:22:11,7221.8,7333.4,0.85,30.51,189.9,157.5,0.35,-0.01,302.8,26.3,0,-0.06,2513.5
12:22:12,7222.2,7333.9,0.85,30.48,189.9,157.1,0.38,-0.15,302.7,19.9,-0.03,-0.05,2514.5
12:22:13,7221.9,7333.5,0.85,30.49,189.9,158.4,0.54,-0.42,303.3,52.2,0,0.02,2511.5
12:22:14,,,0.85,30.51,,157.6,,,,28.8,,,2513.6
12:22:15,7222.1,7333.8,0.85,30.55,189.9,157.2,0.36,0.52,303.1,20.3,0,0,2510
,7222.1,7333.8,0.85,30.54,189.9,157.9,0.49,0.54,303.2,24.6,0.02,0.07,2513.5
12:22:17,7220.1,7331.7,0.85,30.51,189.8,157.9,0.55,0.22,303.3,-20.5,0.01,0.03,2513.6
12:22:18,7219,7330.7,0.85,30.56,189.8,158,0.76,-0.11,303.2,-73.6,0,0.01,2513.1
12:22:19,7218.9,7330.6,0.85,30.57,189.6,158.5,0.83,-0.16,302.8,-52.8,-0.01,0,2512.5
12:22:20,7219.8,7331.4,0.84,30.53,189.5,157.9,0.67,-0.37,302.8,-13.8,-0.01,-0.03,2510.8
12:22:22,7218,7329.6,0.84,30.52,189.3,157.2,1.09,-0.13,302.6,8.3,0.01,0.07,2510.9
12:22:23,7219.6,7331.2,0.84,30.52,189.1,157.2,0.96,-0.33,302,-23.4,0,0.01,2514.1
12:22:24,,,0.84,,,157.6,0.73,0.71,302.3,10.1,0,-0.11,
12:22:25,7219.9,7331.6,0.84,30.51,188.8,156.8,0.94,0.11,302.6,23.3,-0.01,0.04,2512.9
,7220.4,7331.9,0.84,30.57,188.7,157.5,0.81,-0.15,302.4,0.2,0,0.01,2511.8
12:22:27,7220.9,7332.5,0.84,30.51,188.6,157,0.58,-0.44,302.8,18.2,0.01,-0.01,2513.3
12:22:28,7221.5,7333.1,0.84,30.52,188.6,157.6,0.53,-0.27,303,39.4,-0.01,-0.01,2513.2
12:22:29,7219.6,7331.3,0.84,30.55,188.5,158.3,0.54,-0.13,302.8,9.9,-0.01,0.01,2513
12:22:30,7219.4,7331.1,0.84,30.53,188.5,157.9,0.54,-0.19,302.9,-37.3,0.04,0.05,2512.2
12:22:31,7219.9,7331.4,0.85,30.52,188.4,157.8,0.55,0.21,302.8,-60,0,-0.04,2512.6
12:22:32,7220,7331.6,0.85,30.51,188.4,157.7,0.57,0.23,303,18.6,0.01,0,2513.7
12:22:33,7219.1,7330.8,0.85,30.53,188.3,158,0.8,0.21,303,18.1,0,0.02,2512.7
12:22:34,7218.8,7330.5,0.85,30.51,188.2,157.9,0.73,0.15,303,-12.8,0.01,-0.03,2512.2
12:22:35,7219.5,7331.2,0.84,30.51,188.1,157.7,0.78,0.2,303,-8.6,0,-0.02,2509.4
12:22:36,7219.6,7331.2,0.85,30.47,187.9,157.3,0.92,0.04,303.1,1.8,0,0,2512.5
12:22:37,7219.5,7331.2,0.85,30.5,187.8,157.5,0.93,-0.11,303,0.6,0,0.01,2512.8
12:22:38,7219.5,7331.2,0.85,30.5,187.6,157.1,0.85,0.1,302.9,6.3,-0.01,-0.05,2508.9
12:22:39,7218.8,7330.5,0.84,30.47,187.5,156.7,0.91,0.08,302.9,7.9,-0.01,-0.01,2511.3
12:22:40,7218.9,7330.5,,30.47,187.4,,1.04,-0.18,302.8,,-0.01,0.01,2509.8
12:22:41,7217.6,7329.2,0.84,30.52,187.3,155.9,0.92,-0.27,302.7,-9.8,0.01,-0.01,2510.1
,7216.6,7328.2,0.85,30.47,187.2,155.2,0.89,-0.21,302.7,1.1,0,0,2509.2
12:22:43,7216,7327.7,0.85,30.49,187.1,154.9,0.92,-0.13,302.5,-9.7,0,0.01,2508.9
12:22:44,7215.5,7327.2,0.84,30.48,187.1,154.4,0.9,-0.01,302.3,-12.3,0,0,2510
12:22:45,7215.2,7326.8,0.84,,187.1,154.2,,,,4,,,
12:22:46,7214.4,7326.2,0.84,30.43,187.1,154,0.79,-0.07,302.2,10.3,0.01,-0.01,2512.3
,7215.1,7326.8,0.85,30.49,187.1,154.1,0.81,0.01,302.2,-13,0,0,2509.8
12:22:48,7215.3,7326.9,0.84,30.47,187.1,154.1,0.86,0.01,302.2,-35.3,0.01,0.02,2508.3
12:22:49,7215.7,7327.3,0.84,30.43,187.2,153.9,0.76,-0.03,302.1,-34.1,0,-0.01,2509.7
12:22:50,,,,30.5,,,0.75,0,302,,-0.01,0,2510.8
12:22:51,7216,7327.7,0.84,30.48,187.2,154.3,0.82,-0.09,302,-6.5,-0.01,0.01,2511.3
,7217.4,7329.1,0.84,30.47,187.3,154.2,1,-0.05,302.1,3.6,-0.01,0.03,2512.3
12:22:53,7217.6,7329.1,0.84,30.52,187.3,154.8,1.1,-0.15,302.1,14.9,-0.01,0.03,2510.5
12:22:54,7219.3,7330.8,0.84,30.49,187.2,155,0.86,-0.14,302.3,31.4,0,-0.03,2509.6
12:22:55,7221.2,7332.7,0.84,30.5,187.1,155.5,0.66,-0.09,302.3,72.3,0,-0.03,2509.3
12:22:56,7222.2,7333.8,0.85,30.57,187.1,155.7,0.64,0.1,302.3,100.6,0.01,0,2511.6
12:22:57,7222.8,7334.4,0.84,30.54,187.1,156.1,0.56,0.21,302.5,87,0,-0.02,2512
,7222.5,7334.1,0.84,30.53,187,156.7,0.35,0.13,302.4,65.1,0,-0.02,2511.7
12:22:59,7223.1,7335,0.84,30.52,187,157,0.05,0.48,302.4,42.1,0.01,-0.05,2510.8
12:23:00,7221.5,7333.6,0.85,30.57,187.1,156.9,0.25,1.47,302.4,8.9,0,0.03,2513
12:23:01,7220.3,7332.3,0.84,30.58,187.2,156.7,0.51,2.26,302.6,-61.2,0,0.03,2509
12:23:02,7219.7,7331.6,0.84,30.56,187.1,157.1,0.62,2.37,302.9,-86.4,0,0.03,2512
12:23:04,7220.7,7332.6,0.85,30.59,186.9,157.3,0.63,1.44,303.3,-68.9,0,-0.01,2509.8
,7219,7330.9,0.85,30.56,186.8,157.3,0.67,0.96,303.4,-26.5,0.01,0.02,2510.7
12:23:05,7218.8,7330.7,0.85,30.55,186.7,157.1,0.69,0.65,303.5,-16.4,0,0.01,2510.3
12:23:06,7219.2,7331.1,0.85,30.55,186.6,157,0.62,0.32,303.5,23.6,0,-0.03,2511.7
12:23:07,7219.4,7331.3,0.84,30.54,186.5,156.7,0.53,0.23,303.4,25,0,-0.02,2511.6
12:23:09,7218.4,7330.3,0.84,30.55,186.5,156.4,0.62,0.23,303.4,4.2,0,0.03,2507.2
12:23:10,7217.6,7329.5,0.84,30.58,186.5,157,0.73,0.07,303.5,7.3,0,0.01,2511
12:23:11,,,0.84,30.56,,156.9,0.71,0.14,303.5,-28.9,0,-0.01,2511.4
12:23:12,7219,7330.9,0.85,30.57,186.3,157.1,0.75,0.15,303.5,-8,0,0.01,2512.5
,7219.1,7331,0.85,30.57,186.2,157,0.6,0.11,303.6,-10.2,0,-0.03,2512.2
12:23:14,7218.7,7330.6,0.85,30.54,186.1,156.8,0.62,-0.01,303.6,-18.9,0.01,0,2512.6
12:23:15,7218.2,7330.1,0.85,30.58,186.1,156.9,0.73,-0.08,303.5,-3.3,0,0,2513.2
12:23:16,7218.7,7330.5,0.84,30.57,186,157.1,0.71,0.11,303.5,-7.3,0,-0.01,2512.4
12:23:17,7216.7,7328.6,0.84,30.56,185.9,156.8,0.75,0.05,303.6,-19.5,0,0.01,2511.1
12:23:19,7216.1,7328,0.85,30.58,185.7,156.7,0.79,-0.02,303.4,-8,-0.01,-0.02,2512.7
12:23:20,7216.4,7328.3,0.85,30.58,185.7,156.3,0.69,0.01,303.5,19.2,0.01,-0.01,2510
12:23:21,7216.3,7328.2,0.85,30.57,185.6,156,0.59,0.24,303.5,30.9,0,-0.02,2511.8
12:23:22,7216,7327.9,0.84,30.53,185.6,155.9,0.62,0.2,303.5,6.9,0,0,2510.4
12:23:24,7217.1,7329,0.84,30.56,185.5,156,0.65,0.05,303.5,1.4,0,-0.01,2512.4
12:23:25,7217,7328.9,0.84,30.56,185.5,156,0.63,0.08,303.5,-16.1,0,0,2512
12:23:26,7216.6,7328.5,0.85,30.57,185.5,155.9,0.67,0.29,303.4,-13.1,0,0.01,2511.9
12:23:27,7216.8,7328.7,0.84,30.56,185.5,156,0.66,0.23,303.5,-25.8,0,-0.01,2510.7
12:23:28,7216.6,7328.5,0.85,30.57,185.5,155.9,0.64,0.16,303.5,9.1,-0.01,-0.02,2513.5
12:23:29,7214.5,7326.4,0.85,30.61,185.5,155.7,0.7,0.15,303.5,-28.3,0,0.01,2514.4
12:23:30,7213.9,7325.7,0.85,30.53,185.4,156,0.86,0.11,303.4,-53.5,-0.01,0.02,2512
12:23:31,7214.4,7326.3,0.84,30.57,185.4,155.8,0.74,0.14,303.5,-10.2,-0.01,-0.02,2514
12:23:32,,,0.85,30.58,,155.6,0.6,0.16,303.6,34.2,0,-0.03,2512.7
12:23:33,7213.9,7325.8,0.85,30.6,185.3,155.3,0.32,0.13,303.6,20.2,0,-0.04,2512.2
,7212.4,7324.2,0.85,30.57,185.4,155.4,0.01,0.13,303.6,10.1,0,-0.06,2511.2
12:23:35,7209.8,7321.7,0.85,30.54,185.6,155.5,-0.27,0,303.7,-47.8,0,-0.04,2511.3
12:23:36,7205.3,7317.2,0.85,30.61,185.9,155.7,-0.34,-0.19,303.7,-126.4,0,0.01,2511.1
12:23:37,7200.5,7312.4,0.85,,186.2,155.9,-0.41,-0.19,303.6,-188.1,0.01,0,
12:23:38,7195.7,7307.6,0.85,30.51,186.5,156.1,-0.59,-0.19,303.6,-231.4,0,-0.04,2512.4
,7190,7301.9,0.85,30.55,186.9,156.4,-0.71,-0.01,303.6,-271.3,0.01,0,2512.7
12:23:40,7183,7294.9,0.85,30.56,187.3,156.4,-0.8,-0.08,303.6,-313.2,-0.01,-0.01,2511.4
12:23:41,7174.4,7286.3,0.85,30.54,187.7,157,-0.78,-0.22,303.6,-343.2,0,0,2511.9
12:23:42,,,0.85,30.54,,157.2,-0.79,-0.11,303.5,-369.5,0,0,2511.9
12:23:43,7159.5,7271.4,0.85,30.6,188.5,157.6,-0.8,-0.07,303.4,-394.4,-0.01,0.01,2511.3
,7152.9,7264.8,0.84,30.59,188.9,157.7,-0.86,0.07,303.5,-391,0,-0.02,2512.6
12:23:45,7145.2,7257.1,0.85,30.54,189.3,158.1,-0.83,0.14,303.5,-404.4,0,-0.01,2514.3
12:23:46,7138.1,7250,0.85,30.6,189.6,158.9,-0.77,-0.23,303.6,-431,-0.01,0.01,2510.6
12:23:47,7132.5,7244.4,0.85,30.62,190,159.1,-0.7,-0.02,303.5,-432.6,0,0.01,2510.9
12:23:48,7126.1,7238,0.84,30.59,190.3,159.4,-0.73,0.15,303.5,-430.8,0,0.02,2510.4
12:23:49,7118.5,7230.4,0.85,30.62,190.6,159.7,-0.76,0.18,303.5,-401.7,0,-0.01,2512.8
12:23:51,7106.1,7218,0.84,30.63,191.1,160.5,-0.78,0.1,303.7,-425.6,0.01,-0.02,2511.2
12:23:52,7098.7,7210.6,0.85,30.59,191.3,160.4,-0.66,0.03,303.6,-450.3,0.01,0.03,2515
12:23:53,7090.6,7202.5,0.85,30.6,191.5,161.1,-0.66,-0.05,303.5,-431.5,0.01,0,2511.7
12:23:54,7083.9,7195.8,0.85,30.61,191.7,160.7,-0.7,0.03,303.5,-384.9,0,-0.01,2514.1
12:23:55,7076.9,7188.8,0.85,30.61,192,160.8,-0.66,-0.05,303.6,-378.5,0,0,2513.6
12:23:56,7069.7,7181.6,0.85,30.6,192.2,160.7,-0.62,-0.14,303.6,-365.4,0.01,0.01,2513.8
12:23:57,7062.8,7174.7,0.84,30.64,192.3,161.3,-0.7,-0.02,303.6,-385,0,-0.02,2514.2
12:23:58,7055.7,7167.6,0.85,30.65,192.5,161.6,-0.75,0,303.5,-412,0,-0.02,2512.6
12:23:59,7049.5,7161.6,0.85,30.58,192.7,161.7,-0.77,-0.11,303.6,-420.3,0,-0.02,2511.2
12:24:00,7041.6,7153.7,0.85,30.57,192.9,161.7,-0.58,-0.09,303.5,-442,0,0.02,2511
12:24:01,7033.8,7145.9,0.85,30.58,193,161.6,-0.48,0,303.4,-435,0,0.01,2511.9
12:24:02,7027.1,7139.2,0.85,30.57,193.2,161.8,-0.48,0.18,303.3,-446.3,0,-0.01,2509.5
12:24:03,7019.8,7131.9,0.85,30.6,193.3,162,-0.36,0.22,303.4,-427.9,0,0.04,2510.2
12:24:04,7013.7,7125.8,0.85,30.58,193.4,162.2,-0.41,0.49,303.4,-406.7,0,0.02,2512.5
12:24:05,7006.2,7118.3,0.85,30.64,193.4,161.9,-0.51,0.47,303.4,-411.2,0,-0.01,2509
12:24:06,6999.6,7111.7,0.85,30.63,193.5,162,-0.65,0.32,303.4,-372.8,0,0,2510.7
12:24:07,6993.2,7105.3,0.85,30.6,193.7,162.4,-0.82,0.35,303.5,-356.5,0,-0.01,2509.7
12:24:08,6986.2,7098.3,0.85,30.58,193.8,162.3,-0.89,0.3,303.6,-379.8,0,0,2510.2
12:24:09,6979.5,7091.6,0.85,30.6,194,162.5,-0.92,-0.04,303.6,-377.1,0.01,0,2510.6
12:24:10,6973.5,7085.6,0.85,30.6,194.2,163.2,-0.81,-0.37,303.5,-412.2,0,0.04,2512.4
12:24:11,6968.2,7080.3,0.85,30.63,194.4,163.8,-0.79,0.3,303.4,-399.7,0,0,2514
12:24:12,6962,7074.1,0.85,30.65,194.5,163.7,-0.78,0.29,303.2,-395.6,0.01,0.01,2511.2
12:24:13,6955.8,7067.9,0.85,30.64,194.6,164,-0.83,0.41,303.4,-390.2,0,-0.01,2512.8
12:24:14,6949.9,7062,0.85,30.63,194.6,164.7,-0.91,0.89,303.5,-400.4,0,0,2512.4
12:24:15,6943.8,7055.9,0.85,30.61,194.7,164.4,-0.82,0.48,303.5,-391,0.01,0,2510.9
12:24:16,6936.9,7049,0.85,30.59,194.8,164.3,-0.78,-0.16,303.3,-397.7,-0.01,-0.01,2512.3
12:24:17,6927.7,7039.8,0.85,30.59,194.9,164.8,-0.76,-0.08,303.7,-372.4,0,-0.01,2511
12:24:18,6920.6,7032.7,0.85,30.64,194.9,165.1,-0.69,-0.03,303.7,-396.8,0,0,2509.6
12:24:19,6913.9,7026,0.85,30.63,194.9,165.5,-0.67,-0.52,303.5,-408,0.03,0.08,2512.1
12:24:20,6906.3,7018.4,0.85,30.58,194.9,165.8,-0.71,-0.18,303.6,-397.3,0,0,2512
12:24:22,6894.6,7006.7,0.85,30.62,194.9,165.5,-0.76,0.16,303,-403.4,0.01,0.01,2510.3
12:24:23,6889,7001.1,0.85,30.57,194.9,165.9,-0.76,0.64,303.6,-356.8,-0.01,0.01,2509.5
12:24:24,6881.5,6993.6,0.85,30.59,194.9,165.2,-0.71,0.89,303.5,-372.2,-0.01,-0.02,2511.2
12:24:25,6873.9,6986,0.85,30.61,194.9,165,-0.68,0.52,303.5,-398.3,0,0.03,2510.9
12:24:26,6867.2,6979.3,0.85,30.61,194.9,165.4,-0.76,0.58,303.4,-431.4,0.01,0.02,2513.5
12:24:27,6860.3,6972.4,0.85,30.62,194.9,166.6,-0.77,0.67,303.3,-424.9,0.01,0.02,2514
12:24:28,6853.1,6965.2,0.85,30.62,194.9,165.4,-0.76,0.45,303.6,-408.6,0,0,2512.9
12:24:29,6844.5,6956.6,0.85,30.6,194.9,166,-0.67,0.54,303.6,-415,0.03,0.06,2510.1
12:24:30,6837.3,6949.4,0.85,30.57,194.9,164.6,-0.73,0.04,303.1,-432,-0.01,0.01,2510.6
12:24:31,6829.8,6941.9,0.85,30.56,194.9,165.3,-0.49,0.13,303.3,-433.2,-0.01,0.02,2509.3
12:24:32,6822,6934.1,0.85,30.6,194.9,164.9,-0.55,0.52,303.6,-451.9,0,0.09,2510.4
12:24:33,6815.6,6927.7,0.85,30.59,194.9,164.3,-0.63,-0.41,303.5,-438.4,0,0.01,2510.8
12:24:34,6809.6,6921.7,0.85,30.58,194.9,164.9,-0.74,-0.12,303.7,-387.5,0,-0.01,2511.9
12:24:35,6803.9,6916,0.85,30.6,195,164.6,-0.67,-0.2,303.8,-338.7,0,0.03,2513.6
12:24:36,6797.4,6909.5,0.85,30.61,195,165.5,-0.88,-0.08,303.7,-370.3,0,-0.06,2512.3
12:24:37,6790.4,6902.5,0.85,30.62,195.1,165.2,-1.02,-0.11,303.8,-389.5,0,0.01,2512.8
12:24:38,6783.6,6895.7,0.85,30.62,195.2,165.3,-1.11,-0.31,303.6,-401.8,0,-0.01,2511.5
12:24:39,6776.6,6888.7,0.85,30.61,195.3,165.6,-1.08,-0.05,303.5,-391.1,-0.02,0.05,2511.5
12:24:40,6769,6881.1,0.85,30.6,195.5,165.9,-0.96,0.08,303.7,-401.8,0,0.04,2512
12:24:41,6760.8,6872.9,0.85,30.62,195.6,165.5,-0.99,-0.3,303.4,-411.7,0.01,0.01,2512
12:24:42,6754.3,6866.4,0.85,30.64,195.7,165.9,-0.98,-0.19,303.5,-421.5,-0.03,-0.01,2511.6
12:24:43,6747.2,6859.3,0.85,30.65,195.8,166,-1.04,0.1,303.6,-402.3,0.01,0.01,2511.3
12:24:44,6740.6,6852.8,0.85,30.63,195.8,165.6,-1.07,0.21,303.2,-396.7,0.01,-0.05,2510.6
12:24:45,6733.6,6845.7,0.85,30.58,195.9,165.2,-1.07,0.74,302.7,-398.3,-0.04,-0.09,2512.3
12:24:46,6724.7,6836.8,0.86,30.58,196,165.5,-1.08,0.42,303,-396.1,0.01,0.07,2515.6
12:24:48,6714.4,6826.5,0.85,30.61,196.3,166.5,-1.13,0.88,302.7,-398.8,0.01,0.03,2512.6
12:24:49,6707.7,6819.8,0.85,30.57,196.3,166.5,-1.08,1.49,303.5,-397.1,0,-0.03,2512.9
12:24:50,6700.5,6812.6,0.85,30.56,196.4,165.8,-1,1.21,303.7,-401.3,0.01,0.04,2514.2
12:24:51,6693.5,6805.6,0.86,30.62,196.5,166.8,-1.04,0.48,303.5,-419,0,-0.03,2512.6
12:24:53,6678.7,6790.8,0.85,30.65,196.5,167.3,-0.87,0.25,303.3,-437.8,0,0,2512
12:24:54,6672.6,6784.7,0.85,30.58,196.5,167.3,-0.94,0.34,303.4,-431.6,-0.02,-0.03,2511.8
12:24:55,6666.3,6778.4,0.85,30.61,196.4,168,-0.91,0.09,303.4,-374,0.02,0.03,2513.1
12:24:57,6654.1,6766.2,0.85,30.58,196.3,168.5,-0.74,0.03,303.9,-366.6,0,0.05,2511.7
12:24:58,6648.2,6760.3,0.85,30.62,196.2,168.4,-0.78,0.02,303.5,-374.2,-0.02,0.04,2512.7
12:24:59,6643,6755.2,0.85,30.63,196.2,168.2,-1.14,-0.02,303.9,-368.3,0,-0.06,2507.9
12:25:00,6634.9,6747.2,0.85,30.61,196.1,167.4,-0.96,-0.18,303.9,-374.2,0.01,0.09,2511.5
12:25:01,6627.7,6739.9,0.85,30.6,196.2,167.7,-0.89,-0.9,303.3,-425.5,0,0.05,2512.8
12:25:02,6620.8,6733,0.85,30.6,196.2,168,-0.99,-0.35,303.4,-406.1,0.01,-0.01,2512.6
12:25:03,6613.7,6726,0.85,30.6,196.2,167.8,-1.04,-0.25,303.1,-389.6,-0.01,-0.05,2511.8
12:25:04,6606.2,6718.5,0.86,30.62,196.1,167.5,-0.85,0.53,303.5,-416.4,0,0.04,2511.4
12:25:05,6597.5,6709.8,0.85,30.56,196.2,167.3,-0.85,0.71,303.4,-426.7,0,0.03,2509.3
12:25:06,6590.7,6703,0.85,30.57,196.2,166.6,-0.93,0.25,303.2,-450.5,0,0,2510.7
12:25:07,6583.8,6696.1,0.85,30.6,196.1,167.1,-0.79,0.6,303.2,-441.7,0.01,0.03,2509.6
12:25:08,6577.5,6689.8,0.85,30.59,196.1,167,-0.96,0.66,303.2,-398.3,0,-0.05,2511.8
12:25:09,6571,6683.3,0.85,30.62,196.1,167.3,-1.01,0.94,303.2,-377.7,0,0.01,2510.1
12:25:10,6563.7,6676,0.85,30.61,196.1,167.1,-1.01,0.96,303.3,-373.6,0,-0.01,2511
12:25:11,6557.4,6669.6,0.86,30.63,196.1,167.1,-0.96,0.62,303.4,-393.9,0,0.02,2510.7
12:25:12,6549.7,6661.9,0.85,30.61,196.2,167.1,-0.99,0.33,303.5,-404.4,0,-0.02,2511.9
12:25:14,6537.2,6649.4,0.85,30.61,196.2,167.1,-0.98,-0.22,303.5,-418,0,-0.03,2511.3
12:25:15,6530.2,6642.5,0.85,30.6,196.2,166.8,-0.9,0.12,303.5,-395,0,0,2510
12:25:16,6523.3,6635.5,0.85,30.63,196.3,166.9,-0.97,0.35,303.7,-399.5,0,-0.02,2510
12:25:17,6515.5,6627.7,0.85,30.61,196.3,167.8,-1.01,-0.35,303.8,-410.3,-0.01,0.01,2511
12:25:18,6508.8,6621.1,0.85,30.62,196.3,167.3,-1.11,-0.12,303.5,-410.7,0,-0.06,2510
12:25:19,6501.8,6614,0.85,30.6,196.3,167.7,-0.91,-0.14,303.7,-402.6,0.01,0.04,2510.1
12:25:20,6495.6,6607.9,0.85,30.63,196.4,168,-1.02,-0.33,303.6,-420.2,0.01,0.01,2512
12:25:21,6489.1,6601.4,0.85,30.61,196.4,167.8,-1.09,-0.4,303.7,-385.9,0,-0.02,2513.2
12:25:22,6480.7,6593,0.85,30.65,196.4,167.3,-0.96,-0.15,303.6,-375.6,0.01,0.01,2510
12:25:24,6469.1,6581.4,0.85,30.62,196.4,168.4,-0.91,-0.35,303.9,-375.2,0,0.01,2511.3
12:25:25,6462.3,6574.6,0.86,30.63,196.4,167.2,-1.03,-0.22,303.3,-410.3,0,-0.04,2511.8
12:25:26,6454.2,6566.4,0.86,30.64,196.4,168.5,-0.88,0.01,303.4,-398.8,0.01,-0.01,2511.7
12:25:28,6442.6,6554.9,0.85,30.59,196.3,168.6,-1.08,-0.2,303,-394.5,0.01,-0.04,2510.5
12:25:29,6434.4,6546.7,0.86,30.59,196.3,168.2,-0.87,0.67,303.4,-394.3,-0.01,-0.01,2510.8
12:25:30,6426.4,6538.7,0.85,30.61,196.2,167.5,-0.62,0.99,303.2,-403.1,-0.02,-0.02,2509.5
12:25:31,6418.1,6530.4,0.85,30.58,196.1,166.9,-0.63,0.87,303.5,-390.9,-0.02,0.04,2509.8
12:25:33,6405.2,6517.5,0.85,30.59,196,167.2,-0.82,0,303.9,-397.2,0,0.04,2512.9
12:25:34,6398.5,6510.8,0.85,30.56,196,167.4,-0.9,-0.31,303.5,-437.8,-0.01,-0.09,2513.9
12:25:35,6391.7,6504,0.85,30.61,196,167.4,-0.8,-0.07,303.6,-422.6,0,-0.03,2512.8
12:25:36,6384.6,6496.9,0.85,30.59,196,167.4,-0.67,-0.02,303.6,-399.5,0.01,0.02,2512.4
12:25:38,6372.2,6484.5,0.85,30.63,195.9,167.1,-0.78,-0.11,303.5,-388.3,0,0.01,2511.7
12:25:39,6365.6,6477.9,0.85,30.58,195.9,167,-0.82,0.12,303.4,-377.1,0,0,2513.3
12:25:40,6358.7,6471,0.86,30.58,195.8,167.2,-0.82,0.31,303.4,-384.3,0.01,0.01,2513.2
12:25:41,6351,6463.2,0.86,30.61,195.8,166.8,-0.82,-0.02,303.3,-389.6,-0.01,-0.01,2512.6
12:25:42,6344.2,6456.4,0.86,30.55,195.8,166.6,-0.8,0.04,303.3,-377.7,-0.01,0,2511.7
12:25:43,6335.8,6448,0.86,30.63,195.9,167,-0.85,0.57,303.6,-388.4,0,-0.01,2511.7
12:25:45,6323.2,6435.5,0.86,30.59,195.9,166.4,-0.96,-0.11,303.4,-396.8,0,0,2515.4
12:25:46,6316.6,6428.9,0.85,30.58,195.9,167.8,-0.94,0.04,303.4,-399.3,-0.01,-0.02,2514.3
12:25:47,6311.3,6423.6,0.86,30.58,195.9,167.6,-1.01,0.27,303.1,-401.4,0,0,2515
12:25:48,6304.3,6416.5,0.85,30.6,195.9,168,-0.98,0.56,303.2,-377.1,0,-0.03,2511.4
12:25:50,6291.2,6403.5,0.85,30.6,196,167.4,-1.07,0.6,303.5,-373.2,0,-0.02,2512.5
12:25:51,6284.1,6396.4,0.85,30.59,196,167.4,-1.01,0.36,303.7,-387.5,0,-0.01,2512.5
12:25:52,6277.1,6389.3,0.86,30.62,196,167.7,-0.97,0.14,303.9,-407,0,-0.01,2512.5
12:25:53,6268.2,6380.5,0.86,30.62,196.1,167.8,-0.9,-0.54,303.8,-434.2,0.01,0.01,2512.6
12:25:54,6262,6374.3,0.86,30.66,196,168.3,-0.83,-0.48,303.6,-461.1,0,0.02,2512.5
12:25:55,6255.1,6367.4,0.86,30.61,196,168.1,-0.8,-0.26,303.7,-434,-0.01,0,2510
12:25:56,6248.5,6360.8,0.85,30.63,196,167.9,-0.78,-0.51,303.6,-413.8,0,-0.01,2511.2
12:25:57,6241.8,6354.1,0.86,30.61,195.9,167.9,-0.79,-0.45,303.8,-374.3,0.02,0,2513.8
12:25:58,6235.2,6347.4,0.86,30.6,195.9,167.5,-0.93,-0.4,303.4,-378.3,-0.01,-0.04,2511.7
12:25:59,6227.5,6339.9,0.86,30.58,195.8,167.5,-0.9,0,303.3,-380.7,-0.01,0.02,2513.7
12:26:00,6219.9,6332.3,0.85,30.6,195.8,167.8,-0.89,0.01,303.6,-373.2,0.01,0.02,2513.7
12:26:01,6212.7,6325.1,0.85,30.61,195.8,168.3,-0.83,0.32,303.8,-386,0,0,2512
12:26:02,6205.6,6318,0.85,30.58,195.8,168.3,-0.8,-0.23,303.7,-398.3,0.01,0.01,2510.7
12:26:03,6198.6,6311,0.85,30.58,195.8,167.6,-0.85,-0.03,303.6,-431.8,-0.01,0.01,2511.2
12:26:04,6192.5,6304.9,0.85,30.61,195.7,167.5,-0.8,-0.22,303.7,-418.1,0,0,2511.5
12:26:05,6187.4,6299.8,0.86,30.59,195.7,167.3,-0.66,-0.22,303.6,-398.2,0.01,0.02,2510.7
12:26:06,6180.9,6293.3,0.86,30.59,195.6,167.7,-0.78,-0.1,303.7,-374.9,0,0,2513
12:26:07,6174.6,6287,0.85,30.59,195.6,167.7,-0.82,-0.56,303.5,-389.9,0.02,0.02,2511.5
12:26:08,6168,6280.4,0.85,30.65,195.5,168.2,-0.91,-0.22,303.5,-375.7,0,-0.03,2515.3
12:26:09,6161.1,6273.5,0.86,30.61,195.5,168,-0.9,-0.18,303.4,-398.7,-0.01,0,2513
12:26:10,6153.3,6265.7,0.85,30.58,195.5,167.8,-0.86,0.08,303.5,-431.8,0,0.01,2514.7
12:26:11,6144.4,6256.8,0.86,30.67,195.4,168.3,-0.75,-0.04,303.5,-436.5,0,0.02,2513.5
12:26:12,6137.8,6250.2,0.86,30.63,195.4,168.1,-0.78,0.15,303.7,-406.6,-0.01,0,2513.4
12:26:13,6131.3,6243.7,0.86,30.62,195.3,168.2,-0.77,0.16,303.5,-404.4,0.01,0.02,2512.3
12:26:14,6125.2,6237.6,0.85,30.6,195.2,168.2,-0.83,-0.01,303.6,-369,-0.01,-0.04,2512.2
12:26:15,6118.1,6230.5,0.86,30.63,195.2,167.8,-0.93,-0.01,303.5,-387,0,0.06,2512.3
12:26:16,6111.9,6224.3,0.86,30.6,195.2,167.9,-1.02,-0.14,303.7,-383.3,0,-0.08,2514.5
12:26:17,6105.6,6218,0.86,30.66,195.2,167.9,-1.03,-0.57,303.2,-404.9,-0.01,0,2512
12:26:18,6098.8,6211.2,0.85,30.59,195.2,167.9,-1.09,0.11,303.4,-378.7,0,-0.02,2511.3
12:26:19,6090,6202.4,0.85,30.58,195.3,167.8,-1.3,0.36,303.4,-390,0,-0.02,2513.1
12:26:21,6074.4,6186.8,0.85,30.59,195.5,167.9,-1.46,0.43,303.2,-458.9,0.01,-0.03,2512.4
12:26:22,6065.3,6177.7,0.86,30.63,195.6,168.1,-1.6,0.59,303.2,-476.2,-0.01,0.04,2512.7
12:26:23,6054.7,6167.1,0.86,30.66,195.8,169.1,-1.64,1.15,303.5,-513.4,0.01,0.02,2513.2
12:26:24,6044.3,6156.7,0.86,30.64,195.9,168.7,-1.6,0.69,303.7,-539.4,0.01,0.02,2512.4
12:26:25,6034,6146.4,0.86,30.61,196.1,168.8,-1.74,0.1,303.6,-540.7,0,-0.05,2511.8
12:26:26,6023.4,6135.8,0.86,30.65,196.3,169,-1.74,-0.36,303.7,-555.2,0,0.03,2514.3
12:26:27,6012.7,6125.1,0.86,30.64,196.5,169.5,-1.72,-0.4,303.6,-588.9,0,0,2514.9
12:26:28,6002.7,6115.1,0.85,30.63,196.7,169.8,-1.72,-0.48,303.7,-607.7,0,0.01,2512.1
12:26:29,5993.6,6106,0.85,30.62,196.9,169.9,-1.76,-0.35,303.7,-605.3,0,0,2514
12:26:30,5983.3,6095.7,0.85,30.65,197,170,-1.87,-0.29,303.7,-589.5,-0.02,-0.04,2512.4
12:26:31,5971.7,6084.1,0.86,30.65,197.2,169.9,-1.98,-0.27,303.5,-621,-0.01,0,2513.2
12:26:32,5960,6072.4,0.85,30.62,197.5,170.1,-2.03,-0.31,303.7,-622.7,0.01,0,2512.5
12:26:33,5948.3,6060.7,0.86,30.62,197.7,170.4,-1.99,-0.64,303.7,-643.8,0.01,0.03,2512.5
12:26:34,5935.1,6047.5,0.86,30.65,198,170.5,-2.01,-0.3,303.4,-669.5,-0.02,-0.03,2511.5
12:26:36,5908.5,6020.9,0.86,30.66,198.4,170.6,-1.86,0.3,303.6,-720.6,0,0.02,2513
12:26:38,5886.3,5998.7,0.85,30.65,198.7,170.9,-1.97,0.13,303.3,-707.6,0,0.01,2513.1
12:26:39,5875.2,5987.6,0.85,30.65,198.9,171.2,-2.04,-0.08,303.3,-676.5,0,-0.04,2511.2
12:26:40,5863,5975.4,0.85,30.65,199.1,171.3,-2.07,0.78,303.4,-667.9,-0.03,-0.11,2514.4
12:26:41,5850,5962.4,0.86,30.6,199.2,171.1,-1.79,0.52,303.5,-705.4,0.02,0.03,2513.7
12:26:42,5836.1,5948.5,0.86,30.65,199.3,171.9,-1.55,0.33,303.6,-742.8,0.01,0.05,2514.6
12:26:44,5815,5927.4,0.86,30.62,199.4,172.2,-1.75,-0.4,303.5,-735.8,0,-0.02,2512.4
12:26:45,5804,5916.4,0.86,30.65,199.5,172.5,-1.88,-0.05,303.3,-675,0.02,0.02,2513.5
12:26:46,5791.4,5903.8,0.86,30.68,199.5,172.4,-1.96,0.62,303,-679.7,-0.03,-0.06,2513.8
12:26:47,5778.8,5891.2,0.86,30.62,199.6,172.6,-1.85,0.29,303.2,-675.4,0.02,0.12,2513.1
12:26:48,5766.5,5878.9,0.86,30.63,199.7,172.9,-1.99,0.92,303.7,-665.7,-0.02,-0.02,2511.3
12:26:49,5752.8,5865.2,0.86,30.64,199.8,172.5,-1.96,0.64,304.1,-697.2,0.01,-0.01,2511.7
12:26:51,5730,5842.4,0.86,30.66,199.9,172.6,-1.69,-0.66,303.8,-739.2,0.01,0.03,2513.6
12:26:52,5718.5,5830.9,0.86,30.62,199.9,172.8,-1.81,-0.83,303.6,-729.2,0,0.01,2513.9
12:26:53,5707.7,5820.1,0.86,30.64,200,173.2,-1.87,-0.64,303.5,-695.6,0,-0.01,2512.1
12:26:54,5695.6,5808,0.86,30.65,200,173.7,-1.86,-0.57,303.5,-692.2,0.01,0.02,2511.6
12:26:55,5683.1,5795.5,0.86,30.64,200,173.5,-1.94,-0.25,303.5,-667.4,0,-0.01,2510.4
12:26:57,5661,5773.4,0.86,30.64,200.2,173.4,-2.08,0.34,303.5,-642.7,0,0.01,2512.4
12:26:58,5650.1,5762.5,0.86,30.65,200.3,173.8,-2.16,0.25,303.7,-662.9,-0.01,-0.03,2511.5
12:26:59,5636.3,5748.8,0.86,30.62,200.4,173.7,-2.19,0.05,303.8,-681.1,0,0,2509.2
12:27:00,5624.5,5736.9,0.86,30.58,200.5,173,-2.2,-0.18,303.6,-703.3,0,0,2510.3
12:27:01,5611.8,5724.3,0.86,30.64,200.6,173.3,-2.11,0.01,303.4,-676.9,0.01,0.02,2512.6
12:27:02,5599.4,5711.9,0.86,30.63,200.8,173.3,-2.13,-0.09,303.2,-689.3,0.01,0.03,2510.1
12:27:03,5587.9,5700.4,0.86,30.6,200.9,173.4,-2.22,-0.46,303.1,-693.9,0.02,-0.07,2510.9
12:27:04,5573.7,5686.2,0.86,30.6,201.1,173.5,-2.09,0.9,302.8,-718.8,-0.01,0.04,2510.6
12:27:06,5553.8,5666.2,0.86,30.66,201.2,174,-2.12,1.66,303.2,-694.2,-0.01,0,2510.5
12:27:07,5541.6,5654.1,0.86,30.65,201.3,174.3,-2.07,1.31,303.2,-677.4,-0.01,-0.03,2513
12:27:08,5529.1,5641.6,0.86,30.66,201.3,174.4,-2.01,1,303.4,-706.5,0,0.05,2510.8
12:27:09,5517.4,5629.9,0.86,30.65,201.3,174.2,-1.94,1.05,303.5,-705.9,0,0.01,2511.4
12:27:10,5505.4,5617.9,0.86,30.65,201.3,174.5,-1.79,0.42,303.7,-726.6,0.01,0,2511.8
12:27:11,5491.3,5603.8,0.86,30.66,201.3,175.4,-1.85,-0.09,303.4,-720.4,-0.02,-0.03,2514.7
12:27:12,5479.2,5591.7,0.86,30.73,201.2,175.5,-1.88,0.22,303.6,-698.7,0.02,-0.09,2509.4
12:27:13,5466,5578.5,0.86,30.7,201.1,175.3,-1.61,0.04,303.5,-705.6,0,0.04,2512.1
12:27:14,5453.3,5565.8,0.87,30.65,201,175.8,-1.37,-0.08,303.6,-722.1,0,0.14,2511
12:27:15,5442.3,5554.8,0.86,30.63,200.9,174.4,-1.63,-0.26,302.9,-714.9,-0.01,0.04,2510.3
12:27:16,5431.8,5544.3,0.86,30.67,200.9,174.6,-2.04,0.59,302.8,-676.3,0,-0.02,2512.7
12:27:17,5423.5,5536,0.86,30.65,200.8,175.8,-2.13,1.37,303.3,-648.5,0,-0.08,2512.5
12:27:18,5409.4,5521.9,0.86,30.68,200.8,174.9,-1.94,0.85,303.1,-636.2,0,0.03,2513.4
12:27:20,5388.1,5500.6,0.86,30.7,200.8,175.3,-2.1,0.54,303.6,-646.3,0.03,0.08,2512.6
12:27:21,5377.2,5489.7,0.86,30.65,200.8,175,-2.19,0.4,303.2,-654.2,0,-0.11,2513.4
12:27:22,5365.1,5477.6,0.86,30.66,200.8,176.9,-1.96,0.21,302.8,-719.3,0.02,0.02,2513.7
12:27:23,5353.5,5466,0.86,30.7,200.8,177.1,-2.19,0.56,303.1,-691.6,-0.03,-0.06,2516.6
12:27:24,5342.5,5455,0.86,30.64,200.7,177.7,-2.23,1.4,303.7,-592.6,0.03,0.04,2515.1
12:27:25,5330.2,5442.7,0.86,30.68,200.6,177.8,-2.23,1.12,303.1,-673.4,0,-0.01,2512.8
12:27:26,5318.6,5431.1,0.87,30.63,200.6,177.2,-2.19,0.67,303.3,-698.9,0.02,0.03,2513.5
12:27:27,5306.4,5418.9,0.86,30.66,200.6,177,-2.22,0.55,302.8,-698.9,0,0.03,2513.8
12:27:28,5293.5,5406.2,0.86,30.66,200.6,178,-2.34,1.29,303.2,-660.4,0.01,0,2513.6
12:27:30,5272.7,5385.2,0.86,30.66,200.5,177.4,-2.32,0.85,303.3,-643.7,0.01,-0.05,2510.7
12:27:31,5259.6,5372.1,0.86,30.61,200.5,176.4,-2.08,0.57,303.5,-660.7,0,0.09,2511.2
12:27:32,5247.2,5359.7,0.86,30.65,200.5,176,-2.27,0.55,303.5,-701.8,-0.04,-0.17,2512.3
12:27:33,5233.7,5346.2,0.86,30.67,200.5,176.9,-2.1,0.77,303.7,-700.6,0,0.08,2514.9
12:27:35,5208.7,5321.2,0.87,30.68,200.5,177.1,-2.09,-0.57,303.4,-763.9,0.01,0.01,2509.7
12:27:36,5196.9,5309.4,0.87,30.67,200.4,176.8,-1.9,-0.81,303.3,-717.1,-0.04,-0.02,2512.4
12:27:37,5184.1,5296.6,0.87,30.67,200.3,177,-1.82,-0.33,303.1,-693.5,0.02,0.07,2512
12:27:38,5171.3,5283.8,0.87,30.66,200.2,176,-1.83,-0.23,303.2,-699.8,0.01,0.06,2512.7
12:27:39,5160.1,5272.6,0.87,30.66,200.1,177.7,-1.87,0.59,303.5,-696.4,0.06,0.04,2510.5
12:27:40,5146.9,5259.4,0.86,30.67,199.9,178.6,-1.9,1.48,303.6,-705.2,0.01,0.04,2510.7
12:27:41,5136.2,5248.7,0.87,30.7,199.9,177.9,-2,0.67,303.7,-726.2,0.03,0,2511.3
12:27:43,5114.5,5227,0.86,30.69,199.6,178.8,-2.12,0,303.1,-671.3,0,-0.02,2514.1
12:27:44,5103.5,5216,0.86,30.67,199.4,178.3,-2.23,0.37,303.4,-651.4,0.01,0.06,2512.1
12:27:45,5091.3,5203.8,0.86,30.69,199.4,178.9,-2.24,0.57,303.3,-677.9,0,-0.04,2509.6
12:27:46,5078.1,5190.6,0.87,30.7,199.2,178.2,-2.02,0.51,303.4,-702.6,0.01,0.01,2512
12:27:48,5053.7,5166.2,0.86,30.7,199,179.3,-1.89,0.09,303.4,-715.1,0,0.04,2510.4
12:27:49,5042.7,5155.2,0.86,30.71,198.8,179.1,-2,-0.04,303.7,-707.4,0,-0.01,2511.5
12:27:50,5030.6,5143,0.87,30.7,198.6,178.6,-2.11,-0.15,303.8,-682.4,0,-0.04,2509.6
12:27:51,5018.3,5130.8,0.87,30.71,198.4,178.8,-2.1,-0.04,303.8,-671.1,-0.01,-0.09,2510.5
12:27:52,5003.9,5116.4,0.86,30.72,198.2,179.1,-1.96,-0.33,303.7,-699.8,0,-0.01,2513.4
12:27:54,4982.4,5094.8,0.86,30.7,197.9,178.8,-2,-0.59,303.2,-704.4,-0.01,-0.05,2510.7
12:27:55,4970.8,5083.3,0.86,30.71,197.8,178.7,-2.02,-0.02,303.1,-701.9,-0.01,0,2510.7
12:27:56,4958.2,5070.7,0.87,30.72,197.6,178.4,-2.01,0.94,303.3,-712.1,0.01,0,2510.8
12:27:57,4945.5,5058,0.86,30.68,197.5,177.8,-1.98,0.66,303.4,-709.3,0,0,2509.9
12:27:58,4934.1,5046.6,0.87,30.69,197.4,177.4,-1.94,0.21,303.7,-687,0.01,0.04,2512.1
12:27:59,4919.9,5032.5,0.86,30.68,197.2,177,-1.98,-0.08,303.6,-690.9,0,-0.01,2510.9
12:28:01,4896,5008.6,0.86,30.68,197.1,177.1,-1.78,-0.2,303.5,-711.8,-0.01,-0.01,2509.9
12:28:02,4884.3,4996.9,0.86,30.7,196.9,177.3,-1.76,0.1,303.5,-694.8,0,-0.02,2512
12:28:03,4871.5,4984,0.87,30.69,196.7,177.2,-1.75,0.21,303.5,-724.6,-0.01,-0.02,2510.3
12:28:04,4858.6,4971.1,0.86,30.7,196.6,177.3,-1.75,0.11,303.7,-711,0,0.01,2511.3
12:28:05,4847.4,4959.9,0.86,30.74,196.4,177.6,-1.79,-0.12,303.8,-713,0,0.01,2512.2
12:28:06,4834.8,4947.3,0.86,30.7,196.3,177.2,-1.82,-0.35,303.8,-713.9,0,0.01,2512.3
12:28:07,4823.1,4935.6,0.86,30.7,196.1,177,-1.88,-0.38,303.8,-714.2,-0.01,0,2510.6
12:28:08,4811.3,4923.8,0.86,30.7,196,176.7,-1.91,-0.57,303.7,-712.9,0.01,0,2511.7
12:28:09,4799.7,4912.2,0.87,30.72,196,176.8,-1.9,-0.48,303.6,-697.1,0,0.01,2512.4
12:28:10,4789.4,4902,0.87,30.73,195.9,177.3,-2.02,-0.27,303.6,-686.6,0,-0.02,2510.3
12:28:11,4776.9,4889.4,0.87,30.72,195.8,177.1,-2.08,-0.33,303.5,-684.1,0,0,2511
12:28:12,4765.4,4877.9,0.87,30.7,195.7,177,-2.05,-0.05,303.6,-662.9,-0.01,0,2511.6
12:28:13,4753.6,4866.1,0.87,30.73,195.7,177,-2.15,0,303.5,-648.7,-0.01,0.01,2512.5
12:28:14,4741.8,4854.4,0.87,30.73,195.7,176.8,-2.29,-0.14,303.5,-661,0.01,-0.04,2513
12:28:15,4730.2,4842.8,0.87,30.71,195.7,176.7,-2.27,-0.16,303.2,-694,0.01,0.03,2510.5
12:28:16,4717.4,4830,0.86,30.7,195.8,176.7,-2.22,0.48,303.1,-719.7,0,0.02,2509.3
12:28:17,4706.3,4818.8,0.86,30.72,195.8,176.7,-2.19,0.67,303.4,-674.8,-0.01,-0.03,2513.3
12:28:18,4691.4,4803.9,0.87,30.73,195.8,177,-2.11,0.75,303.5,-675.1,0,-0.1,2510.7
12:28:20,4668.2,4780.7,0.87,30.73,195.6,178,-1.8,0.66,302.8,-706.3,-0.01,-0.01,2510.8
12:28:21,4656.2,4768.7,0.87,30.73,195.4,178.5,-1.69,1.01,303.4,-708,-0.03,-0.02,2508.1
12:28:22,4644.5,4757.1,0.87,30.73,195.2,178.7,-1.59,0.46,303.6,-724.8,0,0.02,2510.2
12:28:23,4631.9,4744.4,0.87,30.73,195,177.1,-1.78,-0.1,303.6,-739.3,-0.02,0,2511.5
12:28:24,4621.6,4734.2,0.87,30.7,194.8,178.6,-1.86,0.22,303.8,-695.3,-0.01,-0.05,2510.4
12:28:25,4610.3,4722.8,0.86,30.76,194.7,177.3,-1.99,-0.59,303.8,-699,0.02,-0.02,2508.3
12:28:26,4599.8,4712.4,0.86,30.74,194.6,176.8,-2.1,-0.05,303.5,-686.1,-0.01,-0.01,2509.6
12:28:27,4587.7,4700.3,0.86,30.71,194.6,177.5,-2.04,-0.24,303.3,-669.9,0.01,0,2510.2
12:28:28,4575.6,4688.1,0.87,30.71,194.5,177.4,-1.91,0.53,303.5,-681.6,-0.01,-0.04,2510.9
12:28:29,4563.4,4676,0.87,30.76,194.4,177.5,-1.74,0.19,303.9,-694.1,-0.01,0.03,2509
12:28:30,4551.8,4664.3,0.87,30.75,194.3,176.7,-1.76,-0.21,304,-672.2,0.01,0.04,2510.6
12:28:31,4539.1,4651.7,0.86,30.74,194.2,176.4,-1.8,-0.94,303.9,-686.6,0,0.02,2510.9
12:28:32,4527.5,4640,0.86,30.73,194.1,176.7,-1.91,-0.96,303.6,-689.4,-0.02,-0.03,2512.2
12:28:33,4515.3,4627.8,0.87,30.75,194,176.7,-1.91,-0.66,303.4,-688.7,0,-0.03,2510.6
12:28:34,4502.6,4615.3,0.87,30.77,193.8,178.7,-1.7,-0.02,303.6,-717,0.01,0.14,2509
12:28:35,4491.9,4604.5,0.87,30.79,193.7,177.7,-1.93,-0.01,303.5,-726.2,0,0,2510.8
12:28:36,4481,4593.6,0.87,30.77,193.6,178.2,-1.99,-0.08,303.6,-704.7,0.02,0.03,2512.7
12:28:37,4469.5,4582.2,0.87,30.79,193.4,177.8,-1.9,-0.27,303.6,-674.2,0.01,-0.01,2512
12:28:38,4455.9,4568.4,0.86,30.76,193.3,178,-1.98,-0.14,303.6,-676.1,0.01,0.05,2510.1
12:28:40,4434.6,4547.1,0.87,30.73,193.1,178.3,-2.18,-0.09,303.8,-635.3,-0.02,-0.02,2511.5
12:28:42,4412.2,4524.7,0.87,30.74,193,178.3,-2.29,0,303.7,-660.9,0.01,-0.01,2510.9
12:28:43,4399.6,4512.2,0.87,30.74,193,178.2,-2.08,-0.74,303.7,-669.3,0.01,0,2510.8
12:28:44,4386.8,4499.3,0.87,30.76,192.9,178.6,-1.97,-0.9,303.5,-706.7,0,0.04,2511.4
12:28:46,4364.3,4476.8,0.87,30.73,192.8,177.5,-2.21,-0.15,303.3,-701.9,0.01,-0.02,2510.4
12:28:47,4352.5,4465.1,0.87,30.74,192.7,177.4,-2.18,0.32,303.2,-679,0,0.02,2510
12:28:48,4338.5,4451.1,0.87,30.74,192.8,177,-2.29,0.47,303.2,-663.9,0.01,0,2508.8
12:28:50,4316.2,4428.7,0.87,30.73,192.9,176.8,-2.3,0.83,303.5,-690.4,0,-0.01,2510.6
12:28:51,4304.5,4417.2,0.87,30.73,193,177.3,-2.24,0.45,303.4,-676.9,-0.01,0,2512.4
12:28:52,4292.1,4404.7,0.87,30.78,193,177.4,-2.32,0.26,303.5,-695.6,0,-0.03,2508.4
12:28:54,4267.5,4380.3,0.87,30.72,193,177.6,-2.04,0.4,303.6,-709.8,0,0.02,2507.7
12:28:55,4256.4,4369.1,0.87,30.74,193,178,-2.09,0.19,303.6,-688.4,0.01,0,2513.2
12:28:56,4243.9,4356.5,0.87,30.74,193,177.6,-2.15,-0.35,303.4,-699.8,0,-0.04,2509.6
12:28:57,4231.8,4344.6,0.87,30.72,192.9,177.8,-2.02,-0.13,303.4,-680.9,0.01,0,2510.8
12:28:58,4218.5,4331,0.87,30.76,192.8,178.4,-1.89,0.32,303.4,-701.8,0.01,0.06,2508.4
12:28:59,4207.2,4319.7,0.87,30.75,192.8,178.5,-2.08,0.18,303.5,-715.8,0,-0.01,2508.8
12:29:01,4185,4297.8,0.87,30.76,192.7,177.2,-2.25,0.42,303.5,-709.5,0,0.02,2512.6
12:29:02,4173.1,4285.6,0.87,30.73,192.8,176.9,-2.26,0.02,303.4,-705.1,0.01,-0.03,2510.2
12:29:03,4161.8,4274.3,0.87,30.75,192.9,176.9,-2.26,-0.09,303.5,-688.9,0,-0.02,2510.1
12:29:04,4148.4,4260.9,0.87,30.77,192.9,177.1,-2.05,0.79,303.7,-704,-0.02,-0.02,2510.4
12:29:06,4123,4235.5,0.87,30.79,192.9,177.1,-1.86,-0.2,303.6,-687.9,0,0.01,2511.2
12:29:07,4112.4,4225.1,0.87,30.83,192.9,177.9,-2.22,-0.08,303.6,-683.6,-0.04,-0.13,2510.1
12:29:08,4097.7,4210.2,0.87,30.81,192.8,178.1,-2.1,0.09,303.6,-667.6,-0.01,0.05,2508.4
12:29:10,4074.9,4187.4,0.87,30.79,192.9,176.6,-1.13,-1.7,303.5,-725.6,0.02,0.24,2509.9
12:29:11,4069.1,4181.8,0.87,30.82,192.8,176.8,-0.25,8.35,303.2,-732.3,-0.03,0.04,2511.3
12:29:12,4065.7,4178.3,0.87,30.81,192.4,176.9,0.04,7.79,304.9,-600.4,0.03,0.14,2509
12:29:13,4065.7,4178.2,0.87,30.77,191.8,175,0.32,9.38,305,-502,-0.03,0.02,2507.4
12:29:14,4067.3,4179.8,0.87,30.73,191.3,175.3,0.48,8.15,306.3,-255.2,0.01,0.06,2511.2
12:29:15,4068.7,4181.3,0.87,30.81,190.5,176.3,0.44,7.33,307.4,-116.3,-0.02,-0.08,2507.8
12:29:16,4070.3,4182.9,0.87,30.76,189.8,175,0.31,5.92,307.9,13.6,-0.01,-0.04,2509.7
12:29:18,4066.3,4178.9,0.87,30.71,188.7,172.6,-0.16,2.76,308.9,48.8,0.02,-0.09,2510.2
12:29:19,4063.1,4175.7,0.87,30.72,188.2,172.9,-0.22,-1.01,309,-4,0,0.04,2510.3
12:29:20,4059,4171.6,0.87,30.68,187.7,173.1,-0.18,0.57,309.3,-74.8,0,0.01,2511
12:29:21,4054.8,4167.3,0.87,30.71,187.3,172.5,-0.23,0.73,309.2,-139.5,-0.02,-0.04,2509.5
12:29:22,4050.6,4163.2,0.87,30.76,186.9,172.8,-0.21,0.48,309.4,-181.4,0,-0.05,2507.7
12:29:23,4046.7,4159.4,0.87,30.69,186.6,169.6,-0.22,-0.24,309,-205.4,-0.03,0.03,2509.7
12:29:24,4043.5,4156.1,0.87,30.73,186.4,170.1,-0.31,0.69,310.1,-212.1,0.01,0.01,2507
12:29:25,4040.6,4153.1,0.87,30.66,186.2,167.6,-0.55,3.72,309.6,-215.6,0,-0.06,2508.8
12:29:27,4031.7,4144.2,0.87,30.71,185.9,168.1,-0.1,2.83,309.7,-232.2,-0.02,0.01,2511.1
12:29:28,4027,4139.6,0.87,30.71,185.7,169.5,0.03,2.5,310.6,-255.7,0,0.01,2510.4
12:29:29,4022.9,4135.4,0.87,30.72,185.4,168.4,0.31,1.64,310.3,-250.6,-0.02,0.03,2510.1
12:29:30,4020.4,4133,0.87,30.71,185.1,168.7,0.69,0.43,310.7,-235.3,-0.01,0.05,2511
12:29:31,4020,4132.5,0.87,30.69,184.7,168.4,0.76,1.34,310.7,-211.8,0.03,0.11,2511.7
12:29:32,4021.8,4134.3,0.87,30.7,184.2,168.7,0.41,2.1,310.6,-129.7,0.02,-0.04,2510
12:29:33,4023.6,4136.1,0.87,30.67,183.8,168.6,0.51,0.71,311.1,-20.6,0,-0.08,2509.7
12:29:34,4024.9,4137.4,0.86,30.6,183.3,168.1,0.54,-1.45,310.7,14.9,0.01,0.07,2509.4
12:29:35,4026.2,4138.8,0.86,30.55,182.9,166.9,0.18,4.46,311.2,86.1,-0.03,0.06,2510.1
12:29:36,4025.6,4138.1,0.86,30.53,182.6,166.6,-0.37,1.26,312.1,94.3,0,-0.12,2509.5
12:29:38,4017.3,4130,0.85,30.56,182.4,165.9,-0.29,1.43,312,-55.5,0,0.04,2509.7
12:29:39,4013.7,4126.3,0.85,30.57,182.3,166.1,0.44,1.96,312.4,-132.6,0.01,0.1,2509.1
12:29:40,4011.1,4123.7,0.86,30.54,182.2,165.5,-0.86,0.43,312.5,-178.2,0.01,-0.11,2510.8
12:29:41,4004,4116.5,0.86,30.6,182.1,166,-1.23,0.23,312.3,-209.3,0,-0.15,2510
12:29:42,3994.1,4106.7,0.86,30.56,182.1,166.6,-1.25,1.19,311.7,-282.4,0,-0.06,2510.4
12:29:43,3983.4,4095.9,0.86,30.63,182.3,167.1,-1.2,2.13,312.1,-368.9,0,0.02,2512.1
12:29:44,3973.8,4086.6,0.86,30.59,182.5,167,-1.67,2.44,312.3,-456.4,0,-0.06,2511.3
12:29:45,3962.7,4075.5,0.86,30.61,182.8,167.1,-1.9,1.25,312.5,-541.3,0,-0.08,2512.1
12:29:46,3951.6,4064.4,0.86,30.67,183,168.8,-1.08,1.82,312.7,-630,0.01,0.17,2513.6
12:29:47,3944.3,4056.9,0.86,30.64,183.3,168.6,-1.41,2.52,313.3,-612.4,0.03,0.07,2513.2
12:29:48,3935.3,4048,0.86,30.66,183.4,167.9,-1.57,0.34,313.5,-607.2,0,0,2510.7
12:29:49,3925.6,4038.4,0.86,30.78,183.6,167.3,-1.68,-1.65,313.4,-578,0,-0.02,2516
12:29:50,3916.2,4028.8,0.92,30.79,184,169,-1.78,-1.61,313,-529.8,-0.02,-0.07,2510
12:29:51,3905.7,4018.5,0.86,27.57,184.3,168.2,-1.98,-0.88,312.8,-563.4,0.02,0,2506.9
12:29:52,3893.9,4006.4,0.73,24.44,184.3,168.2,-2.37,1.78,313,-603.7,0,-0.08,2508.1
12:29:53,3879.3,3992.1,0.62,22.5,184.2,169.1,-2.54,1.89,313.8,-645.8,0.04,0,2507
12:29:54,3865.5,3978.3,0.59,21.82,184,168.2,-1.65,1.34,313.7,-743.6,0.01,0.05,2508
12:29:55,3854.7,3967.3,0.58,21.65,183.8,167.4,-1.4,-0.13,314,-739.8,0.02,0.01,2507.3
12:29:56,3844.7,3957.2,0.58,21.62,183.3,167.3,-1.23,-0.65,314,-705.7,0.01,-0.02,2507.1
12:29:57,3835.2,3947.9,0.58,21.6,182.9,166.2,-1.26,0.44,314,-637.2,0.04,0.02,2505.3
12:29:58,3826.6,3939.3,0.58,21.57,182.4,166.1,-1.14,1.49,313.4,-606.5,0.01,0.01,2507.2
12:29:59,3818.6,3931.3,0.58,21.55,181.9,166.3,-1.33,3.38,314.5,-540.7,0.01,-0.06,2507.1
12:30:00,3808.4,3921.1,0.58,21.52,181.5,164.5,-1.32,1.27,314.6,-551.4,0,0.1,2506.8
12:30:01,3798.4,3911.1,0.58,21.55,181.2,163.3,-1.16,1.81,315.6,-576.2,0.03,0.12,2510.2
12:30:02,3789.1,3901.8,0.58,21.54,180.8,164.1,-1.26,-3.13,314.8,-625.8,0,0.07,2509.5
12:30:03,3780.6,3893.1,0.59,21.56,180.5,163.9,-1.4,-2.74,314.2,-589.7,0.01,-0.04,2506.8
12:30:04,3771,3883.7,0.59,21.6,180.2,163.6,-1.57,0.97,314.1,-524.1,0,0.06,2506.3
12:30:05,3759.6,3872.3,0.59,21.56,180,163.3,-1.9,-2.09,314.8,-488.1,0.03,-0.06,2508.5
12:30:06,3748.5,3861.1,0.59,21.56,179.7,163.5,-0.64,-6.84,314.6,-559.2,0.03,0.19,2509.4
12:30:07,3742.2,3854.7,0.59,21.55,179.4,162.4,0.12,-11.49,313.2,-673.9,0.02,0.14,2506.4
12:30:08,3740.2,3852.7,0.59,21.56,178.8,162,0.77,-15.24,311.7,-566.2,0.01,0.11,2506.8
12:30:09,3739.7,3852.1,0.59,21.52,177.9,161.8,1.3,-16.67,309.4,-392.4,0.04,0.33,2507.6
12:30:10,3742,3854.5,0.59,21.54,177,160.2,1.54,-16.7,308.5,-165.8,0.04,0.12,2503.5
12:30:11,3746.4,3858.8,0.59,21.48,175.9,159.1,1.44,-11.73,306.5,-69.3,0.01,-0.01,2509
12:30:12,3749.3,3861.7,0.59,21.48,174.9,158.2,0.9,-4,305,122.6,-0.01,-0.08,2509.5
12:30:13,3748.2,3860.7,0.59,21.49,174,157.9,0.29,3.67,305.1,200.7,0.01,-0.04,2506.3
12:30:15,3736.8,3849.3,0.59,21.46,172.9,157.6,0.53,3.41,305.3,-65.1,0.01,0.17,2508.9
12:30:16,3732.5,3845,0.59,21.49,172.5,157.3,-0.31,4.7,306.3,-186.6,0.02,-0.12,2504.7
12:30:17,3724.5,3837.1,0.59,21.47,172.1,156.5,-0.82,5.09,306.8,-243.5,0.01,-0.08,2509
12:30:18,3713.9,3826.4,0.59,21.36,171.9,157.2,-1.92,1.97,307.2,-305.7,0,-0.16,2509.3
12:30:19,3698.7,3811.4,0.57,20.76,171.8,157.1,-2.2,1.38,307.4,-430.8,0.01,-0.04,2506.9
12:30:20,3682.3,3794.8,0.56,20.48,172,156.9,-2.66,1.79,307.6,-596.5,0,-0.04,2508.3
12:30:21,3664.8,3777.7,0.55,20.33,172.2,157.5,-2.8,2.7,308.3,-775.7,-0.01,-0.07,2506.8
12:30:22,3647.7,3760.5,0.55,20.2,172.5,157.7,-2.66,0.57,308.7,-912.1,0.01,0.02,2510
12:30:23,3631,3743.8,0.55,20.25,172.9,156.9,-2.86,0.7,309,-949.5,0,-0.09,2506.7
12:30:24,3613.7,3726.5,0.54,20.26,173.2,157.2,-2.36,0.37,309.4,-973.9,0.03,0.1,2509.2
12:30:25,3599.6,3712.1,0.54,20.27,173.5,157.5,-1.22,-2.04,309.4,-1063.3,0.01,0.16,2507
12:30:26,3589.4,3702.1,0.55,20.26,173.5,157.4,0.19,-2.3,309.5,-997.1,0.04,0.25,2509.1
12:30:27,3584.9,3697.4,0.55,20.26,173.1,157.3,0.49,-0.03,309.2,-805,0,0.03,2508.4
12:30:29,3582.4,3695,0.55,20.25,171.7,155.7,0.8,-5.15,308.8,-394.7,0.01,0,2507.3
12:30:30,3580.9,3693.4,0.55,20.21,171,154.6,0.63,-5.21,308.8,-195.7,0.02,-0.07,2507.5
12:30:31,3579.5,3692,0.55,20.25,170.3,153.4,0.3,-2.29,307,-155.3,0,-0.06,2504.9
12:30:32,3576.2,3688.8,0.54,20.21,169.8,154.2,-0.03,-2.47,307.1,-80.5,0.02,0.01,2507
12:30:33,3571.5,3684.1,0.55,20.18,169.3,153.5,-0.49,-0.48,306.7,-128.4,0,-0.04,2509.7
12:30:34,3567,3679.6,0.55,20.23,169,153.5,0.11,-1.88,306.5,-169.2,0,0.11,2506
12:30:35,3563.9,3676.4,0.55,20.27,168.7,153.5,0.29,-1.76,306.8,-222.1,0.01,0,2508.2
12:30:36,3562,3674.5,0.55,20.53,168.3,153.5,-0.02,-1.05,306.3,-225.5,-0.01,-0.09,2508.4
12:30:37,3559.5,3672,0.57,20.9,167.9,152.9,-0.31,-0.98,306.8,-148.4,0.03,-0.09,2508.1
12:30:38,3554.4,3666.9,0.58,21.59,167.6,152.9,0.05,-0.36,307,-140.9,0.01,0.02,2511.7
12:30:39,3549.4,3662,0.61,22.24,167.5,152.4,0.04,0.58,306.7,-205.4,0,0.01,2511
12:30:40,3544.3,3656.9,0.64,23.35,167.3,153,0.24,-0.88,306.8,-217.5,0.01,0.07,2508.7
12:30:41,3540.8,3653.3,0.67,23.72,167.2,153.5,0.79,-4.03,306.6,-257.8,0.02,0.03,2511.2
12:30:42,3538.1,3650.7,0.68,23.85,167,152.9,-0.11,-3.15,305.8,-296.2,-0.01,-0.2,2509.3
12:30:43,3531,3643.6,0.68,23.88,166.8,153,-0.49,-2.2,305.9,-169.9,0.02,-0.01,2509.2
12:30:44,3522.1,3634.6,0.68,23.86,166.9,152.5,0.14,-1.12,305.6,-235.4,0,0.06,2510.9
12:30:45,3515.9,3628.4,0.68,23.85,166.9,153.8,0.45,-0.2,305.4,-309.5,0,0.04,2509.1
12:30:46,3511.5,3624.1,0.68,23.91,166.7,152.9,0.56,-1,305.4,-351.2,0,0.07,2507.7
12:30:47,3507.5,3619.9,0.68,23.94,166.7,152.9,0.47,-0.24,304.8,-365.8,-0.01,0.01,2505.9
12:30:48,3504,3616.5,0.67,23.89,166.5,152.3,0.59,-0.07,304.5,-302.2,0.01,0.09,2511
12:30:49,3501,3613.6,0.68,23.88,166.3,152.4,0.54,-0.21,305,-246.1,0.01,0.01,2509.6
12:30:50,3497.9,3610.4,0.68,23.92,166.1,152.9,0.65,-1.79,305.3,-269.4,0.01,0,2508.4
12:30:51,3495.4,3608,0.68,23.9,166,152.7,0.59,-2.1,305.3,-238.4,0.01,0.01,2509
12:30:52,3493,3605.6,0.68,23.92,165.8,152.1,0.55,-0.69,304.7,-206.5,-0.01,0,2509.4
12:30:53,3491.6,3604.1,0.67,23.86,165.6,152.2,0.49,-0.33,304.9,-98,0,0.01,2509.5
12:30:54,3489.4,3601.9,0.67,23.86,165.5,151.7,0.59,1.44,305.1,-94.7,0,0,2509.7
12:30:55,3488.5,3601,0.67,23.89,165.4,151.2,0.64,2.35,305,-120.9,-0.01,0.04,2507.4
12:30:56,3488.3,3600.8,0.67,23.87,165.3,151.1,0.59,2,305.6,-62.1,0.01,-0.03,2510.3
12:30:57,3487.8,3600.3,0.68,23.91,165.2,150.9,0.63,1.15,305.7,-79.3,-0.01,-0.02,2509.1
12:30:58,3487.2,3599.7,0.67,23.92,165.1,150.4,0.51,0.68,305.9,-43.9,0,0.03,2508.3
12:30:59,3484.7,3597.1,0.67,23.91,165.1,151,0.38,0.76,306.3,-52,0,-0.03,2510.8
12:31:00,3482.5,3594.9,0.67,23.88,165,150.4,0.27,1.08,306.3,-83.6,0.01,0,2512
12:31:01,3480.2,3592.6,0.67,23.87,165,151.3,0.29,1.34,306.2,-105.5,0,-0.02,2514.1
12:31:02,3477.2,3589.7,0.67,23.91,165,151.1,0.63,1.58,306.6,-119.8,-0.02,0.07,2510.2
12:31:03,3475.8,3588.2,0.67,23.92,165,150.3,0.68,0.97,307.2,-121,0,0.06,2510.3
12:31:04,3475.4,3587.8,0.67,23.87,164.9,150.5,0.83,0.42,306.9,-162.4,0,0.01,2510.7
12:31:05,3476.4,3588.9,0.67,23.9,164.7,151.1,1.08,0.57,306.7,-99,0,0.05,2510
12:31:06,3478.2,3590.6,0.67,23.92,164.5,150.4,1.27,0.58,306.7,-33.9,-0.01,0.02,2510.3
12:31:07,3481,3593.4,0.67,23.91,164.2,150.9,1.46,0.33,307.3,40.2,-0.01,0.04,2511.7
12:31:08,3485.2,3597.6,0.67,23.9,163.9,150.2,1.72,0.42,307.3,59.1,0,0.01,2509.4
12:31:10,3493.9,3606.3,0.67,23.91,163.2,148.8,1.13,-0.96,307.3,212.7,0,-0.08,2510.2
12:31:11,3493.5,3605.9,0.67,23.85,163,148.5,0.36,-1.38,307.1,240,0.02,-0.1,2512.9
12:31:12,3491.9,3604.3,0.67,23.86,162.9,148.9,0.42,-1.57,306.7,172.9,0.01,-0.01,2509.9
12:31:13,3489.1,3601.5,0.67,23.89,162.9,148.4,-0.15,-1.63,306.7,64.4,0.01,-0.08,2512.4
12:31:15,3479.6,3592.1,0.67,23.9,163.3,148.7,-0.08,-3.15,306.3,-188.1,0.01,0.02,2510.5
12:31:16,3474.8,3587.3,0.67,23.91,163.6,148.7,0.26,-2.61,305.9,-262.9,0.01,0.06,2511.2
12:31:17,3473.1,3585.6,0.67,23.93,163.7,149,0.35,-0.71,305.6,-261.8,0,0.01,2510.8
12:31:18,3470.3,3582.8,0.67,23.91,163.8,149.5,0.29,3.72,305.4,-234.1,-0.01,0,2510.2
12:31:19,3467.9,3580.4,0.67,23.89,163.9,149.3,-0.38,4.6,306.2,-144.8,0,-0.09,2510.8
12:31:20,3463.5,3575.9,0.67,23.9,164.1,149.5,-0.52,4.61,307.5,-152.2,0.01,-0.03,2511.8
12:31:21,3458.3,3570.7,0.67,23.91,164.4,149.3,-0.57,2.46,307.5,-253,0,-0.03,2511.2
12:31:22,3452.7,3565.1,0.67,23.91,164.7,150.2,-0.57,-0.4,307.8,-257,0.01,-0.02,2510.2
12:31:23,3444.7,3557.1,0.67,23.89,165,150.8,-0.48,-2.99,307.6,-321.4,0.02,0.02,2512.9
12:31:24,3438.6,3551.1,0.68,23.93,165.3,151.4,-0.54,-2.07,306.8,-377.5,-0.02,-0.02,2508.5
12:31:25,3432.3,3544.8,0.67,23.97,165.5,152.4,-0.78,-2.69,307.3,-309.6,0.03,-0.02,2509.4
12:31:26,3424,3536.6,0.67,23.96,165.7,152.6,-1.26,-1.45,307.1,-369.7,0.02,-0.04,2509.6
12:31:27,3414.1,3526.7,0.68,23.92,166.1,152.9,-1.54,-0.75,306.9,-393.4,-0.01,0,2513.2
12:31:28,3403.7,3516.3,0.68,23.94,166.6,153.1,-1.93,-4.39,307.5,-433.3,0.03,-0.03,2513.1
12:31:29,3392.5,3505,0.68,23.95,167.2,151.8,-2.35,-4.04,306.8,-539.5,-0.01,-0.07,2510.7
12:31:30,3378.1,3490.5,0.68,23.72,167.9,152.8,-2.29,-1.97,306.2,-618,-0.01,-0.09,2507.9
12:31:31,3363,3475.7,0.64,22.42,168.5,152.8,-3.03,-1.85,306.2,-683.9,0,-0.11,2503.2
12:31:32,3345,3457.4,0.61,22,169.2,152.8,-3.64,-1.36,306.4,-755.3,0,-0.07,2509.5
12:31:33,3324.4,3437.2,0.6,21.9,169.9,153.4,-3.49,-1.52,306.7,-901.5,0,-0.05,2508.7
12:31:34,3302.5,3415.3,0.6,21.87,170.7,154.9,-3.52,-1.4,307.1,-1064.7,0.03,0.01,2510.8
12:31:35,3279.9,3392.7,0.6,21.9,171.6,155.6,-3.92,-2.9,306.3,-1188.2,-0.01,-0.09,2508.1
12:31:36,3257.4,3370.2,0.6,21.96,172.4,156.9,-3.58,-2.57,307.2,-1199.1,0.03,0.05,2507.9
12:31:37,3234.1,3347,0.6,21.95,173.3,155.4,-3.66,-2.83,305.8,-1369.2,-0.01,0.18,2509
12:31:38,3212.2,3324.9,0.6,21.96,174.2,158.6,-3.48,-2.35,306.3,-1309.4,0.03,0.01,2513.4
12:31:39,3190.4,3303.3,0.61,21.97,174.9,159.6,-3.3,-2.68,306,-1374.2,0.02,0.05,2510.2
12:31:40,3170.7,3283.5,0.61,22.01,175.6,159.9,-2.9,-3.93,305.6,-1358.3,-0.01,0.06,2511.8
12:31:41,3153.2,3266,0.61,22.05,176.2,159.8,-2.82,-6.71,305.8,-1289.2,0.03,-0.01,2506.3
12:31:42,3135.7,3248.4,0.61,21.97,176.7,160.3,-2.83,-6.53,304.3,-1234.1,0.04,-0.02,2510.9
12:31:43,3118.3,3230.7,0.58,20.68,176.9,162.5,-2.52,-7.22,303.6,-1091,0,0.13,2507.4
12:31:44,3101.3,3214,0.55,20.24,177.1,161.6,-2.37,-7.34,303,-1046.2,0.04,0.03,2507.9
12:31:45,3086.6,3199.3,0.54,20.14,177.1,162.2,-1.92,-7.55,302.3,-1019.6,-0.01,0.05,2509.1
12:31:46,3075.6,3188,0.54,20.04,177.2,161.1,-1.27,-7.87,302.8,-926.4,0.06,0.1,2505.6
12:31:47,3065,3177.4,0.49,18.48,176.9,159.1,-1.35,-7.27,301.4,-883.7,0.04,-0.06,2506.4
12:31:49,3048.6,3161.1,0.47,18.01,176.2,159.7,-2.38,-6.49,301.3,-588.4,0.06,-0.08,2507.5
12:31:51,3024.6,3137,0.47,18,175.5,158.1,-2.18,-6.13,299,-591.8,0,0.06,2506.1
12:31:52,3011.4,3123.8,0.47,17.72,175.3,159.3,-2.52,-8.54,300.2,-622.7,0.08,0.08,2507.9
12:31:53,2997.4,3109.8,0.45,17.54,175.2,160.9,-2.68,-7.87,299.5,-750.5,0.04,-0.05,2506.8
12:31:54,2981.5,3094.2,0.45,17.52,175,160.5,-1.99,-7.79,298.3,-831.2,0.01,0.14,2503.3
12:31:55,2968.9,3081.3,0.45,17.54,174.9,159.2,-1.87,-4.44,297.4,-846.1,0.04,0.13,2503.6
12:31:56,2955.7,3068.2,0.45,17.5,174.8,156.4,-2.31,-3.66,296.6,-806.8,0.05,-0.21,2507.1
12:31:57,2941.1,3053.5,0.44,16.81,174.5,158.8,-2.04,-6.49,296.5,-770.7,0.02,0.03,2502.6
12:31:58,2924.3,3036.8,0.42,16.49,174.1,157.8,-1.9,-12.44,295.9,-786.9,0.06,0.09,2502.1
12:31:59,2908.2,3020.6,0.41,16.44,173.9,156.5,-1.42,-6.62,294.9,-865.3,0.04,0.21,2508.9
12:32:00,2896.6,3008.9,0.42,16.41,173.6,157,-0.6,-6.32,294.3,-911.4,0.04,0.13,2507.9
12:32:01,2886.8,2999.2,0.42,16.42,173,158.2,0.21,-6.31,295.3,-822.8,-0.02,0.1,2500.9
12:32:02,2880.1,2992.5,0.42,16.39,172.3,154.5,-0.31,-9.42,294,-781.9,0.05,-0.07,2507.6
12:32:03,2873.2,2985.5,0.42,16.4,171.6,155.1,-0.1,-8.66,292.4,-645.7,0.01,0.12,2508.8
12:32:05,2865.6,2977.9,0.42,16.4,170.2,155.3,-0.63,-3.11,291.3,-343.9,0.08,-0.02,2508.9
12:32:06,2860.5,2972.8,0.42,16.39,169.6,153.1,-0.25,-2.43,290.4,-283.6,0.04,-0.22,2504.9
12:32:07,2851.6,2963.9,0.42,16.44,168.7,149.8,0.74,-2.83,289.9,-258.3,0.04,0.01,2502.6
12:32:08,2844.4,2956.7,0.41,16.36,168,150.1,-0.99,-2.3,290.4,-318.5,0.03,-0.15,2511.3
12:32:09,2832.9,2945.5,0.41,16.18,167.4,152.5,-1.68,-1.81,289.9,-400.9,0.02,-0.14,2505
12:32:10,2819,2931.4,0.4,16.04,167,152,-1.78,-2.56,289,-504.4,0.02,-0.03,2511.4
12:32:11,2804,2916.6,0.4,16.03,166.7,153,-2.02,-2.32,289.5,-585.8,0.03,-0.01,2509.5
12:32:12,2789.8,2902.2,0.4,16.03,166.6,152.1,-2.75,-1.14,289.3,-717.1,0.03,-0.08,2505.8
12:32:13,2772.5,2884.9,0.4,16,166.6,151.3,-3.04,1,290.9,-731.2,0.04,0,2511.4
12:32:14,2755.8,2868.2,0.4,16.03,166.8,151.6,-3.35,-4.32,291.1,-895.1,0.04,0.06,2506.7
12:32:15,2740.1,2852.4,0.4,16,167.2,151.8,-3.55,-6.91,290.4,-984.5,0,-0.02,2510.9
12:32:16,2724.6,2837.1,0.4,16,167.6,151.9,-2.03,-7.33,290,-929.8,0.05,0.12,2506.1
12:32:17,2712,2824.4,0.4,16,167.8,151.8,-0.6,-6.55,288.3,-997,0.02,0.21,2504.8
12:32:18,2703.5,2815.8,0.4,15.75,167.4,151.7,-0.7,-6.97,287,-903.6,0.02,0.11,2505
12:32:19,2694.9,2807.4,0.39,15.49,167,151,-0.92,-6.08,287.6,-678.9,0.01,-0.04,2508.7
12:32:20,2685,2797.4,0.38,15.44,166.3,148.9,0.15,-6.14,287.4,-578.9,0,0.13,2501.8
12:32:22,2677.4,2789.8,0.38,15.46,164.7,148,-0.97,-3.98,285.3,-445.5,0,0.22,2505.4
12:32:23,2678.1,2790.4,0.38,15.47,163.4,146.7,-0.92,-3.59,285.4,-343.5,0.01,0.03,2505.5
12:32:24,2682,2794.3,0.38,16.32,161.7,145,-0.16,-3.96,284.8,-239.7,0.02,-0.04,2511.5
12:32:25,2687.4,2799.8,0.46,17.78,159.9,145,0.32,-2.26,284.7,-77.3,0,0.13,2504
12:32:26,2696.8,2809.1,0.47,17.96,158.2,144.3,-0.19,-1.46,285.7,134.8,0.03,-0.18,2506.6
12:32:27,2702.3,2814.6,0.47,17.98,156.6,142.3,-0.05,-1.23,283.2,306.1,0.01,0.12,2508.7
12:32:28,2709.5,2821.7,0.47,17.96,155,141.5,0.81,-2.86,283,366.6,0.03,0.13,2511.2
12:32:29,2720,2832.1,0.47,17.99,153.2,142.3,0.18,-2.2,283.5,385.5,0.01,-0.11,2506.1
12:32:30,2726.1,2838.4,0.47,17.98,151.5,140.7,-0.12,-2.2,282.5,438,0.03,-0.04,2509.3
12:32:31,2729.1,2841.5,0.47,17.99,150,140.3,-0.68,-0.58,282.1,445.1,0,0,2510.2
12:32:32,2730.8,2843.2,0.47,17.95,148.7,138.7,-0.89,0.87,282.8,375.4,0.02,-0.06,2507
12:32:33,2730.3,2842.6,0.47,18,147.5,136.9,-0.86,0.56,282,270.1,0,-0.07,2505.9
12:32:34,2730.3,2842.6,0.47,17.95,146.5,135.8,-0.68,2.48,282.8,180.9,0.01,0.06,2510.3
12:32:35,2731.1,2843.4,0.47,17.98,145.5,133.8,-1.32,1.81,283.8,129.3,0,-0.08,2506.3
12:32:36,2732,2844.3,0.47,17.94,144.6,131.7,-0.27,-0.97,283.6,103,0.02,0.08,2503.7
12:32:37,2733.8,2846.1,0.47,17.93,143.8,130.4,-1.12,1.86,282.8,107.4,-0.02,-0.08,2511.9
12:32:38,2732.7,2845,0.47,17.48,143,129.9,-2.02,0.97,283.8,66.2,0.03,-0.16,2504.7
12:32:39,2727.2,2839.6,0.38,14.58,142.3,130.5,-2.46,1.56,285,12.4,0.03,0.06,2497.3
12:32:40,2722.2,2834.5,0.34,14.09,141.7,129.5,-2.13,-0.03,285.4,-69,0.01,-0.02,2503
12:32:41,2717.2,2829.5,0.33,14.01,140.9,129.1,-1.65,-0.86,286.1,-171.8,0.03,0.01,2506.8
12:32:42,2711.9,2824.2,0.33,13.99,140.1,128.4,-2.57,-0.01,284.7,-241.3,0,-0.1,2506.8
12:32:43,2705.4,2817.8,0.33,13.96,139.4,126.9,-3.23,-3.74,285.7,-237.2,0.02,-0.09,2505.1
12:32:44,2697.3,2809.8,0.33,13.96,139,126.5,-3.46,-0.12,285.2,-297.9,0.01,0,2506.7
12:32:45,2688.7,2801.2,0.33,13.96,138.7,127,-2.42,-0.25,283.2,-379.8,0,0.06,2507.2
12:32:46,2682.3,2794.8,0.33,13.94,138.2,128.6,-1.96,-0.19,284.8,-434.8,0.04,0.01,2509.5
12:32:47,2677.8,2790.1,0.33,13.95,137.5,126.5,-2.05,-0.48,283.7,-440,-0.02,0.06,2507.8
12:32:48,2676,2788.4,0.33,13.96,137.1,124.6,-3.37,-3.67,285.3,-306.6,0,-0.18,2500.5
12:32:49,2671.1,2783.5,0.33,12.54,136.8,123,-3.89,-5.66,285.9,-226.5,0.03,0,2488.3
12:32:50,2663.1,2775.6,0.25,11.42,136.7,123,-6.62,-2.56,284.9,-200.4,0,-0.33,2497.5
12:32:51,2646.6,2759.1,0.25,11.31,136.4,124.1,-5.87,2,284.7,-342.4,-0.01,0.01,2505.7
12:32:52,2629.5,2742.2,0.25,11.3,136.8,124.5,-6.49,-0.08,287.2,-529,0.02,-0.09,2508
12:32:53,2611.1,2723.4,0.25,11.28,137,124.4,-6.53,0.56,286,-773.3,0,0,2510
12:32:54,2591.6,2704.3,0.25,11.34,137.5,126.2,-5.94,-2.66,286.7,-928.9,0.04,0.1,2500.2
12:32:55,2572.2,2684.8,0.24,10.81,137.8,123.6,-6.14,0.63,287,-1059.9,0,-0.01,2500.7
12:32:56,2553.2,2665.8,0.22,10.58,138.2,122.6,-6.01,-0.05,285.3,-1096.7,0.02,0.08,2508.2
12:32:57,2533.2,2645.5,0.22,10.59,138.4,122.8,-5.28,-0.45,286.9,-1049.3,0.02,0.05,2503.1
12:32:59,2500.2,2612.8,0.22,10.54,138.5,122.5,-3.69,-1.35,285.8,-1114,0.01,0.11,2507.2
12:33:00,2487.5,2599.8,0.22,10.56,138.3,123.4,-3.59,-2.08,286.9,-1009.3,0.02,-0.18,2511.7
12:33:01,2472.2,2584.5,0.22,10.63,137.6,123.3,-2.34,-1.2,284.4,-937.5,-0.01,0.17,2494.6
12:33:02,2461.6,2573.9,0.22,10.56,136.9,123.8,-2.36,-0.56,284.5,-864.6,0.02,0.04,2504.2
12:33:03,2451.9,2564.4,0.22,10.54,136,123.1,-2,0.02,285.5,-779.4,0.01,0.06,2504.9
12:33:04,2443,2555.4,0.22,10.56,135.1,121.8,-1.98,-0.32,284.6,-742.4,0,0.06,2505.2
12:33:05,2436.1,2548.3,0.22,10.57,134.1,123.5,-2.12,0.19,285.9,-604.2,0.02,-0.07,2500.5
12:33:06,2426.6,2538.9,0.22,10.56,133.1,120.3,-2.69,1.46,285.9,-514.4,0.02,-0.07,2498
12:33:07,2415.4,2527.9,0.22,10.22,132.3,120.1,-3.83,1.77,286.7,-448.3,0.03,-0.04,2495.4
12:33:08,2403.6,2516.2,0.21,9.56,131.7,122.4,-3.45,0.19,286.2,-568.8,0.04,-0.07,2498.9
12:33:09,2390.5,2503,0.18,9.04,130.8,121,-3.04,-1.3,285.9,-630.6,0.02,-0.02,2504
12:33:10,2376.7,2489,0.17,8.98,129.9,118.9,-3.43,-2.56,285.5,-660.6,0.01,0.01,2504.8
12:33:11,2360.9,2473.2,0.17,9,129.1,119.8,-3.34,-3.26,284.7,-735.5,0.02,0.1,2509.9
12:33:12,2346.2,2458.7,0.17,8.98,128.4,118.8,-3.75,-1.61,284.3,-815.5,0.02,-0.08,2513.5
12:33:13,2331.3,2443.8,0.17,8.99,127.7,120.7,-4.17,-1.4,286,-794.1,0.03,0.02,2511.2
12:33:14,2317.5,2430,0.17,8.98,127.3,118.3,-5.35,-4.12,285.8,-860.2,-0.01,-0.19,2510.6
12:33:15,2302.4,2414.7,0.17,9.03,126.9,120.2,-4.86,-7.31,285,-834.2,0.02,-0.02,2505.3
12:33:16,2287.4,2399.7,0.17,9,126.8,119.9,-4.93,-6.8,286.1,-846.5,0.05,0,2509.5
12:33:17,2274.8,2387.1,0.17,8.98,126.7,118.3,-5.22,-4.17,282.7,-927.4,0,0.12,2516.2
12:33:18,2263.4,2375.9,0.18,8.97,126.7,120.4,-4.93,-1.87,284.3,-796.5,0.05,-0.07,2510.7
12:33:19,2252.1,2364.4,0.17,9,126.4,120.8,-5,-1.18,284.7,-791.4,0.05,-0.06,2508.5
12:33:20,2242.2,2354.6,0.17,9.01,126.2,117.4,-5.3,-5.37,282.8,-750.4,0.05,0.17,2506.4
12:33:21,2234.2,2346.6,0.17,8.98,126.3,116.6,-5.35,-7.02,284.3,-626.7,0.02,-0.21,2512.5
12:33:22,2220,2332.3,0.17,8.97,125.9,116.2,-4.5,-7.24,284.6,-566.6,0.03,-0.01,2510.3
12:33:23,2207.8,2320.2,0.17,9.01,126,117.2,-4.5,-10.88,280.6,-705.8,0.05,0.06,2507.5
12:33:24,2198.8,2311.2,0.17,9,126.1,116.7,-5.13,-12.74,279.7,-667,0.08,-0.12,2509.9
12:33:25,2187,2299.3,0.17,8.96,125.8,117.3,-4.23,-10.66,276.5,-623.7,0.04,0.11,2511.4
12:33:26,2175.9,2288.3,0.17,8.96,125.7,116,-5.36,-8.75,275.5,-608.4,0.01,-0.1,2512.3
12:33:28,2154.4,2267,0.17,8.99,125.7,115.6,-5.26,-7.76,275.7,-594,0.03,0,2505.3
12:33:29,2142.7,2255.3,0.17,8.97,125.7,117.1,-4.16,-2.88,275.7,-606.8,0.04,0.11,2509.1
12:33:30,2130,2242.6,0.17,8.99,125.5,116.9,-4.64,1.91,273.5,-706.4,0,0.03,2512.7
12:33:31,2117.5,2230,0.17,8.99,125.1,119.1,-4.23,-0.18,273.6,-715.6,0.04,0.14,2511.9
12:33:32,2107.6,2219.9,0.17,8.99,124.8,118,-4.41,-2.29,276.7,-688.8,0.06,-0.14,2511.7
12:33:33,2095.3,2207.8,0.17,8.94,124.2,115.8,-4.41,-2.91,275.4,-712,0.05,-0.17,2511.5
12:33:34,2080.2,2192.8,0.17,8.99,123.7,114.3,-4.01,-0.23,271.7,-693.5,0.02,0.13,2508
12:33:35,2064.9,2177.5,0.17,8.98,123.4,115.7,-4.56,4.03,273.8,-673.1,-0.01,-0.09,2516.2
12:33:36,2050.2,2162.8,0.17,8.98,122.9,118.6,-3.69,2.98,278.2,-777.4,0,0.01,2513.7
12:33:37,2037.8,2150.1,0.18,9.45,122.5,117.4,-3.64,-0.54,275.6,-960.3,0.04,0.09,2514.1
12:33:38,2025.4,2137.7,0.23,12.31,122.2,116.6,-3.33,-1.24,275.7,-822.6,0.01,0.14,2514.7
12:33:39,2017.4,2129.7,0.32,13.54,122.6,117.6,-4.1,0.77,276.7,-776.2,-0.02,-0.11,2508.7
12:33:40,2006,2118.3,0.33,13.71,122.9,115.6,-4.05,-0.33,274.9,-699,0.02,0.04,2505
12:33:41,1993.6,2106.1,0.33,13.69,123.3,115.8,-3.9,0.32,273.6,-647.4,0,-0.07,2510.2
12:33:42,1979.2,2091.5,0.33,13.73,123.6,116.9,-3.14,1.21,274.3,-611.3,0,0.14,2508.2
12:33:43,1965.5,2078,0.33,13.74,123.9,116.4,-3.2,-0.19,274.4,-735.5,0,0.03,2507.6
12:33:44,1952.5,2065,0.33,13.75,124.2,116.7,-3.88,-1.24,275.6,-735.2,0.02,0.08,2509.2
12:33:45,1939.4,2051.7,0.33,13.76,124.5,119.6,-3.13,1.29,275.1,-812.7,0,0.01,2510
12:33:46,1927.4,2039.7,0.33,13.74,124.6,120.8,-3.15,0.92,276.4,-790.4,0.02,-0.01,2513
12:33:47,1915,2027.3,0.29,12.64,124.6,118.7,-3.08,-1.81,275.3,-784.3,0.04,0.05,2507.6
12:33:49,1895.9,2008.2,0.29,12.53,124.2,121.9,-3,1.66,277.2,-694.7,0.03,-0.09,2507.1
12:33:50,1887.6,1999.9,0.29,12.53,123.9,118.7,-2.5,2.54,276.5,-656.8,0.01,0,2506.4
12:33:51,1879.5,1991.8,0.29,12.52,123.6,117.7,-2.55,2.19,277.6,-538.6,0.01,-0.23,2506.4
12:33:52,1868.4,1980.7,0.29,12.49,123.2,116.7,-1.74,4.78,278.2,-506.3,0.03,0.01,2510.8
12:33:53,1860.1,1972.4,0.29,12.54,122.8,118.9,-1.92,5.11,279.3,-540.9,0,0.03,2507.6
12:33:54,1852.3,1964.8,0.29,12.56,122.2,118.2,-1.41,3.46,281,-532.9,0.01,0,2502.8
12:33:55,1846.3,1958.6,0.29,12.54,121.6,116,-0.88,3.03,281.3,-556.1,-0.01,0.01,2505.9
12:33:56,1839.4,1951.7,0.29,12.54,120.9,114.7,-0.74,1.12,281.3,-456.3,0.02,0.07,2504.8
12:33:57,1831.6,1943.9,0.29,12.56,120.2,113.5,-1.08,0.6,281,-420.1,0.01,0.12,2507.9
12:33:59,1815.5,1928,0.29,12.56,118.9,112.2,-0.75,6.04,282.9,-369.3,0,-0.07,2502.1
12:34:00,1805.7,1917.9,0.29,12.55,118.2,112.6,0.55,6.01,283.4,-480.6,-0.03,0.19,2501.1
12:34:01,1799.1,1911.5,0.29,12.54,117.4,112.2,-0.79,2.8,284.6,-520.1,0.02,-0.07,2511
12:34:02,1792.5,1904.8,0.29,12.58,116.8,110.3,-1.52,0.04,284.3,-508.4,0,-0.05,2505.4
12:34:03,1786.3,1898.6,0.29,12.56,116.5,110.8,-1.03,-1.25,284.2,-435.7,0,-0.01,2504.4
12:34:04,1779.9,1892.2,0.29,12.59,116.1,108.8,-0.96,-0.88,283.7,-400.9,0.02,0.05,2504.5
12:34:05,1774.9,1887.2,0.29,12.57,115.8,109.9,-1.76,-1.99,283.5,-358.1,0.01,-0.07,2509.8
12:34:06,1767.1,1879.3,0.29,12.62,115.5,112.3,-1.69,-3.99,283.7,-344.4,0.03,0.01,2504.9
12:34:07,1760.3,1872.6,0.29,12.61,115.3,109.8,-1.83,0.15,282,-411.8,-0.01,-0.01,2502.9
12:34:08,1753.9,1866.2,0.29,12.59,115.3,110.1,-2.18,3.48,282.8,-333.5,0,0.04,2503.7
12:34:09,1746.5,1858.8,0.29,12.61,115.2,109.7,-2.16,3.93,284.3,-376.9,0.02,-0.01,2504.7
12:34:11,1733.3,1845.6,0.29,12.62,115.3,107.3,-2.26,-1.29,284.6,-446.6,-0.01,-0.08,2502.9
12:34:12,1725.6,1837.9,0.29,12.63,115.1,108.6,-2.07,-0.44,285.3,-349.2,0.02,-0.03,2506.5
12:34:13,1715.9,1828.2,0.29,12.67,115.1,109.5,-2.36,0.51,285.1,-412.3,0,-0.04,2499.9
12:34:14,1706.6,1818.8,0.29,12.63,115.2,108.9,-2.35,0.41,284.6,-484.8,0,0.01,2510.4
12:34:15,1697.7,1809.9,0.29,12.64,115.3,109.3,-2.52,-1.34,285.8,-482.9,0,-0.08,2503.8
12:34:16,1686.9,1799.2,0.29,12.67,115.4,109.8,-3.15,-2.76,285.6,-526.2,0.02,-0.04,2507.7
12:34:17,1675.2,1787.5,0.29,11.99,115.6,109,-3.87,-4.1,284.4,-574.8,0.02,-0.06,2500.4
12:34:18,1660.1,1772.4,0.23,10.7,115.7,111.8,-4.34,-4.08,283.6,-607.5,0.01,-0.03,2510.4
12:34:19,1643.9,1756.2,0.23,10.49,115.9,111.7,-3.86,-4.45,284.9,-637.1,0.04,0.02,2507.4
12:34:20,1628.1,1740.4,0.19,9.14,116,110.9,-3.96,-1.19,284.9,-846.6,0.01,0.06,2503
12:34:21,1613.3,1725.6,0.17,8.91,115.9,110.3,-4.68,-2.69,283.7,-901.1,0.03,-0.04,2506
12:34:22,1597.1,1709.4,0.17,8.87,115.6,111,-3.37,-1.14,283.5,-890.1,0.02,0.13,2509.2
12:34:23,1581.9,1694.1,0.17,8.85,115.5,110.4,-3.65,-0.87,283.5,-933.2,0.02,-0.01,2504.9
12:34:24,1568.6,1681,0.17,8.87,115.1,110.4,-3.05,0.73,284,-862.9,0.02,0.05,2507.6
12:34:25,1556.3,1668.6,0.17,8.85,114.8,108.7,-3.22,1.81,284.1,-834.6,0.03,0,2509
12:34:26,1544.1,1656.4,0.17,8.87,114.3,108.2,-3.28,-0.04,284.7,-775.3,0.02,0.02,2505.8
12:34:27,1531.5,1643.8,0.17,8.86,113.9,108.2,-2.97,0.07,286.4,-694.8,0.04,-0.02,2506.8
12:34:28,1518.7,1631,0.18,10.36,113.5,107.4,-2.46,4.55,284.6,-768.6,-0.02,0.06,2519.2
12:34:29,1511.2,1623.5,0.24,11.29,113.6,108.9,-1.91,0.4,287.1,-640.3,0.03,0.08,2508
12:34:30,1504,1616.3,0.25,11.36,113.6,107.2,-2.31,-0.2,288.6,-649.3,0.03,-0.08,2511.1
12:34:31,1495.3,1607.6,0.25,11.39,113.4,106.3,-1.76,-1.22,286.3,-666.6,0,-0.03,2508.9
12:34:32,1486.5,1598.9,0.25,11.42,113.3,107.8,-0.96,-0.46,286.7,-532.3,0,0.16,2504.9
12:34:33,1481.8,1594.2,0.25,11.4,113,109.1,-0.82,-0.11,287,-559.2,0,0.04,2503.1
12:34:34,1479,1591.3,0.25,11.37,112.4,110.9,-0.1,0.19,286.7,-469.2,0.02,0.02,2505
12:34:35,1475.2,1587.5,0.25,11.42,111.6,109.7,-0.02,0.19,287.8,-320.8,-0.01,0.04,2504.8
12:34:36,1474.6,1586.9,0.25,11.41,110.9,109.5,-0.81,-0.62,287.7,-251.1,0.02,0.03,2503.7
12:34:37,1471.8,1584,0.24,10.05,110.2,108.2,-1.36,1.48,286.4,-168.3,0,-0.02,2484.2
12:34:38,1466.4,1578.8,0.18,9.24,109.2,108.9,-1.69,0.73,288.9,-14.2,0.02,-0.05,2505.2
12:34:39,1459.7,1572,0.18,9.22,108.3,105.8,-1.03,1.44,289.5,-152.3,0.01,-0.06,2504.2
12:34:40,1453.2,1565.5,0.18,9.23,107.4,104.8,-0.4,-0.49,287.8,-299.4,0.01,-0.01,2504.4
12:34:41,1448.6,1560.8,0.18,9.21,106.5,103.9,-0.46,0.35,287.8,-320,0.03,0.01,2507.4
12:34:42,1443.8,1556.1,0.18,9.18,105.5,104.1,-1.11,1.88,287.5,-334.3,0,0.02,2509.5
12:34:43,1438.7,1551.1,0.18,9.18,104.7,104.7,-1.9,2.23,288.6,-260.3,0,-0.12,2502.7
12:34:44,1430.8,1543.1,0.18,9.18,104,101,-1.78,1.79,290.7,-260,0.02,-0.06,2505.7
12:34:45,1422.2,1534.5,0.18,9.16,103.5,101,-0.74,1.22,290.5,-351.6,0.02,0.09,2511.3
12:34:46,1416.3,1528.7,0.18,9.17,102.9,100.8,-0.59,-1.8,289,-419.3,0.01,0,2508.7
12:34:47,1408.5,1520.8,0.18,9.14,102.2,99.8,-1.59,1.45,288.1,-393.6,0,-0.13,2508.3
12:34:48,1399.1,1511.4,0.27,11.61,101.5,100.4,-2.47,3.22,289.4,-313.8,0.01,0.08,2550.9
12:34:50,1392.5,1504.8,0.35,14.46,101.1,98.8,-2.72,0.76,290.9,-384,0,0,2509.3
12:34:51,1391.9,1504.2,0.35,14.55,100.1,98.1,-1.87,-0.82,291.2,-301.7,0.01,0.03,2507.9
12:34:52,1392.8,1505.1,0.35,14.6,99,98.2,-1.04,0.11,290.8,-155.3,0,0.06,2498.7
12:34:53,1397.8,1510.1,0.36,14.61,97.7,97.1,-1.45,-1.41,289.8,-25.7,0,-0.11,2499.5
12:34:55,1397.4,1509.7,0.36,14.54,95.6,93.1,-2.48,-5.62,291.1,152.2,0.03,-0.08,2507.5
12:34:56,1395.6,1507.9,0.36,14.59,94.9,92.8,-1.75,-3.03,287.7,129.3,0.01,0.12,2504.3
12:34:57,1397.4,1509.7,0.36,14.59,94.3,93.4,-2.16,0.37,286,27.2,0,-0.07,2500
12:34:58,1397.3,1509.6,0.36,14.58,93.5,91.6,-2.15,0.76,287.7,-12.2,0.02,-0.03,2507.8
12:34:59,1395.5,1507.7,0.36,14.63,92.8,94.8,-2.22,0.99,287.9,-15.5,0.01,0.03,2501.7
12:35:00,1395.5,1507.8,0.36,14.6,92.2,92.4,-2.09,0.47,287,-17.7,0,0.03,2505
12:35:01,1394.7,1506.9,0.36,14.57,91.5,93,-1.98,1.78,288.1,-54.4,-0.01,-0.02,2507.1
12:35:02,1393.2,1505.4,0.36,14.61,90.7,92.4,-1.79,3.25,288.7,-28.8,0.01,0.03,2508.1
12:35:03,1392.8,1505,0.36,14.61,90.1,91.1,-2.04,4.13,288,-23.9,0,0.01,2508.5
12:35:04,1392.9,1505.1,0.36,14.63,89.6,90,-2.46,5.12,288.3,-24.1,0,-0.08,2500.9
12:35:05,1390.8,1503.1,0.36,14.62,89.2,90.1,-2.6,4.53,289.4,-34.2,-0.01,-0.09,2505.9
12:35:06,1385.3,1497.6,0.35,14.55,88.8,88.9,-2.96,0.2,291.3,-70.4,0,-0.08,2505
12:35:07,1378.5,1490.8,0.35,14.45,88.4,89.6,-3.65,0.7,292.8,-132.2,0.03,0,2510.8
12:35:08,1372.6,1484.8,0.35,14.48,88.5,88.6,-4.57,1.99,291.3,-210.2,0,-0.16,2506.1
12:35:09,1364.7,1477.1,0.35,14.45,88.6,89.5,-4.55,1.21,291.8,-289.9,0.01,-0.1,2507.5
12:35:10,1355.6,1467.8,0.35,14.22,88.7,89.3,-4.11,-1.72,293.1,-351.3,-0.01,0.01,2505.7
12:35:11,1345.1,1457.4,0.32,13.38,88.8,89.4,-4.87,-1.22,293.5,-423.6,0,0,2509.3
12:35:12,1335,1447.2,0.31,13.32,89,89.8,-5.69,-1.09,292.1,-483,0.02,-0.08,2508.3
12:35:14,1315.9,1428.2,0.3,13,89.3,92,-3.99,4.23,291.5,-584.7,0.02,0.06,2498.8
12:35:16,1300.7,1412.9,0.28,12.31,88.7,90.4,-4.32,4.32,295.7,-521.1,0,-0.05,2509.4
12:35:17,1292.6,1404.9,0.28,12.34,88.3,90.6,-4.21,0.36,297.1,-501.3,0.03,0.01,2506
12:35:18,1283.4,1395.8,0.28,12.32,88,90.4,-4.36,-1.31,298.2,-480.7,0.02,0,2503.8
12:35:19,1273.9,1386.3,0.28,12.33,87.7,89.8,-4.41,1.35,297.5,-464.8,0.01,-0.07,2503.8
12:35:20,1264.2,1376.4,0.28,12.43,87.5,89,-3.98,3.5,296.9,-498.3,0,0.04,2500.9
12:35:21,1254.9,1367.2,0.29,12.63,87.5,88.8,-4.16,3.5,298,-524.2,0.01,-0.06,2500.8
12:35:22,1244.9,1357.3,0.32,13.86,87.4,88.1,-4.09,3.93,299.3,-554.5,0.01,-0.04,2503.3
12:35:23,1233.9,1346.3,0.34,14.04,87.5,88,-3.7,2.54,299.7,-572.2,0.03,0.11,2507.9
12:35:24,1225.5,1337.7,0.34,14.04,87.7,89.9,-3.78,0.89,299.9,-583.4,0,-0.04,2507.6
12:35:25,1215.9,1328.2,0.34,14.1,87.6,89.8,-3.57,-2.05,301.1,-604.2,0.03,0.06,2506.3
12:35:26,1208,1320.3,0.34,14.13,87.8,88.7,-3.93,-1.79,298.8,-603.6,0,-0.03,2502.9
12:35:27,1200,1312.4,0.34,14.12,87.9,88.6,-4.22,-1.97,298.4,-529.2,0,0.05,2502.7
12:35:28,1192.6,1304.8,0.34,14.1,88.2,89.6,-4.34,-0.13,299.2,-464.1,-0.01,0.02,2503.4
12:35:29,1184.6,1296.9,0.34,14.13,88.4,89.9,-4.27,3.37,300.5,-445.8,0,-0.05,2508
12:35:30,1176.3,1288.6,0.34,14.16,88.4,90,-3.64,3.94,300.2,-447.9,0.01,0.07,2507.3
12:35:31,1170.6,1282.8,0.34,14.12,88.5,90.5,-3.58,-0.59,300.4,-452.8,-0.02,0.05,2512.3
12:35:32,1166.9,1279.2,0.34,14.17,88.5,89.8,-3.85,-4.19,301.6,-410.6,0.03,0.03,2501.6
12:35:33,1163.3,1275.6,0.34,14.14,88.6,89,-4.22,1.04,300.7,-338,0.01,-0.04,2509.4
12:35:34,1157.6,1269.9,0.34,14.16,88.6,90.1,-4.41,10.26,303.3,-284.5,0,-0.02,2505.9
12:35:36,1147.8,1260.1,0.34,13.81,89.1,89.7,-5.8,1.27,306,-278.4,0.04,-0.07,2499.1
12:35:37,1139,1251.4,0.32,13.47,89.3,89.5,-6.25,3.93,307.1,-308.1,0.01,-0.05,2505.9
12:35:38,1128.2,1240.7,0.32,13.46,89.7,88.5,-6.28,7.48,304.9,-366.5,0,-0.06,2505.8
12:35:39,1116.2,1228.6,0.31,12.87,90.3,90.6,-7.05,8.06,306.4,-478.8,-0.01,-0.09,2498.6
12:35:40,1102.6,1215,0.29,12.69,90.7,92.3,-6.72,3.6,310.9,-611.5,0.01,-0.03,2501.3
12:35:41,1089,1201.3,0.29,12.55,91,91.1,-4.49,0.27,310,-716.2,0.01,0.09,2501.7
12:35:42,1076.7,1189.2,0.28,12.36,91.2,90.7,-4.57,0.71,308.6,-752.6,0.01,0.01,2508.4
12:35:43,1066.3,1178.7,0.28,12.32,91,91.3,-4.89,-0.23,308.9,-724.7,0.04,0.04,2504.8
12:35:44,1056.3,1168.5,0.28,12.37,90.8,90.5,-2.96,0.43,309.7,-679.5,0,0.01,2499.2
12:35:45,1048.6,1160.9,0.28,12.38,90.4,89.7,-2.03,-3.1,311,-635.5,0.02,0.08,2497.9
12:35:46,1041.9,1154.1,0.28,12.39,89.8,88.8,-2.5,-1.97,311.5,-554.1,0,0,2498.1
12:35:47,1035.2,1147.5,0.28,12.28,89.2,89.4,-3.49,-2.35,308.5,-496,0.01,-0.07,2495.4
12:35:48,1027.8,1140.1,0.27,12,88.7,88.1,-3.64,-1.86,307.9,-441.8,-0.02,0.03,2474.5
12:35:50,1014.3,1126.5,0.26,11.83,88.2,86.9,-3.69,2.6,309.1,-422.6,0.04,-0.04,2459.8
12:35:51,1006.5,1118.7,0.25,11.45,87.7,87.8,-4.59,6.77,310,-426,0,-0.07,2442.5
12:35:52,995.7,1108.1,0.24,11.51,87.4,86,-4.82,2.11,312,-437.6,0.02,-0.03,2410.2
12:35:53,983.8,1096,0.24,11.5,87.2,86.4,-3.22,-2.69,312.7,-533.8,0.03,0.13,2404.9
12:35:54,975.6,1087.8,0.24,11.53,87.3,85.5,-3.52,-0.04,311,-628.1,-0.02,-0.1,2398.5
12:35:55,968.2,1080.5,0.24,11.43,87,87.8,-3.15,3.47,310.7,-569.7,-0.01,-0.08,2410.9
12:35:56,958.7,1071,0.24,11.44,86.3,87.2,-2.52,0.78,313.2,-508.2,0.03,0.01,2411
12:35:57,949.4,1061.6,0.24,11.52,85.6,85.6,-1.57,-1.32,313.4,-513.9,0,0.13,2394.7
12:35:58,942.9,1055.2,0.24,11.6,85.2,83.3,-2.31,-2.86,312.2,-524.8,0.02,0.03,2383.7
12:35:59,936.6,1048.7,0.24,11.55,84.7,84.7,-2.99,0.77,311.7,-450.2,0,0.01,2368.5
12:36:00,931.3,1043.5,0.24,11.63,84.4,85.2,-4.93,-0.86,312.2,-389.5,0.02,-0.12,2383.3
12:36:01,922.8,1035,0.27,12.88,84.2,87.3,-4.84,0.71,312.4,-376,0.02,0.03,2473
12:36:02,914.6,1026.8,0.3,13.03,84.5,87.4,-4.53,0.34,311.9,-382.3,0.01,0.01,2498.7
12:36:03,907.5,1019.7,0.3,13.11,84.8,86.7,-4.17,-4.05,312.3,-403.4,0.01,0.02,2496.9
12:36:04,901.1,1013.3,0.3,12.8,85.1,87.6,-4.01,-2.76,311.3,-429.2,-0.01,-0.06,2497.4
12:36:05,891.7,1003.9,0.29,12.72,85.1,86.7,-4.93,-2.31,311.4,-414.8,0,-0.14,2497.2
12:36:07,863.7,975.8,0.29,12.72,85.6,86.5,-4.97,-2.23,309.4,-574.8,0.02,0.04,2493.4
12:36:09,841.2,953.4,0.29,12.33,86.3,88.2,-3.96,0.75,309.1,-730,0.02,0.01,2494.6
12:36:10,830.9,943,0.2,9.81,86.2,87.3,-3.93,0.97,311,-739.9,0.01,0.08,2321.9
12:36:11,822.1,934.3,0.16,9.46,85.8,87.2,-2.61,-0.4,310.4,-707.6,0.02,-0.01,2236.6
12:36:12,814.5,926.7,0.14,8.75,84.9,85.9,-2.53,1.76,311,-644.6,0.02,0,2148.2
12:36:13,806.5,918.7,0.13,8.78,83.9,83.8,-2.94,1.31,311.3,-553.1,0.03,-0.01,2071.7
12:36:14,797.8,910,0.13,8.91,83,82.7,-2.38,0.78,312,-516,0.02,-0.02,2038.5
12:36:15,789.3,901.4,0.13,9.01,82.2,80.8,-1.79,-1.31,313.3,-516.5,0.04,0.05,2020.7
12:36:16,782.7,895,0.13,9.05,81.6,79.9,-2.41,-0.81,313.1,-541.1,0.01,-0.01,2014.2
12:36:17,775.2,887.4,0.12,8.35,80.8,81.3,-2.75,-1.91,311.6,-495.8,0,-0.07,1989.8
12:36:18,767.5,879.8,0.1,8.24,79.8,82.3,-0.52,-1.76,312.1,-439.8,0.02,0.04,1937.2
12:36:19,762,874.3,0.1,8.4,78.5,79.5,0.43,-3.55,312.2,-427.8,0.02,-0.01,1899.6
12:36:20,756,868.1,0.1,8.62,77,76.8,-1.19,-1.32,309.8,-404.7,0.01,-0.05,1869.5
12:36:22,741.1,853.3,0.1,8.78,75.2,75.7,1.38,-3.03,309.7,-351.6,0.01,0.06,1845.7
12:36:23,735.6,847.7,0.1,8.9,74.5,73.2,0.66,-3.1,311,-452,0.03,0.04,1822.5
12:36:24,730,842.2,0.1,8.93,73.5,72.3,2.89,-1.14,310.7,-517,0.02,0.13,1815.3
12:36:25,727.5,839.6,0.1,8.96,72.6,71.2,2.94,2.27,311,-555.3,0,0.03,1809.9
12:36:26,726.6,838.7,0.1,9.03,71.4,70.4,3.74,1.02,313.2,-518.7,0,0.03,1799.6
12:36:27,726.5,838.7,0.1,9.12,70.1,70.6,2.58,0.23,315.9,-344,0.02,-0.07,1784.1
12:36:28,724.1,836.3,0.1,9.22,68.9,69,3.04,-0.76,315.2,-128.8,0.03,0.01,1763
12:36:29,720.8,833,0.11,9.33,67.8,67.2,6.45,-1.12,313.3,-82.2,-0.02,0.02,1743.7
12:36:30,720.6,832.8,0.11,9.51,66.7,64.5,5.27,-2.4,312,-130.5,0.01,-0.05,1719.9
12:36:31,718.7,830.8,0.11,9.65,65.6,63.5,6.24,-0.26,312,-121.5,-0.03,0.09,1696.7
12:36:33,717,829.2,0.11,9.42,63.6,61.1,5.35,0,311.2,-94,0.01,-0.06,1663.8
12:36:34,716.4,828.5,0.05,8.47,62.7,60.3,2.03,0.14,311.8,-69.8,0.1,0.2,1290.3
12:36:35,716.5,828.7,0.04,9.53,60.9,57.7,2.19,0.3,312.5,-7.5,-0.01,-0.08,1102.9
12:36:37,714.9,827.1,0.04,9.95,58.7,55.3,-9.29,0.11,311.8,40.5,0.14,0.23,997.7
12:36:38,713.7,825.9,0.08,26.8,56.3,56.1,-17.59,1.02,312,226.9,-0.07,-0.13,631.3
12:36:39,713.3,825.4,0.01,29.02,50.9,52.2,-18.25,0.76,311,501.7,-0.05,-0.14,62.2
12:36:40,712.4,824.6,0,29.12,45.8,48.3,-18.27,0.32,310.8,339.4,-0.02,-0.15,4.7
12:36:41,710.8,822.9,0,29.13,41,44.1,-18.3,0.33,309.1,98.5,-0.06,-0.11,0.2
12:36:42,710,822.2,0,29.13,36.5,38.7,-18.51,0.46,308.9,-62.7,-0.01,-0.1,0
12:36:43,709.3,821.5,0,29.11,32.5,35.9,-18.63,0.41,308.6,-131.1,-0.02,-0.1,0
12:36:44,709,821.1,0,29.11,28.5,32,-18.59,0.36,308.2,-139.4,-0.01,-0.11,0
12:36:46,708.9,821,0,29.11,21,24.7,-18.73,0.37,308.5,-110.7,-0.01,-0.16,0
12:36:47,709.4,821.6,0,29.1,17.6,20.6,-18.85,0.31,308.9,-92,0.01,-0.1,0
12:36:48,709.6,821.7,0,29.1,14,-0.6,-18.8,0.32,309.9,-89.7,0,-0.1,0
12:36:49,709.7,821.8,0,29.11,10.5,0,-18.67,0.38,310.1,-74.3,-0.03,-0.12,0
12:36:50,709.7,821.9,0,29.1,7.2,0,-18.74,0.33,310.1,-64.5,0.01,-0.1,0
12:36:51,709.8,822,0,29.09,3.8,0,-18.75,0.37,310.1,-64,0,-0.12,0
12:36:52,709.6,821.7,0,29.08,0,0,-18.47,0.35,310.2,-56.3,-0.01,-0.05,0
12:36:53,709.1,821.3,0,29.1,0,0,-18.67,0.3,310,-13.8,-0.01,-0.06,0
12:36:54,708.9,821,0,29.09,0,0,-18.63,0.3,309.9,-0.6,-0.01,-0.06,0
12:36:55,709.2,821.3,0,29.11,0,0,-18.62,0.31,309.9,0,-0.01,-0.06,0
12:36:56,709.2,821.3,0,29.11,0,0,-18.61,0.32,309.9,0,-0.01,-0.06,0
12:36:57,709.2,821.3,0,29.12,0,0,-18.6,0.32,309.9,0,-0.01,-0.06,0
12:36:58,709.6,821.8,0,29.12,0,0,-18.6,0.33,309.9,0,-0.01,-0.06,0
12:36:59,709.7,821.8,0,29.11,0,0,-18.6,0.35,309.9,0,-0.01,-0.06,0
12:37:00,709.8,821.9,0,29.11,0,0,-18.6,0.37,309.8,0,0,-0.05,0
12:37:01,710,822.1,0,29.12,0,0,-18.59,0.37,309.8,0,-0.01,-0.06,0
12:37:02,710.1,822.1,0,29.11,0,0,-18.58,0.4,309.9,0,-0.01,-0.06,0
12:37:03,710.2,822.2,0,29.1,0,0,-18.58,0.4,309.8,0,-0.01,-0.05,0
12:37:04,709.9,822,0,29.11,0,0,-18.59,0.4,309.8,0,-0.01,-0.06,0
12:37:05,709.5,821.6,0,29.1,0,0,-18.58,0.38,309.8,0,-0.01,-0.05,0
12:37:06,709.2,821.3,0,29.1,0,0,-18.58,0.4,309.9,0,-0.01,-0.06,0
12:37:07,709.2,821.3,0,29.09,0,0,-18.57,0.41,309.9,0,-0.01,-0.05,0
12:37:08,709.2,821.3,0,29.11,0,0,-18.57,0.42,309.8,0,-0.01,-0.05,0
12:37:09,709.1,821.2,0,29.11,0,0,-18.54,0.41,309.8,0,-0.01,-0.05,0
12:37:10,709.5,821.6,0,29.11,0,0,-18.54,0.4,309.9,0,-0.01,-0.05,0
12:37:11,709.8,821.9,0,29.13,0,0,-18.51,0.4,309.9,0,0,-0.05,0
12:37:12,710.1,822.1,0,29.14,0,0,-18.52,0.4,309.8,0,-0.01,-0.06,0
12:37:14,710.2,822.2,0,29.14,0,0,-18.52,0.38,309.8,0,0,-0.05,0
12:37:15,710.1,822.2,0,29.14,0,0,-18.49,0.4,309.8,0,-0.01,-0.06,0
12:37:16,709.9,822,0,29.14,0,0,-18.5,0.4,309.8,0,0,-0.06,0
12:37:17,710.2,822.3,0,29.14,0,0,-18.48,0.37,309.7,0,-0.01,-0.05,0
12:37:19,709.8,821.9,0,29.14,0,0,-18.46,0.34,309.7,0,-0.01,-0.04,0
12:37:20,709.1,821.1,0,29.14,0,0,-18.45,0.33,309.7,0,0,-0.05,0
12:37:21,709,821.1,0,29.14,0,0,-18.45,0.33,309.7,0,-0.01,-0.05,0
12:37:22,708.2,820.3,0,29.15,0,0,-18.42,0.29,309.8,0,0,-0.05,0
12:37:23,708.1,820.2,0,29.15,0,0,-18.42,0.24,309.7,0,0,-0.04,0
12:37:24,708.6,820.7,0,29.14,0,0,-18.5,0.34,309.7,0,-0.01,-0.06,0
12:37:25,708.8,820.9,0,29.14,0,0,-18.48,0.29,309.8,0,0,-0.05,0
12:37:26,708.9,821,0,29.15,0,0,-18.48,0.35,309.8,0,-0.01,-0.06,0
12:37:27,709.2,821.3,0,29.16,0,0,-18.45,0.34,309.8,0,-0.01,-0.05,0
12:37:28,709,821.1,0,29.15,0,0,-18.5,0.36,309.8,0,-0.01,-0.06,0
12:37:29,709.1,821.2,0,29.16,0,0,-18.49,0.4,309.8,0,-0.01,-0.05,0
12:37:30,708.9,821,0,29.15,0,0,-18.48,0.42,309.8,0,-0.01,-0.05,0
12:37:31,708.9,821,0,29.15,0,0,-18.48,0.41,309.8,0,-0.01,-0.05,0
12:37:32,709,821.1,0,29.14,0,0,-18.52,0.46,309.9,0,-0.01,-0.06,0
12:37:33,709.1,821.2,0,29.14,0,0,-18.52,0.45,309.9,0,-0.01,-0.05,0
12:37:34,709.6,821.7,0,29.15,0,0,-18.52,0.45,309.9,0,-0.01,-0.05,0
12:37:35,709.5,821.6,0,29.15,0,0,-18.52,0.43,309.9,0,-0.01,-0.05,0
12:37:36,709.5,821.6,0,29.15,0,0,-18.53,0.43,309.9,0,-0.01,-0.05,0
12:37:37,709.7,821.8,0,29.15,0,0,-18.53,0.45,309.9,0,-0.01,-0.05,0
12:37:38,709.7,821.8,0,29.15,0,0,-18.53,0.45,309.9,0,-0.01,-0.05,0
12:37:39,709.4,821.5,0,29.15,0,0,-18.53,0.45,309.9,0,-0.01,-0.05,0
12:37:40,709.2,821.3,0,29.15,0,0,-18.53,0.45,309.9,0,-0.01,-0.05,0
12:37:41,709.1,821.2,0,29.15,0,0,-18.52,0.43,309.8,0,-0.01,-0.05,0
12:37:42,708.7,820.8,0,29.15,0,0,-18.53,0.43,309.8,0,-0.01,-0.05,0
12:37:43,708.6,820.7,0,29.15,0,0,-18.52,0.4,309.8,0,-0.01,-0.05,0
12:37:44,708.6,820.7,0,29.15,0,0,-18.52,0.4,309.8,0,-0.01,-0.05,0
12:37:45,708.6,820.7,0,29.15,0,0,-18.51,0.4,309.8,0,-0.01,-0.05,0
12:37:46,709,821.1,0,29.15,0,0,-18.51,0.4,309.8,0,-0.01,-0.05,0
12:37:47,708.7,820.8,0,29.14,0,0,-18.51,0.36,309.8,0,-0.01,-0.06,0
12:37:48,709.1,821.2,0,29.15,0,0,-18.5,0.35,309.8,0,0,-0.06,0
12:37:50,709.2,821.3,0,29.15,0,0,-18.47,0.36,309.9,0,0,-0.05,0
12:37:51,709.2,821.3,0,29.14,0,0,-18.47,0.36,309.9,0,-0.01,-0.05,0
12:37:52,709,821.1,0,29.14,0,0,-18.5,0.45,309.9,0,-0.01,-0.05,0
12:37:53,708.9,821,0,29.14,0,0,-18.5,0.46,309.9,0,-0.01,-0.06,0
12:37:54,708.4,820.4,0,29.14,0,0,-18.49,0.45,309.9,0,-0.01,-0.06,0
12:37:55,708.5,820.6,0,29.14,0,0,-18.48,0.44,309.9,0,-0.01,-0.05,0
12:37:56,708.4,820.5,0,29.14,0,0,-18.49,0.44,309.9,0,-0.01,-0.05,0
12:37:57,708.4,820.5,0,29.14,0,0,-18.47,0.45,309.9,0,-0.01,-0.05,0
12:37:58,708.8,820.9,0,29.14,0,0,-18.48,0.45,309.8,0,-0.01,-0.05,0
12:37:59,708.8,820.9,0,29.14,0,0,-18.47,0.46,309.8,0,-0.01,-0.05,0
12:38:00,708.9,821,0,29.14,0,0,-18.47,0.46,309.8,0,-0.01,-0.05,0
12:38:01,708.9,821,0,29.13,0,0,-18.46,0.45,309.8,0,-0.01,-0.05,0
12:38:02,708.9,821,0,29.14,0,0,-18.47,0.45,309.8,0,-0.01,-0.05,0
12:38:03,708.9,821,0,29.15,0,0,-18.47,0.45,309.8,0,-0.01,-0.05,0
12:38:04,708.7,820.8,0,29.15,0,0,-18.47,0.45,309.8,0,-0.01,-0.05,0
12:38:05,708.7,820.8,0,29.15,0,0,-18.46,0.45,309.8,0,-0.01,-0.05,0
12:38:06,708.4,820.5,0,29.14,0,0,-18.46,0.46,309.8,0,-0.01,-0.05,0
12:38:07,708.4,820.4,0,29.13,0,0,-18.45,0.46,309.8,0,-0.01,-0.05,0
12:38:08,708.4,820.4,0,29.14,0,0,-18.45,0.45,309.8,0,-0.01,-0.05,0
12:38:09,708.4,820.4,0,29.15,0,0,-18.44,0.45,309.8,0,-0.01,-0.05,0
12:38:10,708.6,820.7,0,29.15,0,0,-18.44,0.45,309.8,0,-0.01,-0.05,0
12:38:11,708.7,820.8,0,29.14,0,0,-18.44,0.45,309.8,0,-0.01,-0.05,0
12:38:12,708.9,821,0,29.15,0,0,-18.44,0.45,309.8,0,-0.01,-0.05,0
12:38:13,709,821.1,0,29.14,0,0,-18.44,0.45,309.8,0,-0.01,-0.05,0
12:38:14,709,821.1,0,29.14,0,0,-18.44,0.45,309.8,0,-0.01,-0.05,0
12:38:15,709.1,821.2,0,29.15,0,0,-18.44,0.45,309.8,0,-0.01,-0.05,0
12:38:16,709.3,821.4,0,29.15,0,0,-18.41,0.45,309.8,0,-0.01,-0.05,0
12:38:17,709.2,821.3,0,29.15,0,0,-18.41,0.44,309.8,0,-0.01,-0.05,0
12:38:18,708.8,820.9,0,29.15,0,0,-18.41,0.43,309.8,0,-0.01,-0.05,0
12:38:19,708.6,820.7,0,29.15,0,0,-18.42,0.43,309.8,0,-0.01,-0.05,0
12:38:21,708.5,820.6,0,29.15,0,0,-18.42,0.42,309.9,0,-0.01,-0.05,0
12:38:22,708.6,820.7,0,29.15,0,0,-18.42,0.42,309.9,0,-0.01,-0.05,0
12:38:23,709,821.1,0,29.15,0,0,-18.41,0.41,309.9,0,-0.01,-0.05,0
12:38:24,709.2,821.3,0,29.13,0,0,-18.41,0.41,309.9,0,-0.01,-0.05,0
12:38:25,709.3,821.4,0,29.13,0,0,-18.41,0.4,309.9,0,-0.01,-0.05,0
12:38:26,709.5,821.6,0,29.13,0,0,-18.4,0.4,309.9,0,-0.01,-0.05,0
12:38:27,709.5,821.6,0,29.15,0,0,-18.39,0.4,309.9,0,-0.01,-0.05,0
12:38:28,709.4,821.5,0,29.14,0,0,-18.39,0.4,309.9,0,-0.01,-0.05,0
12:38:29,708.4,820.5,0,29.14,0,0,-18.39,0.38,309.9,0,-0.01,-0.05,0
12:38:30,708,820.1,0,29.14,0,0,-18.38,0.38,309.9,0,-0.01,-0.05,0
12:38:31,707.8,819.9,0,29.14,0,0,-18.38,0.38,309.9,0,-0.01,-0.05,0
12:38:32,707.8,819.9,0,29.14,0,0,-18.37,0.38,309.9,0,-0.01,-0.05,0
12:38:33,707.7,819.8,0,29.14,0,0,-18.38,0.4,309.9,0,-0.01,-0.05,0
12:38:34,708.1,820.1,0,29.13,0,0,-18.38,0.4,309.9,0,-0.01,-0.05,0
12:38:35,709.1,821.2,0,29.13,0,0,-18.37,0.4,309.9,0,-0.01,-0.05,0
12:38:36,709.7,821.8,0,29.13,0,0,-18.36,0.4,309.9,0,-0.01,-0.05,0
12:38:37,709.9,822,0,29.13,0,0,-18.36,0.4,309.9,0,-0.01,-0.05,0
12:38:38,710,822.1,0,29.13,0,0,-18.35,0.41,309.9,0,-0.01,-0.05,0
12:38:39,710.2,822.3,0,29.12,0,0,-18.35,0.41,309.9,0,-0.01,-0.05,0
12:38:40,710.1,822.2,0,29.12,0,0,-18.35,0.4,309.9,0,-0.01,-0.05,0
12:38:41,708.8,820.9,0,29.13,0,0,-18.34,0.4,309.9,0,-0.01,-0.05,0
12:38:42,708.1,820.2,0,29.13,0,0,-18.33,0.41,309.9,0,-0.01,-0.05,0
12:38:43,708,820.1,0,29.14,0,0,-18.33,0.41,309.9,0,-0.01,-0.05,0
12:38:44,707.9,820,0,29.15,0,0,-18.33,0.41,309.9,0,-0.01,-0.05,0
12:38:45,707.8,819.9,0,29.14,0,0,-18.31,0.42,309.9,0,-0.01,-0.05,0
12:38:46,,820.3,0,29.13,0,0,-18.33,0.42,309.9,0,-0.01,-0.05,0
